label,c1,c2,c3
pis,0.6564560036107014,0.1481702929567529,0.19537370343254548
Class-4-753_0,0.97397202598353,0.2641060655753015,0.9993060804625296
Class-32-486,0.022772690308834456,0.023749490218397933,0.010529234272388832
Class-9-599_0,0.0027491136569539683,0.029884528517598395,0.0060392152312241645
Class-0-593_70,0.0026740395791149587,0.03007166628920437,0.014985941383357553
Class-41-591,0.002423132995813808,0.020188989569152157,0.011698542517029703
Class-31-780_6,0.017283691821406124,0.07138358670071017,0.004074360058878658
Class-24-596_54,0.002552344788489708,0.01735389029321707,0.005590479526036619
Class-36-788_30,0.0025486247118663846,0.016319265664588967,0.008772827142305935
