label,c1,c2,c3
pis,0.9492168380619872,0.05045013871538821,3.3302322262451236E-4
Class-4-753_0,0.005079251936985421,0.01716870116047913,0.06991937329738872
Class-32-486,5.134526555520298E-4,0.08971173292467424,0.061500644450046306
Class-9-599_0,0.9284112870065103,0.9999465452527688,0.06969933224904157
Class-0-593_70,0.002133436934279688,5.440322937146523E-4,0.2321551959326667
Class-41-591,0.005159817723637156,0.0014697147690049298,0.14094466635074798
Class-31-780_6,0.005956875553050061,0.009424374684381655,0.13526931649719764
Class-24-596_54,0.013185397295914605,0.03245960701316008,0.12048552866769825
Class-36-788_30,0.004343304448331531,0.043370225413167575,0.17962856263337668
