label,c1,c2,c3
pis,0.31859681622175234,0.3417304287251511,0.3396727550530967
Class-4-753_0,0.9498499401332411,0.8460451103912361,0.9895176700685137
Class-32-486,0.8726195887064832,0.035966431425365195,0.84024754227193
Class-9-599_0,2.233644812838065E-4,0.014234621280369881,0.005005050501071997
Class-0-593_70,0.009847418720068682,0.014801227634039191,0.006925648988767342
Class-41-591,0.011782875701082047,0.013237461706448933,0.006546695376748265
Class-31-780_6,0.05848087372955708,0.08128252477491647,0.004890184397464589
Class-24-596_54,0.011787010440911017,0.014401200797955637,0.004516613289825049
Class-36-788_30,0.011965074904531223,0.012552984974828913,0.006094312708422411
