label,c1,c2,c3
pis,0.2116169847980357,0.7836050627627499,0.004777952439214401
Class-4-753_0,0.035334645426039576,0.00647307462773975,0.17849319396988136
Class-32-486,0.04654595400981664,0.0029310044529891176,0.173156660693596
Class-9-599_0,0.7186085354055229,0.9488089443364301,0.1003468254426767
Class-0-593_70,0.03799000346580689,9.68952635759772E-4,0.3646751862241514
Class-41-591,0.013174457737401045,0.008816535033308509,0.10827193241378112
Class-31-780_6,0.005000053616719746,0.0047359034999692245,0.07910765702196304
Class-24-596_54,0.05051764858172484,0.00654492230052682,0.0847856508569199
Class-36-788_30,0.017693666530364006,0.008427455215490015,0.08673995679183874
