label,c1,c2,c3
pis,0.1566535961204412,0.1666255336923039,0.6767208701872549
Class-4-753_0,0.010136381696306856,0.07901596097245063,0.012936707701961404
Class-32-486,0.050539617321772694,0.008720955907750252,0.01140719407474256
Class-9-599_0,0.06332845050946327,0.08325564700978862,0.00882849627929688
Class-0-593_70,0.03273137382503612,0.00498291603724409,0.13234711050130796
Class-41-591,0.008924423695750363,0.05615259817749689,0.011017598543099824
Class-31-780_6,0.01691584470532053,0.016217290084676143,0.00898801071301826
Class-24-596_54,0.007444443217867932,0.03502244493469399,0.005299938089027948
Class-36-788_30,0.007470849673561879,0.9999999424963696,0.9751817377921064
