label,c1,c2,c3
pis,0.40990225538818365,0.19455603096638707,0.3955417136454294
Class-4-753_0,0.10244493528935976,0.012450674185183853,0.996534442774601
Class-32-486,0.07545185832423015,0.01194808594500715,0.9467380678043857
Class-9-599_0,0.009265286528881339,0.023701526876211552,0.008664379100236276
Class-0-593_70,0.011046400773649327,0.009623698229391804,0.0047736175218519375
Class-41-591,0.015113627148721345,0.02246412886345767,0.005754257474858552
Class-31-780_6,0.9530651435188815,0.9165332706872894,0.0013862737680986473
Class-24-596_54,0.015118891978993099,0.009927278040614058,0.0025336975419442023
Class-36-788_30,0.015333729622332596,0.008810412784747128,0.0034583097102531624
