label,c1,c2,c3
pis,0.004120304691564279,0.06022583339141054,0.9356538619170252
Class-4-753_0,0.4716042456221367,0.39561042131868335,0.023192927605111303
Class-32-486,0.4585559870299099,0.030945689009305475,0.005631380432373499
Class-9-599_0,0.41741847066318777,0.11954847408898746,0.005629987280176678
Class-0-593_70,0.495437163913302,0.027783940291025964,0.003578286683808348
Class-41-591,0.4956822019969452,0.06135802455006332,0.00385453434520468
Class-31-780_6,0.05289259852701243,0.21510601865883053,0.006544600581740815
Class-24-596_54,0.49576484075884764,0.04962679796095734,0.0026818183565435237
Class-36-788_30,0.4958600172872427,0.029238312792395624,0.0036736930491397357
