label,c1,c2,c3
pis,0.00736583137550269,0.8962174105742559,0.09641675805024152
Class-4-753_0,0.21721832833661883,0.005264936819995941,0.008589114808399042
Class-32-486,0.12010909331562043,0.0076658464060765825,0.06099471266300275
Class-9-599_0,0.17560688275839278,0.0085470065348217,0.04884702124197994
Class-0-593_70,0.8535696190083173,0.9982712562403939,0.9666595881933422
Class-41-591,0.21974856862225012,0.9996616477556602,0.9733280688975493
Class-31-780_6,0.16063566962569698,0.005071280770528158,0.025917362560247126
Class-24-596_54,0.37113300388025633,0.014045429128471754,0.031583417835860786
Class-36-788_30,0.3744005224785273,0.01001342796097562,0.038897073995191746
