label,c1,c2,c3
pis,0.0021335298956054105,0.02974879987520676,0.9681176702291878
Class-4-753_0,0.4951657596661761,0.39561042131868335,0.021800731920526124
Class-32-486,0.4585559870299099,0.04268669748887684,0.011188924416868366
Class-9-599_0,0.4958170899220839,0.14493330886391775,0.008795734603803732
Class-0-593_70,0.495437163913302,0.02877120954451661,0.007035110734899273
Class-41-591,0.4956822019969452,0.10010256257686667,0.006844739972040096
Class-31-780_6,0.08597777098794841,0.21510601865883053,0.017254525346971288
Class-24-596_54,0.49576484075884764,0.04962679796095734,0.0053184401938016585
Class-36-788_30,0.4958600172872427,0.029238312792395624,0.0060896233094658485
