label,c1,c2,c3
pis,0.006427959333494207,0.0405531676695043,0.9530188729970015
Class-4-753_0,0.06531043556996116,0.05457295530203428,0.007409706073526682
Class-32-486,0.03253592029833953,0.0524015068314309,0.0032998852033260142
Class-9-599_0,0.4958170899220839,0.022724620880053076,0.02558000110042266
Class-0-593_70,0.4956437073173451,0.07433061462328774,0.034919017771803944
Class-41-591,0.39829515660457826,0.9832939171697742,0.8738192874120259
Class-31-780_6,0.38754877128814436,0.07704133823713841,0.009694740610901014
Class-24-596_54,0.3794087515211031,0.07773630384568019,0.008959531134539771
Class-36-788_30,0.3681693325631066,0.9955663847092981,0.626193208191303
