label,c1,c2,c3
pis,0.022153610092232344,0.07783018072043502,0.9000162091873326
Class-4-753_0,0.013694532396442501,0.03794142043378464,0.0028457774198197908
Class-32-486,0.002146125812373418,0.011111400359635084,0.0016388350055769173
Class-9-599_0,0.1289982737437853,0.14912373695928047,0.006458205035230937
Class-0-593_70,0.1677384690072415,0.999542196266327,0.9529064444233681
Class-41-591,0.026354601413446362,0.0024221306337927533,0.0014687532043329867
Class-31-780_6,0.009588528693912317,0.049372102957707276,0.0014264300967910396
Class-24-596_54,0.020363058775435632,0.029131869153408978,0.0014044902280046412
Class-36-788_30,0.019233009905841952,0.0536553128459112,0.003187109805392793
