label,c1,c2,c3
pis,0.9010826090922657,0.09633613604554325,0.002581254862191155
Class-4-753_0,0.003560699327293341,0.008494475236548551,0.04984620224237313
Class-32-486,1.8312584730171432E-4,0.06123378588427246,0.04538702901799235
Class-9-599_0,0.9543409396648527,0.9983799248888275,0.0438149154505446
Class-0-593_70,0.0012998834837657334,0.0012055925053488003,0.20359831706477396
Class-41-591,0.0024459269989969747,0.002234575942861401,0.11279862917866096
Class-31-780_6,0.00484658027136012,0.016544596724585484,0.09727287663849732
Class-24-596_54,0.008852403346367164,0.01355926006080706,0.06585718655356068
Class-36-788_30,0.002007618204448096,0.020549781316047015,0.12523640026431415
