label,c1,c2,c3
pis,0.9386756389578685,0.05647147093936794,0.004852890102763334
Class-4-753_0,0.003560699327293341,0.024198694827417093,0.00797569188623583
Class-32-486,9.90676944159142E-5,0.09178997114316105,0.03450708806532149
Class-9-599_0,0.9543409396648527,0.9992354670336863,0.03900048508910158
Class-0-593_70,0.009915363241651756,0.9462186920770684,0.981393498315418
Class-41-591,0.0024459269989969747,9.532752084290847E-4,0.003251266429751479
Class-31-780_6,0.004050241948316177,0.016989949549188588,0.029310418220827906
Class-24-596_54,0.008852403346367164,0.040336231832564566,0.02624753222097261
Class-36-788_30,0.002007618204448096,0.04904838826000346,0.02678140284793626
