label,c1,c2,c3
pis,0.06133063608652619,0.04721541565652618,0.8914539482569477
Class-4-753_0,0.26087891228241206,0.69815654773894,0.02418083715310135
Class-32-486,0.124449476793497,0.05529726607499037,0.010747783370865481
Class-9-599_0,0.004638741230791516,0.14830194358629625,0.00765812206909912
Class-0-593_70,0.06750316582751797,0.0538335794514517,0.011812557622172428
Class-41-591,0.0421013878746767,0.07259880067480375,0.0050337541528404405
Class-31-780_6,0.010656031445786375,0.0683394788032754,0.015446438586251285
Class-24-596_54,0.040375753173682444,0.05128012835098584,0.008428824492215761
Class-36-788_30,0.0400607564280859,0.04343391678749875,0.007884802552464275
