label,c1,c2,c3
pis,0.9974397754993003,0.0022888468903348633,2.713776103653796E-4
Class-4-753_0,0.031921795490433454,0.49590947984291606,0.3421660439181831
Class-32-486,0.010879154513631131,0.44431287601667774,0.041011909060825615
Class-9-599_0,6.339085546869294E-4,0.13989516950368755,0.13127000236496156
Class-0-593_70,6.13038250537815E-4,0.19152113873625048,0.4496760183636808
Class-41-591,5.4128839237296E-4,0.12715592111427956,0.3641978408085229
Class-31-780_6,0.9100239577999244,0.49499702418741287,0.20852119759043616
Class-24-596_54,5.776302954591468E-4,0.1978404140097893,0.16063900732902633
Class-36-788_30,5.765211811744038E-4,0.21908803033431073,0.20152900517979763
