label,c1,c2,c3
pis,0.016894844997220333,4.7084015181443785E-4,0.9826343148509653
Class-4-753_0,0.9992462003999105,0.7432154809874845,0.9995078955847465
Class-32-486,0.9992701336102255,0.4119025028832928,0.9988494090939787
Class-9-599_0,0.3859717809145582,0.485003660694293,0.02346720886674507
Class-0-593_70,0.3447992068566997,0.4934697861023262,0.002164890824868478
Class-41-591,0.4956822019969452,0.4945776825913341,0.013573272697015077
Class-31-780_6,0.1563221927668123,0.49499702418741287,0.010715798341703515
Class-24-596_54,0.49576484075884764,0.49398970299792394,0.01447540323728527
Class-36-788_30,0.4958600172872427,0.4937891831282697,0.010386470576537158
