label,c1,c2,c3
pis,0.05269397015062481,0.9290874159562952,0.01821861389307997
Class-4-753_0,0.013957207666761865,0.0012927156645852031,0.10176233761987111
Class-32-486,0.036682546981432924,5.176051979931507E-4,0.02341174695938447
Class-9-599_0,0.017457959101654135,0.008750630731729445,0.03195443370585192
Class-0-593_70,0.11053527000703217,0.01652860935280355,0.16047789718709088
Class-41-591,0.03849691094058555,0.0016146949454584113,0.12213298955692663
Class-31-780_6,0.01463589833453642,0.0038950112119580356,0.011480219155868785
Class-24-596_54,0.9966065528386985,0.8188448706120448,0.013118056153851454
Class-36-788_30,0.05799095078137944,0.9996375179691609,0.9112201350607864
