label,c1,c2,c3
pis,0.9969665641897552,0.0015187865649786503,0.001514649245266453
Class-4-753_0,3.034116958549194E-4,0.1012846276787628,0.011993599729893582
Class-32-486,2.9770012658698265E-6,0.10448172124556067,0.016530045530087138
Class-9-599_0,0.06332845050946327,0.20939165563493312,0.06483313623934497
Class-0-593_70,6.867341526256585E-5,0.14961354116245335,0.11557201256441624
Class-41-591,1.224497390644175E-4,0.006890529584652981,0.04383595453468688
Class-31-780_6,3.4245754123344224E-4,0.03723956929319828,0.04402370857275017
Class-24-596_54,0.0018260844087969509,0.10139195382196295,0.032634192713339234
Class-36-788_30,9.096773071699517E-5,0.08472062964089211,0.06998299466383562
