label,c1,c2,c3
pis,0.3387870960732374,0.007464309059227236,0.6537485948675353
Class-4-753_0,0.04180312879693819,0.19912581411187336,0.006539573366376367
Class-32-486,0.0740937910025706,0.10448172124556067,0.024259574813348006
Class-9-599_0,0.04035028810733807,0.1862554440352988,0.0054518357326845505
Class-0-593_70,0.03273137382503612,0.1708862242510357,0.013222892811038427
Class-41-591,0.008924423695750363,0.05615259817749689,0.004316541122428488
Class-31-780_6,0.01691584470532053,0.10007082826352137,0.021032747670197884
Class-24-596_54,0.007444443217867932,0.10139195382196295,0.015284739217496138
Class-36-788_30,0.007470849673561879,0.1427070344343834,0.011347201896729912
