label,c1,c2,c3
pis,0.0031677893594261658,0.003011520547276016,0.9938206900932978
Class-4-753_0,0.9995064244675389,0.6061507606007572,0.9989112412063164
Class-32-486,0.9993508950102816,0.21892228290394367,0.9945540384998629
Class-9-599_0,0.3859717809145582,0.11056792966726742,0.001979700311737994
Class-0-593_70,0.3447992068566997,0.1230438322471784,7.499724290310031E-4
Class-41-591,0.4956822019969452,0.1380204890256641,0.001055619967246797
Class-31-780_6,0.043465072937471705,0.06917440227895184,0.0035402369636965644
Class-24-596_54,0.49576484075884764,0.14543723561920857,0.0024922738836366917
Class-36-788_30,0.4958600172872427,0.12305794656269871,0.0012670519959870135
