label,c1,c2,c3
pis,0.029115523323230866,0.7690754663217568,0.20180901035501236
Class-4-753_0,0.09368278187274595,0.009846837346407393,0.07270259359697744
Class-32-486,0.11979544965527233,0.013158792747201881,0.02335604955816236
Class-9-599_0,0.23794436646661385,0.0042625107987169205,0.0158966621812951
Class-0-593_70,0.44706046531230303,0.041495426427134274,0.09309049277142493
Class-41-591,0.2779472188019109,0.9966666184937127,0.9883250575422409
Class-31-780_6,0.22372539805028738,0.01329590054018558,0.044834451021746165
Class-24-596_54,0.40137127636840464,0.023715491957805087,0.036624900630517
Class-36-788_30,0.34475329419019046,0.019580691794016874,0.12773874504325955
