label,c1,c2,c3
pis,0.23317108357500974,0.6740910212534685,0.09273789517152174
Class-4-753_0,0.0030467714246923783,5.072671849211183E-4,0.0029421275466321307
Class-32-486,8.09279409692098E-5,0.001295689479041497,0.019554229103134993
Class-9-599_0,0.015965155548435545,0.013165186922703524,0.022116634463135526
Class-0-593_70,0.08821623384544233,0.9874148524777536,0.9120070294024878
Class-41-591,0.005074243216068494,0.003358311402447605,0.005982580213083684
Class-31-780_6,0.0051739279261716585,6.889796867181676E-4,0.009282035515691827
Class-24-596_54,0.010619670908829343,0.0032997198287508718,0.009413387626558519
Class-36-788_30,0.013974113876866989,0.004217823871723968,0.010878276173964762
