label,c1,c2,c3
pis,6.465871946792131E-4,0.013199029710879391,0.9861543830944417
Class-4-753_0,0.9979643944198151,0.6081398596506923,0.9951271479330797
Class-32-486,0.4585559870299099,0.033006001066369695,0.008208876435895891
Class-9-599_0,0.008429253328812622,0.14118346457209782,0.0015851155500696372
Class-0-593_70,0.495437163913302,0.02877120954451661,9.093709569546778E-4
Class-41-591,0.4956822019969452,0.10010256257686667,7.709075978694282E-4
Class-31-780_6,0.048039278967206514,0.21510601865883053,0.004276761989679318
Class-24-596_54,0.49576484075884764,0.04962679796095734,0.001210114317622496
Class-36-788_30,0.4958600172872427,0.029238312792395624,0.0012752780678492621
