label,c1,c2,c3
pis,0.02596957974607216,0.032623998169985104,0.9414064220839427
Class-4-753_0,0.9977633935744136,0.3807947599931804,0.9966932789458266
Class-32-486,0.4585559870299099,0.023076098094456435,0.02366385079291432
Class-9-599_0,0.41741847066318777,0.4297618600616028,0.006351694498268919
Class-0-593_70,0.495437163913302,0.12250153305996653,0.0027139968331563644
Class-41-591,0.4956822019969452,0.17854140705297242,0.004909822232885602
Class-31-780_6,0.13445866634518924,0.18653916959365213,0.003928587106863812
Class-24-596_54,0.49576484075884764,0.07299186228374736,0.004931805136545215
Class-36-788_30,0.4958600172872427,0.0484360889673801,0.004891449682213005
