label,c1,c2,c3
pis,0.10220689216926053,0.701568542282559,0.1962245655481804
Class-4-753_0,0.04760599070451934,0.042850342110989155,0.033002938273047705
Class-32-486,0.05200224348812056,0.004058186853244117,0.04159159369472071
Class-9-599_0,0.06786762400710908,0.01443074649727557,0.020610896947308874
Class-0-593_70,0.5521836175311767,0.987681046893202,0.9366639210138157
Class-41-591,0.03553584662078388,0.85974569023379,0.3568823917563842
Class-31-780_6,0.010190280157406794,0.004231386876425149,0.019171999710596337
Class-24-596_54,0.0553210452631613,0.017517414741538277,0.021883073498541527
Class-36-788_30,0.04400176118039079,0.012520376163355324,0.025118133083407938
