label,c1,c2,c3
pis,0.005709475617436603,0.840964089130852,0.1533264352517114
Class-4-753_0,0.03742234562060201,0.0036899593695366483,0.024100730924223275
Class-32-486,0.0762378909958007,5.973739853263485E-4,0.017997459434285018
Class-9-599_0,0.07567501603616952,0.003981520074165818,0.004026090578406646
Class-0-593_70,0.13038797123428217,0.009811182672707329,0.04536765598157117
Class-41-591,0.03553584662078388,0.9920686036329103,0.9106039249670418
Class-31-780_6,0.011648558529645508,0.002573389526812668,0.0047491021790718865
Class-24-596_54,0.0553210452631613,0.001476427192625719,0.0046033820301969956
Class-36-788_30,0.055960501891678116,0.002663897212865294,0.011145279352275968
