label,c1,c2,c3
pis,0.03879063416277341,0.006182956689888846,0.9550264091473377
Class-4-753_0,0.9998949010788393,0.7822064252342736,0.9998604730761058
Class-32-486,0.49532062398444465,0.3958180050714035,0.018401367769952395
Class-9-599_0,0.37949227180637746,0.44680659544674134,0.003449421083959801
Class-0-593_70,0.4956437073173451,0.29646949568975334,5.159551900599902E-4
Class-41-591,0.4956822019969452,0.4945776825913341,0.001189517284640064
Class-31-780_6,0.2788972909090406,0.49499702418741287,0.0035838883945481666
Class-24-596_54,0.49576484075884764,0.49398970299792394,0.0035985295957845016
Class-36-788_30,0.4958600172872427,0.4795853069103509,0.003426363448978809
