label,c1,c2,c3
pis,0.008725056487917092,0.9748536028714451,0.01642134064063773
Class-4-753_0,0.14679643949776172,0.003409385691518243,0.0984827008670962
Class-32-486,0.14242009981863815,0.008027629335806202,0.009431778848246843
Class-9-599_0,0.17560688275839278,6.871877925915256E-5,0.023217955933450576
Class-0-593_70,0.43104278694251724,0.039608109936304314,0.14041935291467433
Class-41-591,0.21974856862225012,0.9994147240412564,0.9985794344509195
Class-31-780_6,0.186455299802251,0.003870761815083055,0.0732504540841948
Class-24-596_54,0.37113300388025633,0.007753997815712154,0.04136159034239767
Class-36-788_30,0.2708223883272527,0.009199039370289545,0.17420815860000616
