label,c1,c2,c3
pis,0.04175607565255431,0.023717958596292447,0.9345259657511532
Class-4-753_0,0.9885554381018145,0.43952001510409516,0.15332942232933025
Class-32-486,0.1488780653431185,0.0169166756609658,0.010543429655404103
Class-9-599_0,0.001038359880278755,0.23975147162929436,0.0010953292297136302
Class-0-593_70,0.09414331144859557,0.04722555445452012,0.0027139968331563644
Class-41-591,0.041258807249317256,0.06819355177082748,6.411470897719482E-4
Class-31-780_6,0.010355367217608843,0.12658174168352818,0.0015331434694327273
Class-24-596_54,0.03670227611717535,0.04772393127886987,0.001527950794539609
Class-36-788_30,0.036790951629196864,0.04187821245388712,0.0013818027403650038
