label,c1,c2,c3
pis,8.22174297456348E-4,0.024073965032515916,0.9751038606700276
Class-4-753_0,0.9999087717889378,0.6609276976899046,0.9998900600197088
Class-32-486,0.4403166916069694,0.006335452299212367,0.002679519296757954
Class-9-599_0,0.4958170899220839,0.06312936173739139,2.0079979795033082E-4
Class-0-593_70,0.4953338927908738,0.005139130602285789,2.220346015369422E-4
Class-41-591,0.4956822019969452,0.036149150945865564,1.431202787889105E-4
Class-31-780_6,0.011297163623424826,0.1265713651418035,0.0015319000476113139
Class-24-596_54,0.49576484075884764,0.011932745465347876,1.618951918607389E-4
Class-36-788_30,0.4958600172872427,0.005264560040578977,1.9520629634637126E-4
