label,c1,c2,c3
pis,0.8110219813823318,0.08547696894883013,0.10350104966883822
Class-4-753_0,0.001105782040437455,0.056683860534710036,0.006164709229471028
Class-32-486,6.659140294908892E-5,0.003996285707719519,0.002648865099726214
Class-9-599_0,0.05288848893300895,0.09499900285516465,0.004559297292889239
Class-0-593_70,0.0016631877835823004,0.0037277449447319314,0.03057877680613126
Class-41-591,0.0024459269989969747,0.017169377525108855,0.018308509752650953
Class-31-780_6,0.0011949564991666967,0.019683097090989313,0.002443524326905934
Class-24-596_54,0.014655879586127579,0.02298641920990807,0.002202398413617659
Class-36-788_30,0.002007618204448096,0.9998474913924731,0.6159911934756048
