label,c1,c2,c3
pis,0.9222296395209805,0.0583270566573352,0.019443303821684375
Class-4-753_0,0.9826434659359943,0.6081398596506923,0.9993060804625296
Class-32-486,0.035080955691709506,0.05350672779787692,0.07627181632318815
Class-9-599_0,1.950091700933661E-5,0.09835293788007445,0.021713183464399752
Class-0-593_70,0.003532956146839844,0.024350325516226404,0.01667284060140941
Class-41-591,0.0027321891971349263,0.05201321281414551,0.01671777643614743
Class-31-780_6,0.07253738344787722,0.38211610041538124,0.014907643954249072
Class-24-596_54,0.0027331789543808323,0.04263837346881995,0.016862090927546435
Class-36-788_30,0.0027885313561144334,0.033527086381805904,0.01681784818723754
