label,c1,c2,c3
pis,0.3358469980494874,0.23611828272158294,0.42803471922892955
Class-4-753_0,0.12704641517269857,0.2635924975699359,0.03744384470521511
Class-32-486,0.04807681839883902,0.040384397618759824,0.02248415964879805
Class-9-599_0,0.004548099434960359,0.07560835657078835,0.027782478356878144
Class-0-593_70,0.006764576123361545,0.02005937188310852,0.013942321827685135
Class-41-591,0.005395156699599182,0.03329290642597895,0.019390003278657697
Class-31-780_6,0.0261889774007274,0.040377687274009234,0.0075702160725023854
Class-24-596_54,0.005397085593853848,0.02552093416716778,0.012979062541612157
Class-36-788_30,0.005493562468585152,0.018108025160368583,0.013114257234956272
