label,c1,c2,c3
pis,0.07446036683895917,8.289904761017662E-4,0.924710642684939
Class-4-753_0,0.9822182737897349,0.9322760337348461,0.984326290846163
Class-32-486,0.985175239367372,0.15357094643667682,0.9664683403571621
Class-9-599_0,0.0775393238737802,0.2648592982732661,0.002484135600690803
Class-0-593_70,0.05936335830758976,0.2539423280990329,0.0011807986548926217
Class-41-591,0.041258807249317256,0.13141661202224605,0.0012166138037248535
Class-31-780_6,0.0015555647383692541,0.05247299490101384,0.002696858787010783
Class-24-596_54,0.03670227611717535,0.15112693680088737,0.0030243315808692324
Class-36-788_30,0.036790951629196864,0.18927752167718578,0.00209775479486301
