label,c1,c2,c3
pis,0.00803317350880799,0.01286701291279262,0.9790998135783995
Class-4-753_0,0.9996587058245587,0.5743998340968601,0.9999759118306664
Class-32-486,0.05847280587404113,8.30488385777992E-4,0.004194498756511314
Class-9-599_0,0.04147880906598283,0.1607991886006862,6.307115385035905E-5
Class-0-593_70,0.01890874675260998,0.0260694582242841,8.091601318060331E-4
Class-41-591,0.004102203880240535,0.03596463834423379,2.4052055689884104E-5
Class-31-780_6,1.3908733120694607E-4,0.03340217347947918,1.275086301582488E-4
Class-24-596_54,0.003316706497344706,0.005375804428591999,1.0585044787660475E-4
Class-36-788_30,0.003330282839396602,0.01250430025844199,8.957954546293639E-5
