label,c1,c2,c3
pis,0.3245521128873845,0.6658500588082646,0.009597828304350879
Class-4-753_0,0.6194722171407904,0.9420113022436257,0.2549442556669676
Class-32-486,0.08667813631255995,0.025054231212404535,0.0858461590948376
Class-9-599_0,0.005714032889878544,0.006025803269188046,0.15107520398362603
Class-0-593_70,0.0055811887510442085,0.004614900872792876,0.14656396515846115
Class-41-591,0.005117832455912873,0.011945338022572867,0.10437352725917116
Class-31-780_6,0.05186576673111506,0.006641043411036993,0.22098432443424149
Class-24-596_54,0.005355393035695673,0.012983169397633316,0.16186090022768473
Class-36-788_30,0.005348834910253082,0.012027189868691146,0.17041159996338182
