label,c1,c2,c3
pis,0.12465870797842159,0.0020199841710449185,0.8733213078505334
Class-4-753_0,0.9987422057335444,0.9865196993618339,0.9999185889585668
Class-32-486,0.9984140073258166,0.07247488635052952,0.9994430722106243
Class-9-599_0,0.03801377669787497,0.20189695663149668,0.0015885562746529708
Class-0-593_70,0.015741208825564155,0.1708862242510357,0.002991559840289866
Class-41-591,0.008924423695750363,0.05615259817749689,4.544476301633982E-4
Class-31-780_6,0.0023139798125707514,0.10007082826352137,0.0015688071102587364
Class-24-596_54,0.007444443217867932,0.10139195382196295,0.001821181964976102
Class-36-788_30,0.007470849673561879,0.1427070344343834,0.0012380066278138491
