label,c1,c2,c3
pis,0.9921853370273805,0.006922995505926863,8.916674666925097E-4
Class-4-753_0,0.0031969682792448123,0.024198694827417093,0.04984620224237313
Class-32-486,0.035684139661050704,0.09178997114316105,0.9891321668932362
Class-9-599_0,0.09132035546970596,0.9995427578943156,0.14338726564615797
Class-0-593_70,7.89104008891275E-4,0.0016373836497229827,0.1171118666743965
Class-41-591,0.0024459269989969747,0.0034351578157018115,0.11279862917866096
Class-31-780_6,0.002380878491957084,0.016989949549188588,0.04682933520537791
Class-24-596_54,0.008852403346367164,0.040336231832564566,0.05792195137532478
Class-36-788_30,0.002007618204448096,0.04904838826000346,0.08378486061920598
