label,c1,c2,c3
pis,0.9946806443725972,0.0014874428072767605,0.003831912820126172
Class-4-753_0,0.9893616839429105,0.7432154809874845,0.9999129691081904
Class-32-486,0.03369591906489255,0.22707816587181973,0.04950534413963506
Class-9-599_0,6.339085546869294E-4,0.06029436638280529,0.04031606744619088
Class-0-593_70,6.13038250537815E-4,0.03685060137552127,4.2238502599172944E-4
Class-41-591,5.4128839237296E-4,0.12715592111427956,0.018092599623055268
Class-31-780_6,0.0835918253003724,0.2818483903729022,0.03410307356851176
Class-24-596_54,5.776302954591468E-4,0.1978404140097893,0.037269698180084535
Class-36-788_30,5.765211811744038E-4,0.21908803033431073,0.03364034327454541
