label,c1,c2,c3
pis,0.03664222172612118,0.06422916378129467,0.8991286144925842
Class-4-753_0,0.04827200628923589,0.16483735830164734,0.011452013545123143
Class-32-486,0.3040329314365364,0.12518081665770597,0.002549103490869009
Class-9-599_0,0.12864785132516646,0.07187606190689493,0.010130047489018383
Class-0-593_70,0.12520761350557236,0.05350993553635184,0.006188205033996779
Class-41-591,0.13463196527895407,0.16401453033556002,0.009624917693591742
Class-31-780_6,0.022541951740477757,2.5410050395523914E-4,0.006982266300092273
Class-24-596_54,0.14081317148701525,0.08010905067354787,0.0044259339680748485
Class-36-788_30,0.1389591425013134,0.1013701297999607,0.007768468034136518
