label,c1,c2,c3
pis,0.022184985567523022,0.23586120168998514,0.741953812742492
Class-4-753_0,0.06906210335620032,0.011092109144678994,0.9462596674932806
Class-32-486,0.001580101564729084,0.008714477552626252,0.0036201929597251066
Class-9-599_0,0.03769567603914137,0.011452561165316844,0.0010934798520648727
Class-0-593_70,0.047401879947134115,0.02535004457561424,0.011377436972238872
Class-41-591,0.0416059797257666,0.034446756151189896,0.005850105756873252
Class-31-780_6,0.8979380722474154,0.8135974442926659,0.001072370776226945
Class-24-596_54,0.0416198532651476,0.009737033425745978,8.252659736156642E-4
Class-36-788_30,0.04205443863311607,0.017115188189865176,0.0021828231578177454
