label,c1,c2,c3
pis,0.011043821069518452,0.014594545521514339,0.9743616334089673
Class-4-753_0,0.9995148319439005,0.7432154809874845,0.9992084380858108
Class-32-486,0.49532062398444465,0.03555339135784177,0.011912803965511063
Class-9-599_0,0.39830278268426816,0.4454644412113576,0.0018937861097911306
Class-0-593_70,0.49538552830287064,0.11945564259289294,6.24567286862256E-4
Class-41-591,0.4956822019969452,0.4945776825913341,0.0011119020489488403
Class-31-780_6,0.04854994640075658,0.3553241952691144,9.932574587653141E-4
Class-24-596_54,0.49576484075884764,0.12591272750982052,0.0013212799503616115
Class-36-788_30,0.4958600172872427,0.1542282670617086,0.001307516918344734
