label,c1,c2,c3
pis,0.039282890607976136,0.9126160408232812,0.04810106856874265
Class-4-753_0,0.08288192347766463,0.019419901628297483,0.045530617750997815
Class-32-486,0.00770912902639466,0.009494498425209223,0.07548798851694571
Class-9-599_0,0.9543409396648527,0.9992078075776659,0.02908493348809849
Class-0-593_70,0.09830951298101963,0.17456090921765913,0.9441280973211851
Class-41-591,0.041258807249317256,8.680711979234642E-4,0.0035590076902461106
Class-31-780_6,0.01627091407253085,0.011543676681713164,0.015023339274080349
Class-24-596_54,0.020160553973484523,0.009011762967499485,0.016376583322935886
Class-36-788_30,0.036790951629196864,0.010986905701613177,0.009389541761955073
