label,c1,c2,c3
pis,0.02196369034699715,0.8005467008602499,0.17748960879275286
Class-4-753_0,0.4164635466903914,0.028221811798801764,0.23944210977936276
Class-32-486,0.8999463777943357,0.03856107740481123,0.9199758058873644
Class-9-599_0,0.8229182504878103,0.4187582508592524,0.07196423638378144
Class-0-593_70,0.37053126285111887,0.005189566004586578,0.31507157906345656
Class-41-591,0.4956822019969452,0.08227177566735881,0.37505156609389084
Class-31-780_6,0.2083213316489284,0.06434607319667357,0.08746997726274981
Class-24-596_54,0.4324275510148813,0.03466419194685569,0.14164992448586766
Class-36-788_30,0.4958600172872427,0.07835155292215096,0.11496705228787095
