label,c1,c2,c3
pis,0.905649875059216,0.09393657610167597,4.13548839108146E-4
Class-4-753_0,0.002306254935431621,0.005823171321761327,0.09042005347041591
Class-32-486,0.004045521456030466,0.003580531401699036,0.23433028490588942
Class-9-599_0,7.034844898413034E-4,3.4131015651441606E-4,0.04523984573632892
Class-0-593_70,0.002894526646957097,0.024378907786910247,0.22783182437580726
Class-41-591,2.7693823808473683E-4,0.8739710282162781,0.8954761189189507
Class-31-780_6,5.024943478781381E-4,8.204542433914399E-4,0.17810594835988314
Class-24-596_54,0.9607110869928639,0.991080376727224,0.13580286270772596
Class-36-788_30,3.035463092745138E-4,0.008111305000794157,0.1398864244741674
