label,c1,c2,c3
pis,0.04567836330301189,0.7936576150631911,0.16066402163379687
Class-4-753_0,0.042458806437704166,0.01305588636909381,0.04023490360004186
Class-32-486,0.08736201067967979,0.019548866850024327,0.01778507391276585
Class-9-599_0,0.16608446820417844,0.02288372721779954,0.023750944649424826
Class-0-593_70,0.4677072169995533,0.9719489234986579,0.9277013379105461
Class-41-591,0.10423435102088775,0.01915042814477339,0.06538016896768642
Class-31-780_6,0.09195320219238734,0.017455150063763,0.028769880143320242
Class-24-596_54,0.3599293706826367,0.021867222402492944,0.027587276740490562
Class-36-788_30,0.15507543148247677,0.0646126972222857,0.052411279912896014
