label,c1,c2,c3
pis,0.7392850033850596,0.24044474067801475,0.02027025593692564
Class-4-753_0,0.010161337651012386,0.0025421424277747157,0.09786805822611605
Class-32-486,0.0073392629624983345,0.0054231985468985834,0.08794141645960414
Class-9-599_0,0.01605800178039096,0.004063880308519444,0.08959756224399043
Class-0-593_70,0.030358068173954277,0.09998085415080302,0.28938271913660335
Class-41-591,0.013910195883724389,0.01271097631117354,0.1223943927780034
Class-31-780_6,0.0073179579134641185,0.0010638578669745805,0.16889222869839787
Class-24-596_54,0.01580471608667078,0.01411533869078118,0.15351155850546178
Class-36-788_30,0.026569817566195097,0.02608025284368792,0.2132829230842328
