label,c1,c2,c3
pis,0.0023541060805213976,0.4273327226256611,0.5703131712938175
Class-4-753_0,0.028229915617250155,0.010003527890829998,0.0030959016625625372
Class-32-486,0.04767460982038654,0.003645157299240581,0.011201579818598489
Class-9-599_0,0.1416593262124025,1.5346796877909442E-4,0.0010771592500523287
Class-0-593_70,0.44453871107099513,0.9654045473845427,0.9362366530313819
Class-41-591,0.041258807249317256,0.016706750391429402,0.0036785858908199654
Class-31-780_6,0.052457459580125695,0.10306891372392382,0.002673730170397667
Class-24-596_54,0.03670227611717535,0.0035829989189663522,0.0018865567564547302
Class-36-788_30,0.02315565152027086,0.019040255694248567,0.002288824362959205
