label,c1,c2,c3
pis,0.17822150516298807,0.8203419809959716,0.0014365138410404412
Class-4-753_0,2.8848654570603804E-4,0.22362274096521628,0.10816153913367751
Class-32-486,2.126637440700104E-5,0.005911134437957136,0.06328329210052248
Class-9-599_0,0.004548099434960359,0.003604638763635149,0.09740974803610974
Class-0-593_70,0.006771518847869505,0.005958251609475096,0.08876273788087424
Class-41-591,0.005395156699599182,0.0017177025301199477,0.07253391440978006
Class-31-780_6,0.9990584527068948,0.904290184495162,0.06044011983985754
Class-24-596_54,0.005397085593853848,0.004893524237400188,0.05228563548566904
Class-36-788_30,0.005493562468585152,0.00489924376623314,0.09361049795728131
