label,c1,c2,c3
pis,0.030514417842621183,0.8764221025094205,0.09306347964795836
Class-4-753_0,0.033632311962411676,0.0046654678101949905,0.007260159895305699
Class-32-486,0.009088984763742095,0.0037575667222657446,0.010220173750538828
Class-9-599_0,0.07696563532599746,0.0036459199699781864,0.011093331108522746
Class-0-593_70,0.18750686703519512,0.8009400905286177,0.6560836657091301
Class-41-591,0.04405313440532504,0.2514724868869273,0.3376608677743664
Class-31-780_6,0.04299362944503392,0.005748396581474577,0.01105903625491087
Class-24-596_54,0.07135723156089477,0.00885311852761215,0.008406044385905512
Class-36-788_30,0.07684681629914483,0.02176110750760183,0.010068588241153338
