label,c1,c2,c3
pis,0.011352415337546433,0.7188966505669011,0.26975093409555245
Class-4-753_0,0.03390517755438109,0.004098360080853291,0.020549408067939114
Class-32-486,0.061488721094456175,9.740969608394499E-4,0.009418807258973117
Class-9-599_0,0.1031917705710896,0.013033019739379188,0.003078168940804496
Class-0-593_70,0.17020408219857477,0.010222610200816187,0.05985700101953391
Class-41-591,0.05987591174937095,0.7920651978594315,0.5078177244413069
Class-31-780_6,0.021540656962783407,0.01502803180576685,0.0036363649864629855
Class-24-596_54,0.08567957283059939,0.003134077985673472,0.0033010857935300655
Class-36-788_30,0.08648240541661453,0.004082996955966099,0.009250792353896422
