label,c1,c2,c3
pis,0.9927223418066852,0.0037451741586171866,0.0035324840346974183
Class-4-753_0,0.014305232327047727,0.29533230417082856,0.023320482377467817
Class-32-486,0.9298906928450584,0.00710338609278742,0.9953719870676428
Class-9-599_0,2.1111492034005328E-4,0.04460854500558121,0.004841872078742526
Class-0-593_70,2.201269847110675E-4,0.01785206215499068,0.014840405961593492
Class-41-591,1.0863046215303875E-4,0.01392778166518169,0.004942559769169012
Class-31-780_6,0.0015611857819743341,0.08245834741026682,0.0018416644949540515
Class-24-596_54,9.328920515477715E-5,0.005990502692109505,0.0035607147885824177
Class-36-788_30,9.521837426259438E-5,0.012443588704153257,0.0027366797942379095
