label,c1,c2,c3
pis,0.05991673711820846,0.015318521096697565,0.9247647417850939
Class-4-753_0,0.9984070765266335,0.7432154809874845,0.9998878631779767
Class-32-486,0.15093315696006013,0.03555339135784177,0.017032434054586983
Class-9-599_0,0.12012823224056829,0.4756681844772586,0.008912848867833544
Class-0-593_70,0.08115973139812298,0.21429552945934519,0.005343657990520003
Class-41-591,0.08936242757872198,0.4945776825913341,0.006022658045104534
Class-31-780_6,0.019883408193039395,0.3553241952691144,0.0038206710352281484
Class-24-596_54,0.09479409725047754,0.12591272750982052,0.00554644095311871
Class-36-788_30,0.09314607073677457,0.16051075675523307,0.005143578201792818
