label,c1,c2,c3
pis,0.3580283504956937,0.5373330727547673,0.10463857674953903
Class-4-753_0,1.0979352916152014E-4,0.00191545499522097,0.04436219764240446
Class-32-486,0.03483345095632943,0.005972217069154852,0.8324795541245812
Class-9-599_0,0.003512951672334418,0.007709248217912827,0.013663650352769846
Class-0-593_70,0.0046041306272291025,0.007021988199325631,0.04938229801587144
Class-41-591,0.005682951587129282,0.014290684735708756,0.06630501665281881
Class-31-780_6,0.9382698407400342,0.8880018600030948,0.0032725894403041493
Class-24-596_54,0.005684981149338983,0.0023087427810487378,0.004499630816407388
Class-36-788_30,0.0057855664455585595,0.003703783408680822,0.010859004577338413
