label,c1,c2,c3
pis,0.5011636639171699,0.058723983803526544,0.44011235227930356
Class-4-753_0,0.004429001336317917,0.022372326787905638,0.011993599729893582
Class-32-486,2.11403824359941E-5,0.05704206800283459,0.010372131737287297
Class-9-599_0,0.9838833634120936,0.008466265816014786,0.009832131639197763
Class-0-593_70,0.0024639842504589993,0.12742515456208792,0.14492184758292975
Class-41-591,0.005180057148959892,0.017507920718632816,0.04383595453468688
Class-31-780_6,0.010787989218452688,0.047936938701032335,0.03455435886974576
Class-24-596_54,0.0033006653068703984,0.02066556858778134,0.01859468147725894
Class-36-788_30,0.0029337953124397124,0.02095791806699898,0.05196347449047926
