label,c1,c2,c3
pis,0.06891226952309223,0.9222948339279958,0.008792896548911995
Class-4-753_0,0.009606180959662222,0.0018936843143185426,0.02982183656617177
Class-32-486,0.02503261203508243,0.002310415687473591,0.026434832751770214
Class-9-599_0,0.7472683033020777,0.855428479674621,0.008154757137887395
Class-0-593_70,0.17654161723179818,0.6025828744549871,0.9149332172118876
Class-41-591,0.013174457737401045,0.12527712150941503,0.13864653786305625
Class-31-780_6,0.00446958795431083,0.002122346688800259,0.008640043063094403
Class-24-596_54,0.044547404468261546,0.002904911714287868,0.00858891813139697
Class-36-788_30,0.017693666530364006,0.0034284893354556627,0.012435757152814744
