label,c1,c2,c3
pis,0.00935736149711784,0.006729716896276987,0.9839129216066052
Class-4-753_0,0.9840113954972785,0.8597693232326566,0.9753091294985006
Class-32-486,0.07930991515359592,0.010618101803056225,0.003201473024588805
Class-9-599_0,0.001038359880278755,0.09438374989099238,2.675525218144704E-4
Class-0-593_70,0.09414331144859557,0.044990924475474654,9.696123110515E-4
Class-41-591,0.041258807249317256,0.022008211068982732,3.332330428022098E-4
Class-31-780_6,0.005160640493071056,0.07129475854871192,4.948206506758798E-4
Class-24-596_54,0.03670227611717535,0.04772393127886987,5.713352046479105E-4
Class-36-788_30,0.036790951629196864,0.04187821245388712,6.549272654398373E-4
