label,c1,c2,c3
pis,0.03269568687633637,0.028406543478469357,0.9388977696451941
Class-4-753_0,0.9984070765266335,0.5129300867355022,0.9998878631779767
Class-32-486,0.12880122073478847,0.03555339135784177,0.01363124076554136
Class-9-599_0,3.5973655492854917E-4,0.3213855935541596,0.00854581904102009
Class-0-593_70,0.08115973139812298,0.07909851140190273,0.005343657990520003
Class-41-591,0.08936242757872198,0.1878717936274061,0.005820182504817753
Class-31-780_6,0.048517245337875256,0.19940457871951797,0.0038206710352281484
Class-24-596_54,0.09479409725047754,0.12591272750982052,0.00554644095311871
Class-36-788_30,0.09314607073677457,0.08068328624140977,0.005143578201792818
