label,c1,c2,c3
pis,0.19954404477361942,0.528714274428986,0.27174168079739464
Class-4-753_0,0.0509906077721558,0.005491453158633372,0.020264528815622268
Class-32-486,0.027420310987358067,0.007067903655123086,5.06065982371076E-4
Class-9-599_0,0.6356314920543131,0.08927056003397231,0.249929938802653
Class-0-593_70,0.3815595333207569,0.985783363960887,0.17533604163162234
Class-41-591,0.012181059959266884,0.1911138800232259,0.5193509688462538
Class-31-780_6,0.012726651029343493,0.002811744184715075,0.0260303288838676
Class-24-596_54,0.022358379390904196,0.011081857574349575,0.023319486059616555
Class-36-788_30,0.022713010645261843,0.008493668126951355,0.025486514012241734
