label,c1,c2,c3
pis,0.652285100796455,0.33477836487687557,0.012936534326669238
Class-4-753_0,0.025335488376535216,0.005674010523311988,0.1785244338478271
Class-32-486,0.024409091386465832,0.0064427320995940575,0.25940381960898223
Class-9-599_0,0.015369649264843263,0.08003039644558908,0.08959768352570752
Class-0-593_70,0.04089174724434028,0.15553481758770332,0.4945578278170471
Class-41-591,0.004110041824539862,0.014016568508845818,0.04860531146042832
Class-31-780_6,0.005433450792079574,0.001803047292838935,0.23097919953664656
Class-24-596_54,0.008852247372887896,0.01461489328100948,0.1834429441486213
Class-36-788_30,0.009029721761703292,0.022543482537667137,0.16685629628744483
