label,c1,c2,c3
pis,0.002805840271688774,0.008636676899319068,0.9885574828289921
Class-4-753_0,0.11470800298667999,0.012638107639747695,0.9963196607262174
Class-32-486,0.3440378227341475,0.015243969373415798,0.9048859376015349
Class-9-599_0,0.4073894841040026,0.1505534778690075,0.002312888037339326
Class-0-593_70,0.37334459865585695,0.056748315661457556,0.001387409559300182
Class-41-591,0.4956822019969452,0.008024397032028544,0.0017946510890322995
Class-31-780_6,0.9530651435188815,0.9008879703815835,3.56285710704457E-4
Class-24-596_54,0.49576484075884764,0.07405746470381767,6.496185219291435E-4
Class-36-788_30,0.4958600172872427,0.016636762643991696,7.156099473933456E-4
