label,c1,c2,c3
pis,0.04621419358627186,0.9430421149136835,0.010743691500044816
Class-4-753_0,0.9433074488710604,0.9957049069313304,0.003842034202364847
Class-32-486,0.04018452544728347,2.4349106585088492E-4,0.01603362801409155
Class-9-599_0,0.014489782871467285,0.0023733638509891544,0.0023760515535810483
Class-0-593_70,0.01088906183265213,0.002452281521554432,0.02458615521298706
Class-41-591,0.0018806760604032553,3.878967833379752E-4,0.0013903248210275709
Class-31-780_6,0.00444590805150492,0.0027707270170546,0.009955081179173042
Class-24-596_54,0.0014742854611834112,7.290136093529545E-4,0.007710460950433695
Class-36-788_30,0.0014811166656774405,0.0011083565210854576,0.006350775243101589
