label,c1,c2,c3
pis,0.001192502388176144,0.006301784802660265,0.9925057128091637
Class-4-753_0,0.018201063063131434,0.0217094163859071,6.623242902918205E-4
Class-32-486,0.07962889842963324,0.011291728673905868,2.740041131743014E-4
Class-9-599_0,1.5905379698372916E-4,0.024680982864085148,8.427211113982812E-5
Class-0-593_70,0.05600449625519974,0.09839061669985918,0.0014460012366032118
Class-41-591,0.019305370515847024,0.02226967630780965,4.1199408282052805E-4
Class-31-780_6,0.0326723435306714,0.1322215934094613,1.546654459414844E-4
Class-24-596_54,0.016623586130462636,0.008634896917703564,1.339595371498926E-4
Class-36-788_30,0.016673294885053615,0.028412207603882342,3.709686061255229E-4
