label,c1,c2,c3
pis,0.02472027735236649,0.9729098452547672,0.0023698773928662546
Class-4-753_0,0.010317997762940543,3.2929096666375397E-4,0.07247237777442132
Class-32-486,0.014011122173142291,3.4252454227270035E-4,0.14240713329077315
Class-9-599_0,0.007136900034157074,2.2874692406017378E-4,0.018001155957779395
Class-0-593_70,0.06791896250422612,0.032166886492395935,0.532435813713641
Class-41-591,0.009481224302068929,4.2982540334341254E-4,0.09157688790038349
Class-31-780_6,0.008638607221645816,4.0876331930384885E-4,0.08730427955305103
Class-24-596_54,0.025711664943243676,0.0010977230842858648,0.08759698817189861
Class-36-788_30,0.019702859307505528,0.003177109072254261,0.09191175025743951
