label,c1,c2,c3
pis,0.6611121907909002,0.29777159628283595,0.04111621292626372
Class-4-753_0,0.031250919843795126,0.03304119523552374,0.2270254635435165
Class-32-486,0.11509098260907248,0.03504541985654789,0.14440138849347012
Class-9-599_0,0.028262123432159166,0.08900257412281314,0.08440173172155079
Class-0-593_70,0.014922879380490481,0.08150527050447721,0.10995813683167063
Class-41-591,0.006765739608760751,0.01603764242806269,0.10861140715994402
Class-31-780_6,0.03785062770092239,0.016364775083168494,0.22590024079375767
Class-24-596_54,0.006310968762483121,0.03213649374483327,0.21588944154301803
Class-36-788_30,0.006228200040863005,0.024198116742710836,0.1916377394384458
