label,c1,c2,c3
pis,0.347091498684451,0.005499217684451137,0.647409283631098
Class-4-753_0,0.014364969540675992,0.04107234625902531,0.019434642363184092
Class-32-486,0.12260244223116502,0.05959884690427,0.14880410659821786
Class-9-599_0,0.016957152853417166,0.6182115336494527,0.7442844981457908
Class-0-593_70,0.0035743831298056805,0.14822335972917133,6.483285489893481E-4
Class-41-591,0.012317584397247068,0.01756126409105932,0.054427113094568866
Class-31-780_6,0.009381103198663952,0.07628296081364014,0.008624315596407537
Class-24-596_54,0.00848084850618424,0.03844422829284721,0.010697512167407299
Class-36-788_30,0.011679336098110947,0.05347535470615003,0.028948653320178038
