label,c1,c2,c3
pis,0.22904377265578243,0.7189937006150439,0.051962526729173654
Class-4-753_0,0.0393019383759352,0.009432363108933266,0.16697485704199896
Class-32-486,0.06996177034435987,0.018353657179769257,0.10503324751374277
Class-9-599_0,0.04505457233127483,0.025076557998701673,0.05150405567305309
Class-0-593_70,0.09884173097039925,0.09589774909587212,0.4945578278170471
Class-41-591,0.020870567562854117,0.0020757610976919303,0.11020260531561343
Class-31-780_6,0.01143811113692452,0.005870146662776719,0.2265149355482357
Class-24-596_54,0.03530399617929323,0.012963979988205426,0.1555629691935495
Class-36-788_30,0.035788565329387005,0.02254726872773401,0.21122208832196196
