label,c1,c2,c3
pis,0.9914489556439028,0.008513723146841755,3.732120925536333E-5
Class-4-753_0,4.6674675414043736E-4,0.005115268835384234,0.011993599729893582
Class-32-486,2.2461961515573122E-4,0.03146395523694337,0.016530045530087138
Class-9-599_0,0.9897288742048365,0.9999903219807611,0.06483313623934497
Class-0-593_70,6.485059532124344E-4,6.728780770885376E-5,0.11557201256441624
Class-41-591,1.224497390644175E-4,3.5757503513338313E-4,0.04383595453468688
Class-31-780_6,3.4245754123344224E-4,0.0022898195937644974,0.04402370857275017
Class-24-596_54,9.971384311856025E-4,0.008645972372966156,0.032634192713339234
Class-36-788_30,9.096773071699517E-5,0.011721248207338488,0.06998299466383562
