label,c1,c2,c3
pis,0.006999515613854249,0.01290812590110054,0.9800923584850453
Class-4-753_0,0.9987678525832132,0.27716570703960164,0.9988487770566814
Class-32-486,0.06876718507970432,0.0022770947407773734,0.0011107966841534848
Class-9-599_0,0.04035028810733807,0.08743999095081058,3.675647229272924E-5
Class-0-593_70,0.03269215839481828,0.011056667906292951,1.4349913764044925E-4
Class-41-591,0.008924423695750363,0.010430441635721733,1.643322543084633E-5
Class-31-780_6,0.0010777015064111783,0.021032149644226044,6.087926548347896E-5
Class-24-596_54,0.007444443217867932,0.011227348073090487,6.0588385341945706E-5
Class-36-788_30,0.007470849673561879,0.009167403584442683,5.2078750078013595E-5
