label,c1,c2,c3
pis,0.9625598019030458,0.03646319402828358,9.770040686708729E-4
Class-4-753_0,0.003560699327293341,0.024198694827417093,0.04984620224237313
Class-32-486,1.8312584730171432E-4,0.06749530198640624,0.03571543603962595
Class-9-599_0,0.9543409396648527,0.999482156990599,0.14338726564615797
Class-0-593_70,0.0012998834837657334,0.0015796832847272556,0.20359831706477396
Class-41-591,0.0024459269989969747,0.002021536180918091,0.09208543825500251
Class-31-780_6,0.002883086700279441,0.016989949549188588,0.0642316730079716
Class-24-596_54,0.008852403346367164,0.040336231832564566,0.06178092178259656
Class-36-788_30,0.002007618204448096,0.04904838826000346,0.1251860205249562
