label,c1,c2,c3
pis,0.17914784299416753,0.7648134956948883,0.05603866131094413
Class-4-753_0,0.029836211643860328,0.01982428993764228,0.08264279930914303
Class-32-486,0.01337881900337301,0.009623755911645545,0.049336039827165175
Class-9-599_0,0.07021269362294504,0.0023413335740440546,0.047889836282153736
Class-0-593_70,0.04286085045070323,0.0223535607027514,0.10447653639571795
Class-41-591,0.05159724013178714,0.19442297665137548,0.7028361975916596
Class-31-780_6,0.014548259064531114,0.027086011750125837,0.06478949856593086
Class-24-596_54,0.9520615695648641,0.4847166791135667,0.04035264020010763
Class-36-788_30,0.052546661462397254,0.012614416407857853,0.07635884191622518
