label,c1,c2,c3
pis,0.7216359575468461,0.27383261284570776,0.004531429607446201
Class-4-753_0,0.003560699327293341,0.010924380663411311,0.04107288362536509
Class-32-486,1.5802598572384516E-4,0.009494498425209223,0.02203967400463023
Class-9-599_0,0.9543409396648527,0.9992078075776659,0.04502195283578274
Class-0-593_70,0.0012988113068143428,2.349632980534389E-4,0.09820498007703245
Class-41-591,0.0024459269989969747,0.0010861622024442635,0.04570466667568736
Class-31-780_6,8.49904612216279E-4,0.0057430615954939465,0.021129458124025762
Class-24-596_54,0.008852403346367164,0.009011762967499485,0.02150983862941628
Class-36-788_30,0.002007618204448096,0.007455945695730376,0.0370363979063094
