label,c1,c2,c3
pis,0.5408537801965831,0.09373172798973729,0.36541449181367963
Class-4-753_0,0.9681846551757759,0.5627059577280684,0.990983267946814
Class-32-486,0.9608768899408,0.21530256803146802,0.955090593558951
Class-9-599_0,0.02907664954202215,0.053581893614228035,0.032552682057377234
Class-0-593_70,0.033097373565927665,0.0413605019442446,0.011754020257803307
Class-41-591,0.0416059797257666,0.030557808036480033,0.01348359846980683
Class-31-780_6,0.03947008965421594,0.027330882096413118,0.02394688944598933
Class-24-596_54,0.0416198532651476,0.10958259670430155,0.02646992475243688
Class-36-788_30,0.04205443863311607,0.049617412082999635,0.025760462634342073
