label,c1,c2,c3
pis,0.038654158804347236,0.059385871226393834,0.9019599699692591
Class-4-753_0,0.46145505449048185,0.34345150501061245,0.07256462818995203
Class-32-486,0.9993508950102816,0.2813280703788406,0.9990621818313364
Class-9-599_0,0.3859717809145582,0.11438459329519057,0.044046289481621266
Class-0-593_70,0.3447992068566997,0.1230438322471784,0.03946014275163248
Class-41-591,0.4956822019969452,0.1380204890256641,0.047066257454042096
Class-31-780_6,0.09005723753993024,0.06917440227895184,0.06594246501738023
Class-24-596_54,0.49576484075884764,0.14543723561920857,0.053269023874102504
Class-36-788_30,0.4958600172872427,0.12305794656269871,0.02872543160570152
