label,c1,c2,c3
pis,0.13794055468111732,0.2381783545137384,0.6238810908051443
Class-4-753_0,0.010931523747230512,0.005291810632298523,0.009094733431718871
Class-32-486,0.014973840617495519,0.013389882779522437,0.006913112544790392
Class-9-599_0,0.17560688275839278,0.10343556575350954,0.044620559927349264
Class-0-593_70,0.43104278694251724,0.17726934563468746,0.00849681038990251
Class-41-591,0.1635159923596639,0.9809967557068621,0.9758531271894818
Class-31-780_6,0.6476043438513532,0.0074330485131286796,0.012548137544535763
Class-24-596_54,0.2756277881687482,0.04722506387415065,0.010907383645213426
Class-36-788_30,0.3095494322522354,0.9999067528391896,0.9256217389069494
