label,c1,c2,c3
pis,0.05561297038182604,0.006571530307938576,0.9378154993102354
Class-4-753_0,0.9872653354752866,0.9204947643140309,0.9858368646650333
Class-32-486,0.9714880451555216,0.0169166756609658,0.9370609348611888
Class-9-599_0,0.0775393238737802,0.158637331205445,4.182190920883682E-4
Class-0-593_70,0.059317238432557526,0.04722555445452012,0.0014100354096426837
Class-41-591,0.041258807249317256,0.06819355177082748,6.411470897719482E-4
Class-31-780_6,0.0025355674143318348,0.12658174168352818,5.914634728807992E-4
Class-24-596_54,0.03670227611717535,0.04772393127886987,9.07648354900291E-4
Class-36-788_30,0.036790951629196864,0.04187821245388712,7.150094898514514E-4
