label,c1,c2,c3
pis,0.39465502492903715,0.5462056446863646,0.05913933038459828
Class-4-753_0,0.011073437736761718,0.0022229785175652303,0.04546843958235263
Class-32-486,0.638873073645359,7.780067943334088E-4,0.9507481609889497
Class-9-599_0,0.017649389153606334,0.03982665505268897,0.02099606264287264
Class-0-593_70,0.05616285397796561,0.7128916106525087,0.835190862792838
Class-41-591,0.00381769483300448,0.0013556204005420406,0.009261975726529599
Class-31-780_6,7.773540436675183E-4,0.0015054599860766936,0.00833735787482594
Class-24-596_54,0.035813060259095905,0.004792946650388428,0.014046658091316912
Class-36-788_30,0.006887970116690759,0.0035296187603138336,0.00904641990821724
