label,c1,c2,c3
pis,0.06544806855916213,0.07790534898920541,0.8566465824516325
Class-4-753_0,0.027688306519764106,0.1586417941638482,0.006407696191813419
Class-32-486,0.006571698148085583,0.09695537910442116,0.002997769908825515
Class-9-599_0,0.10744782696323409,0.2503233931215428,0.012050468616388726
Class-0-593_70,0.26883921298698127,0.9988910765999138,0.9808211622056199
Class-41-591,0.09967844936126476,0.006923164336766503,0.005060184450030738
Class-31-780_6,0.11871895669213674,0.12438671341607509,0.008232235662080714
Class-24-596_54,0.08400116688529191,0.1328698034206489,0.0074756664849257096
Class-36-788_30,0.09731915747365014,0.2313327014897685,0.01842525400555938
