label,c1,c2,c3
pis,0.02778014844308992,0.016812235678286682,0.9554076158786234
Class-4-753_0,0.9977324953811028,0.5511142362839317,0.9993060804625296
Class-32-486,0.996731760685665,0.06630890330050469,0.9914065115852434
Class-9-599_0,0.4073894841040026,0.45374875563195716,0.021713183464399752
Class-0-593_70,0.37334459865585695,0.12250153305996653,0.008720888370553702
Class-41-591,0.4956822019969452,0.32126288256843416,0.01671777643614743
Class-31-780_6,0.0707400410983605,0.38211610041538124,0.005798852377266335
Class-24-596_54,0.49576484075884764,0.17438235635743715,0.010079427560500093
Class-36-788_30,0.4958600172872427,0.12439552203745387,0.008767741496236084
