label,c1,c2,c3
pis,0.06474963399174022,0.06373778460431698,0.8715125814039428
Class-4-753_0,0.9767521849086972,0.39778807344438055,0.9755623664026438
Class-32-486,0.974919747118583,0.21409660094898028,0.9044542347083887
Class-9-599_0,0.03205598191230791,0.03915313870732326,0.02943021724879823
Class-0-593_70,0.41831299710802655,0.2787216000373523,0.004581159206431799
Class-41-591,0.4956822019969452,0.2854001892768137,0.052346714182151304
Class-31-780_6,0.2992565270800822,0.41701133085471226,0.030875560973822293
Class-24-596_54,0.49576484075884764,0.21869150041084176,0.038918128759683084
Class-36-788_30,0.4958600172872427,0.35731823853093025,0.03326619296317327
