label,c1,c2,c3
pis,0.033403473972881,0.030406668440569763,0.9361898575865492
Class-4-753_0,0.46572948714548373,0.49590947984291606,0.05146053335513967
Class-32-486,0.49532062398444465,0.49449230394733484,0.06882243646597158
Class-9-599_0,0.39830278268426816,0.4642172801003272,0.07357805843935435
Class-0-593_70,0.4956437073173451,0.4934697861023262,0.01726858178565292
Class-41-591,0.4956822019969452,0.4945776825913341,0.04140271869105128
Class-31-780_6,0.4960425879576517,0.49499702418741287,0.042791267646890195
Class-24-596_54,0.49576484075884764,0.49398970299792394,0.06374364710221586
Class-36-788_30,0.4958600172872427,0.4937891831282697,0.058198978946906135
