label,c1,c2,c3
pis,0.08407658553599197,0.0761181496123529,0.8398052648516552
Class-4-753_0,7.706587253251495E-4,0.0016043725993250524,0.994009269019874
Class-32-486,9.703734203092429E-6,0.05192585178341562,0.0029341929320001554
Class-9-599_0,0.013201487572304186,0.004863045194920584,0.0017834342242501395
Class-0-593_70,0.018091188776249413,0.061002410680737786,0.0029180033577653444
Class-41-591,0.015113627148721345,0.009645445258645129,0.002062299425161404
Class-31-780_6,0.9992985445573009,0.47034394173638017,0.0018707241403094499
Class-24-596_54,0.015118891978993099,0.026193164085331167,0.0013534547942839923
Class-36-788_30,0.010991429369265346,0.025683778518602388,0.004039214496002332
