label,c1,c2,c3
pis,0.23522864455136147,0.07950574470700132,0.6852656107416372
Class-4-753_0,0.02982242012428273,0.00462117841033698,0.04260939044619214
Class-32-486,0.9944278776885465,0.007821587905144948,0.170514145775642
Class-9-599_0,0.9229599169238846,0.8784911910220433,0.9467392018360504
Class-0-593_70,0.275439982243674,0.33062170913744426,7.374597491540939E-4
Class-41-591,0.17085251032961643,0.12787291163557582,0.8022938312072162
Class-31-780_6,0.06127490079828514,0.008163089354988667,0.013829694586569248
Class-24-596_54,0.3418718161706988,0.022751239154129133,0.01831717827037747
Class-36-788_30,0.3457914791426767,0.060665674355391636,0.043325511455005586
