label,c1,c2,c3
pis,0.010155068549442025,0.7063456296728943,0.28349930177766375
Class-4-753_0,0.007946402190862463,9.063858042752264E-4,0.004332248642879924
Class-32-486,0.029287610185434316,6.236559304342209E-4,0.009285268275189834
Class-9-599_0,0.05285382422001443,0.0022243706731015474,0.004767227310857317
Class-0-593_70,0.3947460464816471,0.85166113050346,0.6335392664536169
Class-41-591,0.034703709542556284,0.9257369992514485,0.3769701227328597
Class-31-780_6,0.032538109502844956,0.0021002116074478913,0.002701100644488076
Class-24-596_54,0.06906771087911283,0.0025561953345341936,0.002321194448225159
Class-36-788_30,0.05756721048583906,0.0028389399473071433,0.004884846637276228
