label,c1,c2,c3
pis,0.6970972906296224,0.2953003832448133,0.00760232612556426
Class-4-753_0,0.0038084970082773195,0.008875877432629126,0.16503559329495363
Class-32-486,5.230828751817933E-4,0.001674428125551016,0.0011634467913820212
Class-9-599_0,0.6356314920543131,0.564718507261197,0.6984349741679873
Class-0-593_70,0.0012826713893162281,0.07708056795060564,0.008733635138849373
Class-41-591,0.0010112277788636246,0.005132205346683324,0.03446853037388626
Class-31-780_6,2.6836486001768407E-4,0.0017332999153122919,0.0604937040929248
Class-24-596_54,0.013658065362391485,0.00735903190406936,0.06012334864165614
Class-36-788_30,0.0016312467028002302,0.010827679399076797,0.05642307895664191
