label,c1,c2,c3
pis,0.005195161994939323,0.004140871400382002,0.9906639666046786
Class-4-753_0,0.10069009087127677,0.20118436961467662,0.0012200018767465572
Class-32-486,0.10205424068697495,0.008676607365001211,0.001775977389048068
Class-9-599_0,0.06638476213910992,0.19799471827954368,6.651547595295944E-4
Class-0-593_70,0.05594991926652361,0.022999307851634714,0.001434355869606575
Class-41-591,0.019305370515847024,0.03686090379227485,3.287445743830895E-4
Class-31-780_6,0.007264820437810422,0.08245834741026682,4.3663156916530374E-4
Class-24-596_54,0.016623586130462636,0.023299072946039192,6.408171459948976E-4
Class-36-788_30,0.016673294885053615,0.0197133227144598,5.729484570577746E-4
