label,c1,c2,c3
pis,0.11165597479131655,0.8749246477510021,0.01341937745768135
Class-4-753_0,0.006823909908483819,0.0011737411640250549,0.058453892367599826
Class-32-486,0.016991648171931783,9.482802555614084E-4,0.14451976426723281
Class-9-599_0,0.012674950451628792,0.004173108143095164,0.05850355966024051
Class-0-593_70,0.041095030896997474,0.03673573109635704,0.5485807439340008
Class-41-591,0.004110041824539862,0.014016568508845818,0.04860531146042832
Class-31-780_6,0.005433450792079574,0.0012703588830901761,0.06503113624296093
Class-24-596_54,0.008852247372887896,0.0021443054955679005,0.05751809064204491
Class-36-788_30,0.005941483769820424,0.002557137715444048,0.05854532396790658
