label,c1,c2,c3
pis,0.003915132959032712,0.9734956358013482,0.022589231239619173
Class-4-753_0,0.4951657596661761,0.012635875970169878,0.4444309717219551
Class-32-486,0.4585559870299099,0.0038184112415900672,0.2528938433765248
Class-9-599_0,0.4958170899220839,0.01807110061030675,0.12220301366327167
Class-0-593_70,0.495437163913302,0.002613283853085364,0.29418482239019206
Class-41-591,0.4956822019969452,0.0198584893886354,0.2691856614958928
Class-31-780_6,0.19714592753933932,0.00240929699855108,0.1419175960389233
Class-24-596_54,0.49576484075884764,0.009920621849669157,0.1716244566799477
Class-36-788_30,0.4958600172872427,0.007006597486680982,0.175204851522754
