label,c1,c2,c3
pis,0.9093904862665622,0.009194853036370729,0.08141466069706704
Class-4-753_0,0.007941110229680332,0.09883424582534157,0.0483775557540793
Class-32-486,0.05638388934544702,0.08281715519443707,0.22664443374169946
Class-9-599_0,0.8190587095763568,0.32222376844267603,0.4743862588465913
Class-0-593_70,0.0023846194599581637,0.06911183335052812,0.005795530114043531
Class-41-591,0.005159817723637156,0.02295287420205781,0.11865950865622231
Class-31-780_6,0.004308264472961747,0.071098362728206,0.03461526538685311
Class-24-596_54,0.02450068651729852,0.09442592595667057,0.04007305953376401
Class-36-788_30,0.004343304448331531,0.10104572048304776,0.07827178701957604
