label,c1,c2,c3
pis,0.11788998232160207,0.010031530445497237,0.8720784872329007
Class-4-753_0,0.18053233668283386,0.4376540034990518,0.14316745519729987
Class-32-486,0.987954256083515,0.3197952096969359,0.9857413420126299
Class-9-599_0,0.0012230237517006238,0.16223028691897737,0.08195072128531536
Class-0-593_70,0.07990368320597245,0.17131196435928214,0.024185272208132096
Class-41-591,0.13463196527895407,0.18697279024441815,0.05794446348104153
Class-31-780_6,0.08506289208249837,0.11070546483663062,0.06620551490496246
Class-24-596_54,0.14081317148701525,0.19442893467814462,0.060562623682979225
Class-36-788_30,0.1389591425013134,0.17136310554471493,0.05152019733977818
