label,c1,c2,c3
pis,0.33272446870407335,0.33245409663387904,0.3348214346620477
Class-4-753_0,0.29671351201816476,0.1294471918201742,0.4948969932820045
Class-32-486,0.49532062398444465,0.0976501150608487,0.49454366535721944
Class-9-599_0,0.4958170899220839,0.12963276918153016,0.49387677006585257
Class-0-593_70,0.4956437073173451,0.1294895245956446,0.4945578278170471
Class-41-591,0.4956822019969452,0.13056490290990266,0.49438695647965014
Class-31-780_6,0.2854483893555219,0.11876543033856678,0.49410320546586056
Class-24-596_54,0.49576484075884764,0.1194647868153246,0.49394966837965953
Class-36-788_30,0.4958600172872427,0.11128606949383303,0.4941133568353166
