label,c1,c2,c3
pis,0.049567448680772445,0.9495269826631849,9.055686560428121E-4
Class-4-753_0,0.014543575372526863,7.601968616853817E-4,0.11191768977637381
Class-32-486,0.015862505840338784,7.146689866514959E-4,0.12953999660183332
Class-9-599_0,0.7947422320203633,0.9825821539897754,0.009302181263753049
Class-0-593_70,0.05886240615044962,2.0950519340882825E-4,0.33141787740037004
Class-41-591,0.012181059959266884,9.967133214468693E-4,0.03356427429278796
Class-31-780_6,0.002246436212480659,3.2342357325452944E-4,0.05000962483730178
Class-24-596_54,0.013546778727481482,0.0011739002496716968,0.0596585846404759
Class-36-788_30,0.016315625895393523,9.40335297898793E-4,0.034114636129043134
