label,c1,c2,c3
pis,0.9992672402334651,6.801870202120629E-4,5.257274632268662E-5
Class-4-753_0,0.012326513376960052,0.49590947984291606,0.4948969932820045
Class-32-486,0.015450129027904921,0.43437935397107863,0.1938474242082407
Class-9-599_0,1.4593259244482975E-4,0.10201441823266467,0.49387677006585257
Class-0-593_70,1.4020300399948394E-4,0.14841508953427052,0.4540442083649886
Class-41-591,1.207381022906307E-4,0.09052236057663009,0.47844899613470027
Class-31-780_6,0.9428736700400905,0.10396700790899202,0.5200578722024687
Class-24-596_54,1.3052563895121636E-4,0.11206517336326391,0.4601384175958905
Class-36-788_30,1.3021489978984061E-4,0.13046236779445983,0.4388327221797228
