label,c1,c2,c3
pis,0.019616326988011426,0.13199078133385922,0.8483928916781293
Class-4-753_0,0.9680152618939489,0.2721860722465145,0.9894983292679311
Class-32-486,0.21211052309669154,0.02580339179680889,0.03579959913851344
Class-9-599_0,0.20499464119339478,0.1369292971426317,0.005443983291431507
Class-0-593_70,0.15415160445278983,0.07469340730084387,0.004130034605825913
Class-41-591,0.0859880485673562,0.0636474754255243,0.005373572176624148
Class-31-780_6,0.03155871068934456,0.08232373405280324,0.005456518367610958
Class-24-596_54,0.07908255594098151,0.043548592692161554,0.010304812719820063
Class-36-788_30,0.07922644613163003,0.0461556129629331,0.013059243089749577
