label,c1,c2,c3
pis,0.054033642317267115,0.008711418400930853,0.937254939281802
Class-4-753_0,0.06402821478830528,0.2610964142661936,0.0018853903147332705
Class-32-486,0.08435274742886135,0.10448172124556067,0.005965312372518226
Class-9-599_0,0.03338448401208911,0.17726708294334215,0.0015740927200542949
Class-0-593_70,0.03273137382503612,0.1708862242510357,0.002517269759426015
Class-41-591,0.008924423695750363,0.05615259817749689,5.028271716498421E-4
Class-31-780_6,0.01691584470532053,0.10007082826352137,0.00253499465988433
Class-24-596_54,0.007444443217867932,0.10139195382196295,0.0031610200016520076
Class-36-788_30,0.007470849673561879,0.1427070344343834,0.0024426528102892177
