label,c1,c2,c3
pis,0.5135622684147058,0.16108503230246732,0.3253526992828268
Class-4-753_0,0.10244493528935976,0.012450674185183853,0.9981115973035719
Class-32-486,0.07545185832423015,0.012825702994522934,0.9847044280795573
Class-9-599_0,0.009265286528881339,0.023701526876211552,0.010259627589870774
Class-0-593_70,0.011046400773649327,0.009623698229391804,0.0047736175218519375
Class-41-591,0.015113627148721345,0.02246412886345767,0.005754257474858552
Class-31-780_6,0.9530651435188815,0.9330099213201398,0.0018064838292604392
Class-24-596_54,0.015118891978993099,0.01364258937175444,0.0035767858369552875
Class-36-788_30,0.015333729622332596,0.008810412784747128,0.0034583097102531624
