label,c1,c2,c3
pis,0.8839565885748185,0.007868482922398841,0.10817492850278276
Class-4-753_0,0.011457724995539646,0.0022975393770399374,0.9992973255571161
Class-32-486,0.032283674761675096,0.11459084821005397,0.9899932436837772
Class-9-599_0,0.002911904007271378,0.04274866281889555,0.004624728472198242
Class-0-593_70,0.003637591709339718,0.07962637068340621,7.830750041269371E-4
Class-41-591,0.005395156699599182,0.021814672591572392,0.0016704609460088153
Class-31-780_6,0.995018461470627,0.983638095106766,9.82143070934439E-4
Class-24-596_54,0.005397085593853848,0.06826135280962702,0.001274985820309922
Class-36-788_30,0.005493562468585152,0.07240048715340479,0.001938907746027161
