label,c1,c2,c3
pis,0.0017171188063896826,0.1399480607479456,0.8583348204456646
Class-4-753_0,0.4716042456221367,0.11013641624267759,0.021852449760102838
Class-32-486,0.3141880972517579,0.01955414570018585,0.02336088026658939
Class-9-599_0,0.41741847066318777,0.09304126546406793,0.00966311068583058
Class-0-593_70,0.495437163913302,0.04930290232960761,0.016449285096892904
Class-41-591,0.4956822019969452,0.2358700697475227,0.029469265388611575
Class-31-780_6,0.044101179177297986,0.06023855049300144,0.00433358049968897
Class-24-596_54,0.49576484075884764,0.03810825970371935,0.008603111883553784
Class-36-788_30,0.4958600172872427,0.0352762138205725,0.009074928747881754
