label,c1,c2,c3
pis,0.901199742829206,0.051463664125993215,0.047336593044800944
Class-4-753_0,0.9991002237577635,0.7822064252342736,0.9999188916960758
Class-32-486,0.03363680969336947,0.14630047454930156,0.013030866811101466
Class-9-599_0,0.0015579291355257686,0.009462947482419319,0.0013418686377834595
Class-0-593_70,0.002516422385514578,0.017152401137169905,7.981689390034814E-4
Class-41-591,0.0019137814658090947,0.011212608036052396,6.187288228694406E-4
Class-31-780_6,0.06682299248954077,0.22430113979073127,0.021543220341579353
Class-24-596_54,0.0019144790968210154,0.022506856530336374,0.0016530704761781206
Class-36-788_30,0.001955617553596398,0.020898727476143394,0.001921336373753627
