label,c1,c2,c3
pis,0.9854854700821873,0.014076977458730254,4.375524590822805E-4
Class-4-753_0,0.059664629176132855,0.8338258193554178,0.17017505571172825
Class-32-486,0.020342416167770473,0.25479934117500547,0.10649765409491538
Class-9-599_0,4.1921690524779895E-4,0.018054543581350183,0.07143761941935023
Class-0-593_70,0.0010015725176102384,0.05281717249826766,0.1357292554563817
Class-41-591,7.297995186956184E-4,0.025990434350022764,0.16158757296929227
Class-31-780_6,0.4960425879576517,0.4882451867830337,0.10383645155034917
Class-24-596_54,7.300697713778704E-4,0.045298977437016906,0.10879906972805192
Class-36-788_30,7.481923700715541E-4,0.06362887787710717,0.15530926203837897
