label,c1,c2,c3
pis,0.02286139943802073,0.8788815874836469,0.09825701307833228
Class-4-753_0,0.03690608158648504,0.0014149416085387436,0.020993779880927495
Class-32-486,0.03732472720828013,0.0017540470851546573,0.051824392654024755
Class-9-599_0,0.034514764993549864,0.004210957301978912,0.018403740614373124
Class-0-593_70,0.3815595333207569,0.9972915478116421,0.9958521701596755
Class-41-591,0.012181059959266884,4.0227743674531427E-4,0.00188338476183936
Class-31-780_6,0.015202861313536925,0.0029199907216274075,0.012561559839544276
Class-24-596_54,0.022358379390904196,0.002727373660849628,0.01182721457404836
Class-36-788_30,0.016315625895393523,0.005000043421461738,0.010876414192236866
