label,c1,c2,c3
pis,0.553143102499913,0.0804113721297731,0.3664455253703139
Class-4-753_0,0.9896504767868315,0.29782542293218234,0.9993060804625296
Class-32-486,0.9705193304123307,0.02717582380887669,0.9795410574482835
Class-9-599_0,0.009265286528881339,0.04689789072285688,0.0060392152312241645
Class-0-593_70,0.011046400773649327,0.030988124376976397,0.008720888370553702
Class-41-591,0.015113627148721345,0.03788661519087891,0.013381777908090288
Class-31-780_6,0.0707400410983605,0.37575831960603423,0.002647946768902413
Class-24-596_54,0.015118891978993099,0.022461702406255633,0.004387632938931511
Class-36-788_30,0.015333729622332596,0.02088027518001302,0.00576101030776641
