label,c1,c2,c3
pis,0.03165454775240091,0.9657384065822349,0.0026070456653641376
Class-4-753_0,0.5653432854338143,0.9605053939189114,0.026274811916379297
Class-32-486,0.037023402720584124,0.0023739088869448597,0.009587461086922131
Class-9-599_0,0.004548099434960359,0.0016711982559779526,0.016642559918857665
Class-0-593_70,0.006771518847869505,0.001852254502931282,0.029494964172992372
Class-41-591,0.005395156699599182,0.0018358425774250612,0.029480460237295593
Class-31-780_6,0.1944518932453589,0.05141823046919457,0.05142817137035138
Class-24-596_54,0.005397085593853848,0.0011202338615709094,0.006065945617872056
Class-36-788_30,0.005493562468585152,0.0016308159679725774,0.013223977103616214
