label,c1,c2,c3
pis,0.9822450252781091,0.01687224051823396,8.827342036570355E-4
Class-4-753_0,0.004467167854880615,0.024198694827417093,0.04984620224237313
Class-32-486,1.8312584730171432E-4,0.09178997114316105,0.04679771535281251
Class-9-599_0,0.015263123812529379,0.2904939244296333,0.14338726564615797
Class-0-593_70,0.0012998834837657334,0.0016373836497229827,0.20359831706477396
Class-41-591,0.0024459269989969747,0.016930924487181767,0.11279862917866096
Class-31-780_6,0.00484658027136012,0.016989949549188588,0.11305927380885494
Class-24-596_54,0.007105813474842572,0.040336231832564566,0.09384678558311321
Class-36-788_30,0.002007618204448096,0.1449254200989098,0.15027026023027729
