label,c1,c2,c3
pis,0.6443478190657269,0.05379503864134691,0.30185714229292615
Class-4-753_0,0.07495975145155914,0.14397489866521485,0.07994716924433977
Class-32-486,0.9987504577491705,0.8423324566980348,0.9892658440085043
Class-9-599_0,0.09065457145924784,0.2623928892459765,0.06560483449036941
Class-0-593_70,0.0816829082130512,0.28248319676293393,0.10005244201924174
Class-41-591,0.05982198783020439,0.16041534486181086,0.05265054393915933
Class-31-780_6,0.03447839922482259,0.21592154177123654,0.05417368502309842
Class-24-596_54,0.05410520731987016,0.19766676610305348,0.06946035813918593
Class-36-788_30,0.05421994279750595,0.1990188282247327,0.057274202237979646
