label,c1,c2,c3
pis,0.003190056725839061,0.03370925992590267,0.963100683348258
Class-4-753_0,0.8955118800196377,0.4095912669508322,0.9391854185669235
Class-32-486,0.35051579688895484,0.0540302381836232,0.008041041821857171
Class-9-599_0,0.00978242793634164,0.186505933233545,0.005534440302781169
Class-0-593_70,0.19859088205385264,0.05944841991577077,0.010214415119049716
Class-41-591,0.2369710227276166,0.10415791982651838,0.00934292365466283
Class-31-780_6,0.09986547535508404,0.004777557592207782,0.007341000264415783
Class-24-596_54,0.24292709710809668,0.08892534737998505,0.0057974767248238955
Class-36-788_30,0.24118634332517175,0.08163695311403142,0.008255135009823122
