label,c1,c2,c3
pis,0.8716821438549602,0.12496939449395106,0.003348461651089017
Class-4-753_0,0.003560699327293341,0.01623229715655014,0.04107288362536509
Class-32-486,1.5802598572384516E-4,0.009494498425209223,0.02203967400463023
Class-9-599_0,0.9543409396648527,0.9994776555426349,0.04502195283578274
Class-0-593_70,0.0012988113068143428,2.0802254008659175E-4,0.09820498007703245
Class-41-591,0.0024459269989969747,0.0016645485900732878,0.04570466667568736
Class-31-780_6,0.0012135120599842592,0.010787075551471915,0.021129458124025762
Class-24-596_54,0.008852403346367164,0.009011762967499485,0.02150983862941628
Class-36-788_30,0.002007618204448096,0.007455945695730376,0.0370363979063094
