label,c1,c2,c3
pis,0.035533151794756454,0.9506347756816174,0.013832072523626357
Class-4-753_0,0.16521201484791898,0.011902995301186462,0.18335607904256046
Class-32-486,0.15805260613999286,0.025985010365756005,0.16932840130646942
Class-9-599_0,0.17560688275839278,2.1756076607178993E-4,0.06792638450841768
Class-0-593_70,0.43104278694251724,0.022394610868351063,0.22383932695942263
Class-41-591,0.21974856862225012,0.996447843725597,0.9905073819057272
Class-31-780_6,0.186455299802251,0.0015561233166435397,0.23503400055677623
Class-24-596_54,0.37113300388025633,0.03528610281483165,0.19624786216900345
Class-36-788_30,0.299281094006252,0.048873434852092355,0.18476292608239628
