label,c1,c2,c3
pis,0.28515773694843455,0.14540810569762833,0.5694341573539372
Class-4-753_0,0.036314658561249616,0.13374605421519775,0.03194314106831594
Class-32-486,4.765366392225856E-4,0.021985647158589566,0.02203967400463023
Class-9-599_0,0.03644473299284769,0.17645891555357682,0.017670666995696714
Class-0-593_70,0.017828391307596912,0.04722555445452012,0.09820498007703245
Class-41-591,0.029003088069265746,0.04800484751504508,0.04570466667568736
Class-31-780_6,0.007084032372365643,0.0807117462607898,0.021129458124025762
Class-24-596_54,0.017394275639824708,0.04772393127886987,0.02150983862941628
Class-36-788_30,0.027817968408594303,0.03452460906507784,0.0370363979063094
