label,c1,c2,c3
pis,0.7742479153792798,0.08733594465643275,0.1384161399642873
Class-4-753_0,0.026227477356551773,0.024198694827417093,0.00797569188623583
Class-32-486,0.09042451038689575,0.09178997114316105,0.9803678678334251
Class-9-599_0,0.9207974199935,0.9992354670336863,0.03900048508910158
Class-0-593_70,0.06209592142696686,0.6250402610400754,0.8432057463106994
Class-41-591,0.029003088069265746,0.013574590637495918,0.009392534718863118
Class-31-780_6,0.011744553841284542,0.020730716949542836,0.011504089556893282
Class-24-596_54,0.013092257635253512,0.040336231832564566,0.015750117983213106
Class-36-788_30,0.027817968408594303,0.15845859292405892,0.014288282382647692
