label,c1,c2,c3
pis,0.0012279324572055234,0.006604212479128769,0.9921678550636656
Class-4-753_0,0.4598642231159076,0.3480770928447293,0.02194502575130399
Class-32-486,0.4403166916069694,0.02777834373841482,0.008892137604589307
Class-9-599_0,0.37949227180637746,0.40915325426758276,0.0033961737004735678
Class-0-593_70,0.4953338927908738,0.050193807859720184,0.0021817450195216574
Class-41-591,0.4956822019969452,0.24766286394359663,0.0053222834288955325
Class-31-780_6,0.13574093036033147,0.3294093162527943,0.0016782814921017391
Class-24-596_54,0.49576484075884764,0.08945554158613443,0.0038936136378016086
Class-36-788_30,0.4958600172872427,0.05142920879549354,0.0016898775483213232
