label,c1,c2,c3
pis,0.16102939582009446,0.798834210391712,0.04013639378819345
Class-4-753_0,0.0276213995805899,0.007567447147035515,0.03441259701789742
Class-32-486,0.07367221745010202,0.017371420190186865,0.04973386996321422
Class-9-599_0,0.2615407316596634,0.8744733305456056,0.019065814471342184
Class-0-593_70,0.5152216932249644,0.9812739080199417,0.959926042185733
Class-41-591,0.0651359090936496,0.12738225789303212,0.18647383380198726
Class-31-780_6,0.06197896855485849,0.0030662132943686973,0.05330212400582273
Class-24-596_54,0.08792162355550286,0.02011239778594061,0.0488561128103148
Class-36-788_30,0.11194245793192122,0.015581134074937724,0.05377082465341014
