label,c1,c2,c3
pis,0.8790966858700219,0.01581153823820798,0.10509177589177006
Class-4-753_0,0.9966829227168437,0.7432154809874845,0.9998878631779767
Class-32-486,0.9896113623409013,0.029250730463815672,0.9979064872357908
Class-9-599_0,0.002911904007271378,0.13103954791889527,0.008912848867833544
Class-0-593_70,0.003633850391917101,0.06103325456495142,0.0027017465473797874
Class-41-591,0.005395156699599182,0.12715592111427956,0.006349462385500428
Class-31-780_6,0.0026313357587847315,0.08518009030878083,0.0016187961962141437
Class-24-596_54,0.005397085593853848,0.02552093416716778,0.0032434799868992794
Class-36-788_30,0.005493562468585152,0.038625196182733544,0.0027212196741389556
