label,c1,c2,c3
pis,0.6583068322677708,0.27228391792547424,0.06940924980675524
Class-4-753_0,0.11076471147458054,0.029794731501734815,0.12181210740582195
Class-32-486,0.15093315696006013,0.08573796237770347,0.06160165179194444
Class-9-599_0,0.04820268016019745,0.15450582944514782,0.1707293197263022
Class-0-593_70,0.08123678348046949,0.06336234745949079,0.07987358198352407
Class-41-591,0.08936242757872198,0.05695311957718679,0.16491703478621844
Class-31-780_6,0.27488067210254064,0.01839868088889252,0.11555054860113263
Class-24-596_54,0.08657222875604878,0.0925101289887568,0.1559114350434896
Class-36-788_30,0.08858733104589289,0.06529503792453822,0.14584057833563502
