label,c1,c2,c3
pis,0.9294583469744757,0.05634055578799485,0.014201097237529325
Class-4-753_0,0.0011656384586024064,0.05557005498591403,0.019208998011118503
Class-32-486,2.057847271124261E-5,0.008676607365001211,0.008703187242232945
Class-9-599_0,0.026536067801259732,0.14207038884524265,0.021624869628383673
Class-0-593_70,3.37929010351994E-4,0.020214770678511632,0.059177083089872816
Class-41-591,5.476727385553184E-4,0.003728300760157616,0.022034764597566286
Class-31-780_6,2.797780836371451E-4,0.016565914453919278,0.008254017104455053
Class-24-596_54,0.005189311420527987,0.023299072946039192,0.008443953977986127
Class-36-788_30,4.276166713217951E-4,0.012181017854475593,0.016844283413499615
