label,c1,c2,c3
pis,0.21148889038193228,0.11533675076057223,0.6731743588574954
Class-4-753_0,0.036314658561249616,0.13444735656901283,0.03410123064125486
Class-32-486,0.0010203427732207871,0.021985647158589566,1.763617372964609E-4
Class-9-599_0,0.8895468605354694,0.7900536205913063,0.7790409567800441
Class-0-593_70,0.017828391307596912,0.11104652928356262,0.0022966906201914716
Class-41-591,0.029003088069265746,0.06365795784032079,0.04692011805694094
Class-31-780_6,0.008471785526606709,0.044439985289852005,0.021129458124025762
Class-24-596_54,0.021614689816709255,0.04772393127886987,0.02150983862941628
Class-36-788_30,0.027817968408594303,0.06250206191570788,0.0370363979063094
