label,c1,c2,c3
pis,0.11805565161575705,0.8694395595742759,0.012504788809966912
Class-4-753_0,0.7684661086711608,0.8970640018299788,0.28452445879672694
Class-32-486,0.15599711533514607,0.03532367404687506,0.22135341944003342
Class-9-599_0,0.03769567603914137,0.008732513834457901,0.18496069318179176
Class-0-593_70,0.04742986938879637,0.005346579835304167,0.19279586451227212
Class-41-591,0.0416059797257666,0.02012781792651894,0.14018255293058668
Class-31-780_6,0.0397408403333217,0.0030481682578866196,0.2921789548657828
Class-24-596_54,0.0416198532651476,0.02193448594055003,0.2066575659480772
Class-36-788_30,0.04205443863311607,0.020628055186864478,0.22290819183640614
