label,c1,c2,c3
pis,0.6240268428462091,0.011584909331775488,0.3643882478220154
Class-4-753_0,0.06992593317365255,0.2748516779390043,0.06783052844898771
Class-32-486,0.9896481722708892,0.03477385354397628,0.9955082684502484
Class-9-599_0,0.024585083734628192,0.2717538568813771,0.02264383041528317
Class-0-593_70,0.013556039204205061,0.06709756025416883,0.036404452943791084
Class-41-591,0.012522618349656935,0.0919011682457078,0.022281228085577656
Class-31-780_6,0.008274349473817097,0.15543592013079655,0.006753788434734831
Class-24-596_54,0.011787467166902247,0.06772013220108478,0.014495704951131757
Class-36-788_30,0.011653373000889242,0.060537857669403915,0.010937160269247325
