label,c1,c2,c3
pis,0.011785713431059996,0.9176357188644878,0.07057856770445216
Class-4-753_0,0.11439441476495245,0.004817410338390324,0.07395247315490124
Class-32-486,0.04356080494824552,0.0021923334121042135,0.05456220793637925
Class-9-599_0,0.2289253273912614,0.0014311359843217303,0.13664705790513315
Class-0-593_70,0.4469072871733544,0.014608894490904599,0.1767657122517756
Class-41-591,0.22643700599024977,0.01269858279904058,0.2466850985138301
Class-31-780_6,0.05608208052862962,0.008160876312820114,0.03178532165500411
Class-24-596_54,0.32543050793819794,0.005873968936242274,0.043371865798728
Class-36-788_30,0.29758708452704824,0.012131451195233641,0.07648057976660809
