label,c1,c2,c3
pis,0.021146568751110994,0.8501082657354119,0.12874516551347714
Class-4-753_0,0.033770347462766005,0.005522488621938829,0.018948733842423574
Class-32-486,0.01808492351193134,0.0021901019577222473,0.03209722647613377
Class-9-599_0,0.032520811682742456,0.0018036506821626982,0.025175655051098852
Class-0-593_70,0.21311592741386848,0.9945893918523128,0.9957362089909931
Class-41-591,0.03553584662078388,0.0011317272435927297,0.008922531196703953
Class-31-780_6,0.038398425167391254,0.002802794092765297,0.01965750269022456
Class-24-596_54,0.051306141847351015,0.006460687843015326,0.02591294510130377
Class-36-788_30,0.055960501891678116,0.9968758864491699,0.5573513615324659
