label,c1,c2,c3
pis,0.036264277701642346,0.04070367112423082,0.9230320511741269
Class-4-753_0,0.371032299884338,0.49590947984291606,0.16381715986835566
Class-32-486,0.46020051684693153,0.49449230394733484,0.03701572373261805
Class-9-599_0,0.4958170899220839,0.4945585447364092,0.10179731057288834
Class-0-593_70,0.4956437073173451,0.29646949568975334,0.10761679058408319
Class-41-591,0.4956822019969452,0.4945776825913341,0.10194912616500872
Class-31-780_6,0.4960425879576517,0.13072492430165483,0.04306772092382023
Class-24-596_54,0.49576484075884764,0.49398970299792394,0.08626447370816148
Class-36-788_30,0.4958600172872427,0.4795853069103509,0.10939504584323757
