label,c1,c2,c3
pis,0.0033626823660409867,0.8378815593348572,0.1587557582991019
Class-4-753_0,0.047061482234260196,0.0047097083516811095,0.010094792872805276
Class-32-486,0.0875883339686645,5.030217633352862E-4,0.009313052821652108
Class-9-599_0,0.11023903518021545,6.504811117337649E-4,0.009860067648234183
Class-0-593_70,0.5428140765045115,0.9667596704992071,0.9261260305050479
Class-41-591,0.05987591174937095,0.7198044828673118,0.14793649351972993
Class-31-780_6,0.01510863922495654,0.006425258846603497,0.003071369780724758
Class-24-596_54,0.08567957283059939,0.0019386477923138401,0.00311289086654106
Class-36-788_30,0.06564896736064804,0.9358763442323865,0.15554120003679348
