label,c1,c2,c3
pis,0.09767279851056901,0.9009544418330898,0.0013727596563410688
Class-4-753_0,0.020273512138859726,5.897585295813318E-4,0.13777344744283043
Class-32-486,0.04435896536023193,0.003233495015348122,0.04697371827290126
Class-9-599_0,0.7947422320203633,0.9936085987465477,0.034693554278819046
Class-0-593_70,0.05890819453362652,9.605232021216091E-4,0.4945578278170471
Class-41-591,0.012181059959266884,0.0012061419935481623,0.06850952196623988
Class-31-780_6,0.015202861313536925,7.423442945582733E-4,0.11720447923016436
Class-24-596_54,0.013546778727481482,0.0012861946249812942,0.08450408667368468
Class-36-788_30,0.022713010645261843,0.0034221521602087026,0.152624507074272
