label,c1,c2,c3
pis,0.04510067226568028,0.7786451680233112,0.1762541597110086
Class-4-753_0,0.07366498120551371,7.484817822441301E-4,0.025170960821670373
Class-32-486,0.41601823364452367,0.003096281230343592,0.49743708464906583
Class-9-599_0,0.6869590114636123,0.8080666660218224,0.03499335806239643
Class-0-593_70,0.6873769800690007,0.48800522655165934,0.6833884443235964
Class-41-591,0.21716493450012694,0.02017777615926856,0.07148059712301727
Class-31-780_6,0.0766668713588403,0.008711441526535054,0.00853422952030041
Class-24-596_54,0.2822281136971622,0.005314134978276045,0.012743728432705152
Class-36-788_30,0.3563495556591257,0.007500016903125454,0.014965269853819897
