label,c1,c2,c3
pis,0.01656667980572181,0.0942151400642961,0.889218180129982
Class-4-753_0,0.1383326702693128,0.12333607332799786,0.011983592829431237
Class-32-486,0.09138305229355699,0.013738105977310169,0.001087033223727335
Class-9-599_0,0.16898317113688327,0.013311720195766704,7.733712654441078E-4
Class-0-593_70,0.15415160445278983,0.022187066281076757,0.018377305142855835
Class-41-591,0.0859880485673562,0.016727515697943725,0.004640913807014588
Class-31-780_6,0.021879365156099305,0.09355559241602768,0.006774105984024573
Class-24-596_54,0.07908255594098151,0.008784774030454898,0.00131094640671192
Class-36-788_30,0.06262560793412815,0.009270092585064005,0.0031276448535301994
