label,c1,c2,c3
pis,0.9898531179893961,0.009791739507951477,3.551425026524241E-4
Class-4-753_0,0.0014170251914763783,0.0157319045735701,0.19380432732894382
Class-32-486,0.0077462936544692605,0.017377009603020365,0.0019171771656955982
Class-9-599_0,0.021484848773584985,0.376514722767362,0.5816330515900996
Class-0-593_70,0.005548331211008226,0.19983042632448525,0.023706612556037093
Class-41-591,0.0010112277788636246,0.005099520148316371,0.08441272235645185
Class-31-780_6,0.01642763041092461,0.00320722695150634,0.2642711244429727
Class-24-596_54,0.9894723495242628,0.997653475817994,0.23143783570686915
Class-36-788_30,0.001164710319354366,0.020583796869685464,0.2156551647262926
