label,c1,c2,c3
pis,0.06025436517899939,0.007826539304509947,0.9319190955164905
Class-4-753_0,0.007332011995183516,0.1012846276787628,0.003919792668427962
Class-32-486,3.2948405390911226E-5,0.10448172124556067,0.004739823675595875
Class-9-599_0,0.06332845050946327,0.20939165563493312,0.021627452289178322
Class-0-593_70,0.0024639842504589993,0.1708862242510357,0.016071925984414714
Class-41-591,0.005180057148959892,0.03290679169413081,0.006893063053687817
Class-31-780_6,0.010787989218452688,0.04982061766203845,0.008476818537405445
Class-24-596_54,0.0033006653068703984,0.10139195382196295,0.00881488308815215
Class-36-788_30,0.004856778970705204,0.10967213453589233,0.017482963928921055
