label,c1,c2,c3
pis,0.008342857064297092,0.002567327208854213,0.9890898157268492
Class-4-753_0,0.9859776853703224,0.540986902412167,0.9798689463114428
Class-32-486,0.16854301588313908,0.15357094643667682,0.01021520478574186
Class-9-599_0,0.049716268515818694,0.2842298739107067,8.826168135007238E-4
Class-0-593_70,0.07309160096468496,0.18636174359782026,0.0031411427016653773
Class-41-591,0.041258807249317256,0.0632762494607281,6.869241943150849E-4
Class-31-780_6,0.034346288424243726,0.12454121333925783,0.003984680003436483
Class-24-596_54,0.03670227611717535,0.18807259150898673,0.003730411901976808
Class-36-788_30,0.036790951629196864,0.23083444929358474,0.0032606706822040387
