label,c1,c2,c3
pis,0.0041241723132931386,0.7163618523789954,0.27951397530771144
Class-4-753_0,0.013295475357836624,1.7757335893280114E-4,7.213080138520045E-4
Class-32-486,0.0099765511140234,3.151677084633132E-4,4.07877656641207E-4
Class-9-599_0,0.10156013806868587,0.0033893147038594374,0.004122163243006368
Class-0-593_70,0.918639854031232,0.9990308922047676,0.8222455129131468
Class-41-591,0.10433068316776437,0.002271991489608374,0.002087345941516823
Class-31-780_6,0.02916172172252737,0.001302147548460874,8.382344156201925E-4
Class-24-596_54,0.23547028785834087,6.058139617937833E-4,1.9047325966078745E-4
Class-36-788_30,0.26736795458900975,0.001220988590767733,7.578887684663055E-4
