label,c1,c2,c3
pis,0.7350129695354244,0.023304816032496768,0.24168221443207885
Class-4-753_0,9.696399749189927E-4,0.009268021857750035,0.9865042684040607
Class-32-486,0.004675391044374082,0.10594212096844403,0.9418846018718823
Class-9-599_0,0.009265286528881339,0.05180937810531285,0.006484151694778264
Class-0-593_70,0.01105543057198918,0.0913754944236127,0.0015161743871093597
Class-41-591,0.015113627148721345,0.024874107798526203,0.002583808631423348
Class-31-780_6,0.9985696046807645,0.9905245694056894,0.0015844445831911002
Class-24-596_54,0.015118891978993099,0.0759975357004157,0.001855493418357977
Class-36-788_30,0.015333729622332596,0.07804334108186972,0.0031911475025824076
