label,c1,c2,c3
pis,0.8257484221231302,0.1722130601807837,0.0020385176960860275
Class-4-753_0,0.002331362576369884,0.003252736599003347,0.09312091606073084
Class-32-486,0.019686917755897378,0.00442594269840895,0.10338442220779903
Class-9-599_0,0.003971548911957218,0.02925239413931553,0.11216715976979955
Class-0-593_70,0.05875951894557908,0.04228803230256926,0.06704309817482887
Class-41-591,0.013589132822855543,0.9880920072942958,0.9812327823113639
Class-31-780_6,0.01232278843970403,0.0010681546217366062,0.08539113248153797
Class-24-596_54,0.9994908849095258,0.9973834186695858,0.0767655851153153
Class-36-788_30,0.03311442742240396,0.012567658356193267,0.13931742171869013
