label,c1,c2,c3
pis,0.9315747495220984,0.026181768444474313,0.04224348203342743
Class-4-753_0,0.9806999399478112,0.5845927205201621,0.9981169139014481
Class-32-486,0.9381641121433036,0.14383284311724387,0.9846560407608331
Class-9-599_0,0.0015745418553367657,0.011938394713685917,0.01114473808642047
Class-0-593_70,0.0021483640437932115,0.008387496192755011,0.0031407970984260757
Class-41-591,0.0027321891971349263,0.025965699324526203,0.004125034821228896
Class-31-780_6,0.013418228653552551,0.01422554418969329,0.010806633808271566
Class-24-596_54,0.0027331789543808323,0.03764307317018408,0.008174789275634552
Class-36-788_30,0.0027885313561144334,0.037798491959336274,0.007876953164239309
