label,c1,c2,c3
pis,0.24767186772363783,0.7460483440620944,0.0062797882142677595
Class-4-753_0,0.0071577963608294975,0.002119848165650376,0.059568596738098153
Class-32-486,4.513353589348682E-4,0.005419976899401177,0.01470261755195311
Class-9-599_0,0.9525622253443001,0.989737394064916,0.013668048961498156
Class-0-593_70,0.002714804846202783,3.351648121988163E-5,0.12533122579449613
Class-41-591,0.005159817723637156,7.161621292687792E-4,0.05419474267154906
Class-31-780_6,0.003231368997356347,0.0033315642886999307,0.016162373753980733
Class-24-596_54,0.013185397295914605,0.0021994876938269984,0.01455025408999107
Class-36-788_30,0.004343304448331531,0.00423009559023605,0.035554537504072184
