label,c1,c2,c3
pis,0.6548468993312029,0.3074081107959087,0.03774498987288852
Class-4-753_0,0.03619647789403782,0.05705670551726923,0.04779116035514201
Class-32-486,0.018531798369335648,0.012196375873294642,0.03089908748176785
Class-9-599_0,0.0016331205271753364,0.014176460109821003,0.0037031666021910205
Class-0-593_70,0.0019446810562760769,0.011632736135063142,0.06270248926429986
Class-41-591,6.714398702684599E-4,0.0067115224997513516,0.013708378682103634
Class-31-780_6,0.011447331652807112,0.06952660893007807,0.01398719277690277
Class-24-596_54,5.945217508009426E-4,0.005422471714706981,0.012427096612574656
Class-36-788_30,6.043780747365317E-4,0.006518249182888323,0.013720122457228865
