label,c1,c2,c3
pis,0.022179025147207827,0.7666174585670634,0.21120351628572864
Class-4-753_0,0.05682535955396451,0.007912758140562028,0.08219116022134398
Class-32-486,0.14943538758186345,0.01031339690337757,0.039658382439470494
Class-9-599_0,0.23794436646661385,0.0011550320801547575,0.04793735123904241
Class-0-593_70,0.44706046531230303,0.05659630822239045,0.06528996274509173
Class-41-591,0.2779472188019109,0.9972013741594341,0.9844646664457362
Class-31-780_6,0.08696675071650399,0.0068663407306256904,0.04294486388122229
Class-24-596_54,0.40137127636840464,0.018782388149428,0.03680549895492645
Class-36-788_30,0.32147955219951163,0.021256221051701794,0.09558700714460233
