label,c1,c2,c3
pis,0.2350841555214843,0.47507774092970534,0.2898381035488103
Class-4-753_0,0.07541992494343001,0.10303242466602491,0.08798931039594121
Class-32-486,0.08389475053911644,0.09435045877070966,0.03442863254874825
Class-9-599_0,0.1788789886573929,0.25960840691295833,0.050567986165883656
Class-0-593_70,0.1332350392293068,0.3007075956210342,0.08120653407719189
Class-41-591,0.1941205578084606,0.1064773085429319,0.16909409107777473
Class-31-780_6,0.19349108915970356,0.08447854611682218,0.05852265784115797
Class-24-596_54,0.40215427534269843,0.15130444778910127,0.05652498464538243
Class-36-788_30,0.23174748028335299,0.18699905738245684,0.13368148671130392
