label,c1,c2,c3
pis,0.009314091376272765,0.8648263322857906,0.12585957633793673
Class-4-753_0,0.01096281727817954,0.0010676228496510254,0.013693531303053496
Class-32-486,0.04820200971993209,2.2125301622394572E-4,0.00791869075509197
Class-9-599_0,0.028470451027704097,0.008352916149244768,0.004799772372489064
Class-0-593_70,0.3541178535218127,0.6162618546411825,0.6839540546000776
Class-41-591,0.034703709542556284,0.001168388456204359,0.007878805967868883
Class-31-780_6,0.012491347951547709,0.0023397410718745825,0.002218815542986151
Class-24-596_54,0.06906771087911283,0.0012967427042038806,0.00236235242120521
Class-36-788_30,0.05756721048583906,0.003006451229907742,0.003681979094010952
