label,c1,c2,c3
pis,0.01982488377316417,0.8881974175866661,0.09197769864016965
Class-4-753_0,0.011945120122367309,6.123669480737671E-4,0.009081460910530753
Class-32-486,0.019690571248109325,4.6875273942306793E-4,0.0020386354248388572
Class-9-599_0,0.7186085354055229,0.8943903299475144,0.00637814633100488
Class-0-593_70,0.14944459718708422,0.0013978563566172213,0.0500767949680947
Class-41-591,0.04824730026079433,0.007312902716196364,0.029679625307104274
Class-31-780_6,0.027451467911894522,0.006056468934826214,0.0014231937257274117
Class-24-596_54,0.04923596476454423,9.523404366860866E-4,0.0012795659760171537
Class-36-788_30,0.07324439672802366,0.0024408555198418666,0.005217087935137249
