label,c1,c2,c3
pis,0.41688245926625883,0.5228927700395991,0.06022477069414203
Class-4-753_0,0.006823909908483819,0.005674010523311988,0.028061930106530093
Class-32-486,0.016991648171931783,0.0064427320995940575,0.1419247322297368
Class-9-599_0,0.012674950451628792,0.018777371364919197,0.0528796380651332
Class-0-593_70,0.5894789601347628,0.9999903148026108,0.9993155793739981
Class-41-591,0.004110041824539862,0.0028462525685989544,0.0019870496077673866
Class-31-780_6,0.005433450792079574,0.001803047292838935,0.04728883581436305
Class-24-596_54,0.008852247372887896,0.012372682790317757,0.04008881500763466
Class-36-788_30,0.005941483769820424,0.010113610817791963,0.01963753189529152
