label,c1,c2,c3
pis,0.10656628362790554,0.8881037459232953,0.00532997044879912
Class-4-753_0,0.0038061824091179656,0.001396498401551893,0.11981870878088145
Class-32-486,0.0316220508916926,0.0029280374395726123,0.06522863871762975
Class-9-599_0,0.10879254668865111,0.0010595048884078613,0.04795416062478143
Class-0-593_70,0.08097256888359666,0.04768440950022081,0.09057646050495234
Class-41-591,0.022946830409421023,0.9314345748425911,0.9630871505616111
Class-31-780_6,0.021084724299867554,0.0030770735578982303,0.059163992197797874
Class-24-596_54,0.26998119484359645,0.0069188799200757016,0.05156251016345991
Class-36-788_30,0.04952815364025621,0.00859546297910552,0.12277462205291967
