label,c1,c2,c3
pis,0.8271317066263069,0.07947862776616796,0.09338966560752526
Class-4-753_0,0.015574348273134907,0.0794501870569463,0.0015272553876260555
Class-32-486,0.008384311604492229,0.019508287305275172,0.006719560657221368
Class-9-599_0,2.8031900103086345E-4,0.011608868101726956,0.002897538180142605
Class-0-593_70,4.1141396749913925E-4,0.018849412291180714,0.006768542851794112
Class-41-591,1.0863046215303875E-4,0.01392778166518169,0.001774058993674819
Class-31-780_6,0.0326723435306714,0.10962505691065298,0.0015843811131247484
Class-24-596_54,9.328920515477715E-5,0.006957169022526903,0.0022333804706099075
Class-36-788_30,9.521837426259438E-5,0.015874518550542383,0.002058609790260064
