label,c1,c2,c3
pis,0.025704256037306968,0.934521329708045,0.03977441425464806
Class-4-753_0,0.009365182259413532,0.0011488711019293552,0.023593524292848802
Class-32-486,0.02619263911087782,9.085400522052753E-4,0.02060455382480195
Class-9-599_0,0.034514764993549864,7.816333554840315E-5,0.00502817294778195
Class-0-593_70,0.07423333407226926,0.01628045371574888,0.046175179877983204
Class-41-591,0.012181059959266884,0.997464589951358,0.9828924044061451
Class-31-780_6,0.015202861313536925,0.0012528555585852074,0.015176628301906473
Class-24-596_54,0.022358379390904196,0.0021748865309071464,0.010273462986473426
Class-36-788_30,0.016315625895393523,0.0032368072952134014,0.028984354825152145
