label,c1,c2,c3
pis,0.04849388376755306,0.013750077206852299,0.9377560390255947
Class-4-753_0,0.4598642231159076,0.49590947984291606,0.0026414013913272473
Class-32-486,0.19728386804571907,0.49449230394733484,0.015749094399853204
Class-9-599_0,0.37949227180637746,0.45817351623815655,0.014374432305106679
Class-0-593_70,0.4956437073173451,0.4934697861023262,0.004516838215070623
Class-41-591,0.4956822019969452,0.4945776825913341,0.006090534081162314
Class-31-780_6,0.4960425879576517,0.49499702418741287,0.009133653353925318
Class-24-596_54,0.49576484075884764,0.49398970299792394,0.010769732966541086
Class-36-788_30,0.4958600172872427,0.4937891831282697,0.03827791535382392
