label,c1,c2,c3
pis,0.7565159466282807,0.19876649387886292,0.044717559492856544
Class-4-753_0,0.15194691108653136,0.40243840152573346,0.2546019115473324
Class-32-486,0.8844130506801766,0.07520936032384037,0.9710707508580437
Class-9-599_0,0.007819033825122081,0.05831722197003866,0.08256727858972834
Class-0-593_70,0.009847418720068682,0.040521030524357675,0.059655226052417756
Class-41-591,0.011782875701082047,0.06157626361735296,0.07409916583859515
Class-31-780_6,0.01898087428360178,0.04833589248186014,0.05060438030903909
Class-24-596_54,0.011787010440911017,0.026986341937943196,0.05221571409211122
Class-36-788_30,0.011965074904531223,0.03193242194167428,0.05276700023745935
