label,c1,c2,c3
pis,0.8783956543224685,0.015903218000670186,0.1057011276768613
Class-4-753_0,0.9966829227168437,0.6349392329708611,0.9998878631779767
Class-32-486,0.9875351645840872,0.029250730463815672,0.9973764682005448
Class-9-599_0,0.002911904007271378,0.11702887466013429,0.00854581904102009
Class-0-593_70,0.003633850391917101,0.02005937188310852,0.0027017465473797874
Class-41-591,0.005395156699599182,0.055503917477608675,0.006136067845357207
Class-31-780_6,0.005036973693505339,0.08518009030878083,0.0016187961962141437
Class-24-596_54,0.005397085593853848,0.02552093416716778,0.0032434799868992794
Class-36-788_30,0.005493562468585152,0.018108025160368583,0.0027212196741389556
