label,c1,c2,c3
pis,0.6399194222170174,0.22757586043843742,0.13250471734454514
Class-4-753_0,0.008722183112886502,0.04964401897019608,0.03907247338866801
Class-32-486,5.208712274283664E-4,0.013674223896468798,0.0030729382025479063
Class-9-599_0,0.07400961948829585,0.06776636505487506,0.006161339445225978
Class-0-593_70,0.003684740877423131,0.04115850549378946,0.10076648028367005
Class-41-591,0.005159817723637156,0.008701172586144649,0.036318001289576435
Class-31-780_6,0.003231368997356347,0.08770265138177165,0.0065693973047649375
Class-24-596_54,0.02450068651729852,0.01789224707774422,0.004316338486921439
Class-36-788_30,0.004343304448331531,0.014811282639334225,0.014850354861930416
