label,c1,c2,c3
pis,0.02126034851302311,0.4954892288020658,0.4832504226849112
Class-4-753_0,0.04495989339996146,0.00959078288313346,0.04247013655126487
Class-32-486,0.12448784054447216,0.007387176842080945,0.028633601739462427
Class-9-599_0,0.04542844207261422,0.033924833825480366,0.009818193276259218
Class-0-593_70,0.17305808696344543,0.061680164830756834,0.11633660222650655
Class-41-591,0.07832693924979392,0.03884149656087936,0.04258123137056616
Class-31-780_6,0.08353760612283845,0.014436092592970592,0.01667557561453902
Class-24-596_54,0.11887231728254677,0.016360893676037755,0.02165454601356849
Class-36-788_30,0.12003518999730804,0.9443715459495308,0.29117877692888383
