label,c1,c2,c3
pis,0.1587810630651881,0.00978849760776448,0.8314304393270473
Class-4-753_0,0.190741865332608,0.49590947984291606,0.05146053335513967
Class-32-486,0.15093315696006013,0.49449230394733484,0.022435938014914204
Class-9-599_0,0.08416737452816861,0.4642172801003272,0.07357805843935435
Class-0-593_70,0.08123678348046949,0.4934697861023262,0.015113688854916827
Class-41-591,0.08936242757872198,0.4945776825913341,0.03934317262662018
Class-31-780_6,0.33888502798694703,0.49499702418741287,0.031113396895543124
Class-24-596_54,0.09479409725047754,0.49398970299792394,0.05732387515179996
Class-36-788_30,0.09314607073677457,0.4937891831282697,0.048835920888794196
