label,c1,c2,c3
pis,0.6116123445439205,0.38792363638000477,4.6401907607452014E-4
Class-4-753_0,0.06194009122893988,0.07600037399538888,0.21868927175308006
Class-32-486,0.01881690115868123,0.029690857443017263,0.32060270302604493
Class-9-599_0,4.934767523102597E-4,2.2810377668568447E-4,0.3812325477695127
Class-0-593_70,8.690746776805128E-4,0.010925221215942953,0.4945578278170471
Class-41-591,6.29108729503052E-4,0.03543392426675868,0.49438695647965014
Class-31-780_6,0.6477321105633064,0.299010028646134,0.18445591784202153
Class-24-596_54,6.293422366858119E-4,0.007891018759549586,0.20958535202388764
Class-36-788_30,6.452872364577264E-4,0.040319820433202556,0.23270506095343654
