label,c1,c2,c3
pis,0.010943062670384677,0.9633652724121312,0.02569166491748403
Class-4-753_0,0.009365182259413532,9.395681310890461E-4,0.0073116644346623355
Class-32-486,0.02619263911087782,4.227602693542053E-4,0.027510024471960166
Class-9-599_0,0.034514764993549864,7.479629775785577E-5,0.010921664872275184
Class-0-593_70,0.07423333407226926,0.006643289726393654,0.030349042785988385
Class-41-591,0.012181059959266884,0.9999146344681646,0.9974923219781584
Class-31-780_6,0.015202861313536925,8.13882307832509E-4,0.009849172766678545
Class-24-596_54,0.022358379390904196,0.0016239254872701544,0.007960563645767547
Class-36-788_30,0.016315625895393523,0.0020183533211314826,0.017563157696112146
