label,c1,c2,c3
pis,0.10897189320309522,0.8558883470537387,0.03513975974316596
Class-4-753_0,0.03690608158648504,0.004494572330152114,0.03413077459467245
Class-32-486,0.03732472720828013,0.0035258405511251153,0.013619918562434283
Class-9-599_0,0.028838699558167948,0.014815424272391154,0.03497678851971654
Class-0-593_70,0.789872747780739,0.8225676209152449,0.46770079560436334
Class-41-591,0.012181059959266884,0.0320756255634935,0.059016918376342924
Class-31-780_6,0.015202861313536925,0.004055560782996111,0.03969670307169337
Class-24-596_54,0.022358379390904196,0.006025841002223335,0.021863305428653914
Class-36-788_30,0.016315625895393523,0.9997441800828111,0.9142726233494791
