label,c1,c2,c3
pis,0.3409990423955756,0.6587667236506283,2.3423395379600692E-4
Class-4-753_0,0.01265435707710071,3.485575804426237E-4,0.1785244338478271
Class-32-486,0.014734594978476756,0.0022293808497644164,0.25940381960898223
Class-9-599_0,0.8689688173583399,0.999095463459586,0.08959768352570752
Class-0-593_70,0.030487718326389763,2.8775210416802377E-4,0.5485807439340008
Class-41-591,0.004110041824539862,7.535721381445379E-4,0.04860531146042832
Class-31-780_6,0.005433450792079574,1.71583317300136E-4,0.23097919953664656
Class-24-596_54,0.004698868242446275,0.0017534257583428129,0.1834429441486213
Class-36-788_30,0.005941483769820424,0.00297154585458171,0.16685629628744483
