label,c1,c2,c3
pis,0.15971084623107348,0.55001423148817,0.2902749222807564
Class-4-753_0,0.046458555341154006,0.007428523030558252,0.028489914221303453
Class-32-486,0.015210193271288896,0.009870968790100377,0.03335172254155227
Class-9-599_0,0.07987021268378187,0.013593753236601183,0.02570893943693787
Class-0-593_70,0.4049849798570958,0.9789858886808446,0.9427736910528265
Class-41-591,0.033200070492696764,0.0037927697555364703,0.022984781238971377
Class-31-780_6,0.016507047746641274,0.005815561187500041,0.028381574409845702
Class-24-596_54,0.04802963554397644,0.01481352624652478,0.026838603496590074
Class-36-788_30,0.04574769498209879,0.020307711928501032,0.046323826790630344
