label,c1,c2,c3
pis,0.03422154698017979,0.037507073656220344,0.9282713793635998
Class-4-753_0,0.036314658561249616,0.13374605421519775,0.01533271082889133
Class-32-486,4.765366392225856E-4,0.021985647158589566,0.00962846753262752
Class-9-599_0,0.1416593262124025,0.17645891555357682,0.008325819245482612
Class-0-593_70,0.017828391307596912,0.04722555445452012,0.026503487788000737
Class-41-591,0.029003088069265746,0.04800484751504508,0.013422124656406124
Class-31-780_6,0.011874461312687521,0.0807117462607898,0.006975629039408063
Class-24-596_54,0.021614689816709255,0.04772393127886987,0.008956940004227577
Class-36-788_30,0.027817968408594303,0.03452460906507784,0.014494179881159778
