label,c1,c2,c3
pis,0.002856724684629421,0.5932524301978742,0.40389084511749646
Class-4-753_0,0.4299788609266916,0.06299469329056046,0.05209748088630263
Class-32-486,0.36438881790619554,0.06395404543785034,0.04408986852378691
Class-9-599_0,0.2852745839003462,0.016903996685470223,0.006375074768158425
Class-0-593_70,0.4354332379900628,0.0680325627726731,0.011897872426140684
Class-41-591,0.4956822019969452,0.055364544417690446,0.08614025440786803
Class-31-780_6,0.3273919918209396,0.001323601621950361,0.05782102352788626
Class-24-596_54,0.49576484075884764,0.030505216746159653,0.03875063662410908
Class-36-788_30,0.4958600172872427,0.0416077173210236,0.06649534847525444
