label,c1,c2,c3
pis,0.03468814207375995,0.6992790461944054,0.26603281173183463
Class-4-753_0,0.0016306933299768782,0.012012078666613364,0.06373551859893116
Class-32-486,0.003775812081165405,0.022391647000397388,0.010135510908145228
Class-9-599_0,0.06281953923366222,0.017302199420244947,0.008160979878179705
Class-0-593_70,0.07562388520204186,0.013522857846121838,0.02433168873474423
Class-41-591,0.06804864850387492,0.013004175086768315,0.012223423653454298
Class-31-780_6,0.8477493200170103,0.023164239322338007,0.010314547378344776
Class-24-596_54,0.06807053028715906,0.012066881184510013,0.006031350846437306
Class-36-788_30,0.06864993907674106,0.010805232131614691,0.013733016732310189
