label,c1,c2,c3
pis,0.09085017594717573,0.8145596801389267,0.09459014391389746
Class-4-753_0,0.006823909908483819,0.001509103436149321,0.013310757807947073
Class-32-486,0.016991648171931783,0.003417514370255677,0.021844929598908776
Class-9-599_0,0.012674950451628792,0.003915572439152623,0.008853128176591122
Class-0-593_70,0.5894789601347628,0.9999857921406816,0.9993155793739981
Class-41-591,0.004110041824539862,0.0016622475884964505,0.0019870496077673866
Class-31-780_6,0.005433450792079574,0.001295719075727178,0.0280706098329687
Class-24-596_54,0.008852247372887896,0.002068156187710865,0.016483456531023163
Class-36-788_30,0.005941483769820424,0.003308109871454034,0.015148874647605837
