label,c1,c2,c3
pis,0.6982775139374409,0.04711504667805013,0.2546074393845089
Class-4-753_0,0.9802638729403116,0.9395438216381509,0.9932562578310263
Class-32-486,0.9150019297813748,0.07884647788997441,0.9622284953330862
Class-9-599_0,1.9854371622791319E-4,0.1442328763227676,0.01219516843426272
Class-0-593_70,0.0191728130098331,0.12930500186510327,0.0031881876832835043
Class-41-591,0.025161122969300582,0.15071626795366524,0.009695292301232769
Class-31-780_6,0.06228978522175739,0.2730867450889151,0.00339928150558416
Class-24-596_54,0.025169727683965602,0.0889446259098291,0.006041704187127987
Class-36-788_30,0.025480358530062523,0.11528510259607119,0.005319921743733622
