label,c1,c2,c3
pis,0.005560911018872467,0.22969536685728947,0.764743722123838
Class-4-753_0,0.4320323056755656,0.18339822699413436,0.10775150085411012
Class-32-486,0.47773305136282207,0.05131984486567964,0.03741838524363734
Class-9-599_0,0.4958170899220839,0.0603337789439826,0.02378213128058054
Class-0-593_70,0.4954887996210664,0.09245279110164636,0.05492746940893952
Class-41-591,0.4956822019969452,0.09551271355208198,0.04991603879802932
Class-31-780_6,0.0273269609529235,0.013556618919318713,0.047453499432668335
Class-24-596_54,0.49576484075884764,0.03711424713600327,0.03248593030738111
Class-36-788_30,0.4958600172872427,0.04613697179021722,0.04538145521537976
