label,c1,c2,c3
pis,0.053967635688791246,0.5816358925103049,0.3643964718009039
Class-4-753_0,0.031962674436391454,0.006416066407138491,0.020261073253339843
Class-32-486,0.0011582161719183046,0.0025954224220509693,0.019493657344964457
Class-9-599_0,9.413665830582677E-4,0.021790138845549242,0.012799451849232216
Class-0-593_70,0.03893247359129605,0.027471663123375227,0.0624938070212539
Class-41-591,0.027254494995927855,0.03277418665560593,0.030188182276783885
Class-31-780_6,0.008129492817621242,0.0041482559769111735,0.009928570178822857
Class-24-596_54,0.037454779149681205,0.005992441417986762,0.01315472711814298
Class-36-788_30,0.04555743322846659,0.008911981815700567,0.0203887232079682
