label,c1,c2,c3
pis,0.12039457609832864,0.04424447766155136,0.8353609462401199
Class-4-753_0,0.26087891228241206,0.33233669122046505,0.04991228115066453
Class-32-486,0.124449476793497,0.08469343638838288,0.026336936338614635
Class-9-599_0,0.08321987145453537,0.3239874491479604,0.024315126048758802
Class-0-593_70,0.06750316582751797,0.11970375755397272,0.03031849779146285
Class-41-591,0.0421013878746767,0.1621430726083841,0.015670529243190137
Class-31-780_6,0.050279574408552116,0.22886897350458082,0.016802152805225845
Class-24-596_54,0.040375753173682444,0.13239982799819486,0.0249209691340651
Class-36-788_30,0.0400607564280859,0.12285177358854889,0.021586598158994216
