label,c1,c2,c3
pis,0.028352849620293982,0.7819916636932168,0.1896554866864893
Class-4-753_0,0.13073767864452815,0.023221813205170548,0.08656856144653843
Class-32-486,0.20210185276402376,0.0053907659463562334,0.028642534885988877
Class-9-599_0,0.2743278700850151,0.07311341736138557,0.10935640784833334
Class-0-593_70,0.45498479787099494,0.03277028994336458,0.2277271436614988
Class-41-591,0.3103604938661454,0.19392243369370965,0.5197220898519748
Class-31-780_6,0.15559206124783131,0.033567614975989674,0.03048949605040967
Class-24-596_54,0.416793008865621,0.021591645106668826,0.032711325607635185
Class-36-788_30,0.36867335535558904,0.0309267503814068,0.06385038366468158
