label,c1,c2,c3
pis,0.2945293639856806,0.34287487947965045,0.3625957565346689
Class-4-753_0,0.013094028264310822,0.004304377098261139,0.9990947847964696
Class-32-486,1.7687031800226666E-5,0.006765740896033048,0.0030635283111508298
Class-9-599_0,0.004548099434960359,0.021964119406663624,9.523940644506246E-4
Class-0-593_70,0.006764576123361545,0.00756994262096817,6.120554555873584E-4
Class-41-591,0.005395156699599182,0.005244460369709025,4.935636423125313E-4
Class-31-780_6,0.9906149563476242,0.9406944528443206,3.5153498683517453E-4
Class-24-596_54,0.005397085593853848,0.01069467085431233,3.528268844040754E-4
Class-36-788_30,0.005493562468585152,0.0069734885408845385,6.575485905138633E-4
