label,c1,c2,c3
pis,0.015164852582787174,0.024471635652593325,0.9603635117646195
Class-4-753_0,0.9712767201712862,0.6696810598272278,0.9282423411500751
Class-32-486,0.27184260159068063,0.14219826625618737,0.011681029633829582
Class-9-599_0,0.021512882198063448,0.23158526303242105,0.005398977550861342
Class-0-593_70,0.4956437073173451,0.3825122211480805,0.00879560067724673
Class-41-591,0.4956822019969452,0.28721011357912246,0.014714358496315418
Class-31-780_6,0.38157134482811805,0.4899328403319146,0.005270556656248582
Class-24-596_54,0.49576484075884764,0.19318453578306255,0.004885667774190222
Class-36-788_30,0.4958600172872427,0.2757383045262774,0.006979638799565699
