label,c1,c2,c3
pis,0.5957468958592631,0.399893857810393,0.004359246330343836
Class-4-753_0,0.0025408744739612407,0.0017609067064845597,0.138528067827017
Class-32-486,0.007647261170925961,0.00237211074055263,0.2219190008795882
Class-9-599_0,0.005361692648640257,0.008637022264226071,0.05855939441649955
Class-0-593_70,0.8802659073554807,0.9318212461655355,0.5592896078599117
Class-41-591,0.0013793125272175183,0.00606136077158941,0.02753048574399354
Class-31-780_6,0.0019295964540110816,2.2791845793233425E-4,0.19175747065814572
Class-24-596_54,0.0034758218990837524,0.005215098417567537,0.14344200511411978
Class-36-788_30,0.0021492333996108322,0.004088498565898592,0.12730744805146435
