label,c1,c2,c3
pis,0.9895533168672511,0.0026929055892415234,0.007753777543507141
Class-4-753_0,0.97516262358223,0.5521808165508377,0.9972357788745236
Class-32-486,0.008384311604492229,0.08869157512485415,0.012807353908463942
Class-9-599_0,8.707460661661802E-7,0.044572936757767856,9.77528274294313E-4
Class-0-593_70,4.1141396749913925E-4,0.06096684645940853,0.0018127295345231025
Class-41-591,1.0863046215303875E-4,0.01392778166518169,3.4780579147373125E-4
Class-31-780_6,0.015270687230515256,0.13779805210291565,0.0028068058980230018
Class-24-596_54,9.328920515477715E-5,0.03924020445066271,0.002109108616011056
Class-36-788_30,9.521837426259438E-5,0.06040143080216817,0.001804252192619824
