label,c1,c2,c3
pis,0.012299845773809447,0.05383374791923715,0.9338664063069535
Class-4-753_0,0.10069009087127677,0.0794501870569463,0.0034258274650918077
Class-32-486,0.12022447308708957,0.023763128782811376,0.012600469319388668
Class-9-599_0,0.06638476213910992,0.06916785396895536,0.0055054993965901146
Class-0-593_70,0.05600449625519974,0.07322253746538676,0.01726858178565292
Class-41-591,0.019305370515847024,0.08665402291465099,0.00336102418309886
Class-31-780_6,0.0326723435306714,0.10962505691065298,0.0031734855975701372
Class-24-596_54,0.016623586130462636,0.026982944151209307,0.004238769467269785
Class-36-788_30,0.016673294885053615,0.05310616662474087,0.003918955209757504
