label,c1,c2,c3
pis,0.00496817604024699,0.9877023397376679,0.007329484222085198
Class-4-753_0,0.002702661575003304,7.823245671635048E-5,0.01986155794152681
Class-32-486,0.015092789277804082,6.670920213806559E-5,0.011603638003305486
Class-9-599_0,0.015965155548435545,6.365825554915874E-5,0.007238381932996353
Class-0-593_70,0.06715875092776902,0.018970141760344967,0.2658744847724055
Class-41-591,0.007294406525454954,0.004194020508939362,0.024457151459394567
Class-31-780_6,0.008370646476020753,7.202017610020715E-4,0.006057325349552511
Class-24-596_54,0.018175034263273947,2.1054249101425796E-4,0.004596205941349608
Class-36-788_30,0.013321394796303666,0.001129215840760405,0.011575427684103275
