label,c1,c2,c3
pis,0.006123987318257696,0.01703692129438081,0.9768390913873615
Class-4-753_0,0.039384845173135334,0.12411207159971811,0.002323991995232763
Class-32-486,0.10821522518534278,0.006795476719708209,0.0013348858330889698
Class-9-599_0,0.0954026380594901,0.2379863816179188,9.625806420860424E-4
Class-0-593_70,0.09414331144859557,0.03729933897458861,0.0022654029199979304
Class-41-591,0.041258807249317256,0.06819355177082748,9.201055486648183E-4
Class-31-780_6,0.019131498653258434,0.12658174168352818,3.549372888265922E-4
Class-24-596_54,0.03670227611717535,0.02298641920990807,4.561090898757906E-4
Class-36-788_30,0.036790951629196864,0.029736322551120357,6.492431638422718E-4
