label,c1,c2,c3
pis,0.18651009465159388,0.018468690513686253,0.7950212148347198
Class-4-753_0,0.007332011995183516,0.1012846276787628,7.277553492007461E-4
Class-32-486,1.3108767330598638E-5,0.10448172124556067,0.006784561010664058
Class-9-599_0,0.06332845050946327,0.109083634892147,0.00820841848762863
Class-0-593_70,0.050078091497909365,0.9998246211276021,0.9712087827965541
Class-41-591,0.005180057148959892,0.004931253317329839,9.328076230252687E-4
Class-31-780_6,0.008252762925565732,0.04982061766203845,0.005281227318912869
Class-24-596_54,0.0033006653068703984,0.10139195382196295,0.004459378174137997
Class-36-788_30,0.004856778970705204,0.10967213453589233,0.004726471767373825
