label,c1,c2,c3
pis,0.017281961834959753,0.12714002475095243,0.8555780134140879
Class-4-753_0,0.4715453607384604,0.3873478611202689,0.08295363308928337
Class-32-486,0.9941291685494505,0.04789027892134512,0.9727166358565049
Class-9-599_0,0.41823740639727586,0.11379544421321255,0.019447707021886893
Class-0-593_70,0.3880927744040742,0.054697651717707074,0.02804905834690577
Class-41-591,0.4956822019969452,0.14019917953724423,0.02640890937747628
Class-31-780_6,0.003432414164029831,0.02256919615379988,0.030293143851285856
Class-24-596_54,0.49576484075884764,0.03478786968091381,0.01770228367474021
Class-36-788_30,0.4958600172872427,0.035409352612715814,0.012144357944781307
