label,c1,c2,c3
pis,0.05406956165010482,3.068002540490618E-4,0.9456236380958462
Class-4-753_0,0.9992717389702432,0.7822064252342736,0.9999687444958099
Class-32-486,0.0988707885875607,0.3958180050714035,0.015630640727564298
Class-9-599_0,0.08423778606382241,0.48309377517476054,0.011326867195354152
Class-0-593_70,0.051793528064065036,0.4934697861023262,0.0014512028734469061
Class-41-591,0.05828932458540761,0.4945776825913341,0.005472689334532068
Class-31-780_6,0.15022183673972947,0.49499702418741287,0.012219156483024428
Class-24-596_54,0.0627166896889636,0.49398970299792394,0.011968457143487472
Class-36-788_30,0.06136063919568334,0.4937891831282697,0.009044237395021665
