label,c1,c2,c3
pis,0.3229874452530411,0.211634323142755,0.4653782316042039
Class-4-753_0,0.005899582391081114,0.00858941012228224,0.9593692820261149
Class-32-486,2.1599546267222174E-4,0.08627675698617195,0.010724210364965759
Class-9-599_0,0.03590919718642395,0.0060690515504946245,0.007370615366273756
Class-0-593_70,0.04742986938879637,0.07680938932378839,0.01215218454259446
Class-41-591,0.0416059797257666,0.042687793559482816,0.008480400806454257
Class-31-780_6,0.995689068248943,0.9593805966264858,0.007660238623295317
Class-24-596_54,0.0416198532651476,0.07307650305554969,0.00523706769512554
Class-36-788_30,0.04205443863311607,0.13492040134206837,0.007282101113703782
