label,c1,c2,c3
pis,0.021250880915096648,0.2428251848893,0.7359239341956033
Class-4-753_0,0.4598642231159076,0.12868666545314603,7.511902298164757E-7
Class-32-486,0.49532062398444465,0.08050007216008118,0.00932284250662493
Class-9-599_0,0.37949227180637746,0.1408475524378161,0.05359702492448906
Class-0-593_70,0.4956437073173451,0.18431370566741984,8.267049834131538E-4
Class-41-591,0.4956822019969452,0.4945776825913341,0.12273756357920196
Class-31-780_6,0.4960425879576517,0.3251367842941536,0.014864423503030567
Class-24-596_54,0.49576484075884764,0.0677282390707723,0.018542829606948735
Class-36-788_30,0.4958600172872427,0.1565715033523129,0.03565623435474437
