label,c1,c2,c3
pis,0.12310038958552973,0.40731110460499803,0.4695885058094723
Class-4-753_0,0.11073768875546788,0.25497055084841147,0.04370828221573529
Class-32-486,0.26837012828893875,0.19213738419549842,0.04865819176931061
Class-9-599_0,0.2378445555661079,0.22039186247296835,0.03386689549606396
Class-0-593_70,0.38502267540326807,0.962315731643673,0.9167948300820107
Class-41-591,0.21972799055950143,0.6144598918257745,0.42721207682065687
Class-31-780_6,0.23697339758978866,0.21986059011174935,0.05479396737688657
Class-24-596_54,0.44651775355555984,0.2083704352032471,0.0630054401641383
Class-36-788_30,0.20684841037168725,0.21593536477202654,0.07020474558668874
