label,c1,c2,c3
pis,0.036881195957291994,0.06961913557063638,0.8934996684720716
Class-4-753_0,0.016409570830666506,0.03222877947729382,6.907844428534345E-4
Class-32-486,8.50970546969677E-5,0.023763128782811376,0.007479637199766161
Class-9-599_0,0.09554052406374045,0.0422540247840886,0.011439222596617855
Class-0-593_70,0.18330543382260844,0.9999988549286317,0.999404583491303
Class-41-591,0.012317584397247068,0.011817369272685356,7.833054059969072E-4
Class-31-780_6,0.018103063033292257,0.061741835074768624,0.0029235195041964488
Class-24-596_54,0.00848084850618424,0.026982944151209307,0.0029761180340577586
Class-36-788_30,0.011679336098110947,0.041813718057392445,0.0034884921744299216
