label,c1,c2,c3
pis,0.6117678909459328,0.3803851563858508,0.007846952668216405
Class-4-753_0,0.004373665569964414,0.00551432445963971,0.1849920191707136
Class-32-486,0.0316220508916926,0.008649121820529213,0.13091649716763787
Class-9-599_0,0.007875173519901961,0.019366591399125083,0.0750070577931705
Class-0-593_70,0.08097256888359666,0.05324529701024882,0.2465161802531585
Class-41-591,0.022946830409421023,0.05581047629496081,0.22349980949181208
Class-31-780_6,0.14800178059007355,0.0012702595970367208,0.1270045584956814
Class-24-596_54,0.9986847579660514,0.9899326503764122,0.11553670384859033
Class-36-788_30,0.04952815364025621,0.04265673840568532,0.16850037273447196
