label,c1,c2,c3
pis,0.01558208785562268,0.02594554605113589,0.9584723660932415
Class-4-753_0,0.9962350436427997,0.30969815379210086,0.9933171331059724
Class-32-486,0.10205424068697495,0.006227801593966376,4.843007068603577E-4
Class-9-599_0,0.06638476213910992,0.12367873511140098,6.362430183131397E-5
Class-0-593_70,0.05594991926652361,0.022999307851634714,6.070014128827949E-4
Class-41-591,0.019305370515847024,0.021936994600772728,6.34327722065329E-5
Class-31-780_6,0.003348650062672348,0.03902643606870113,1.1480261935114637E-4
Class-24-596_54,0.016623586130462636,0.023299072946039192,6.684175623392629E-5
Class-36-788_30,0.016673294885053615,0.0197133227144598,8.34845061718788E-5
