label,c1,c2,c3
pis,0.06188427650523046,0.9346594572790281,0.003456266215741513
Class-4-753_0,0.0054227316856734495,1.9819297218365826E-4,0.029038605244690353
Class-32-486,0.012232732560018788,2.4752239266546635E-4,0.14451976426723281
Class-9-599_0,0.005780987703229461,0.0026344940782668806,0.032603149558585266
Class-0-593_70,0.036102830159867455,0.013454555036481968,0.1496933163217412
Class-41-591,0.002156004878326675,0.9892303290520472,0.9728905873586242
Class-31-780_6,0.0020860351648804283,8.125415815476047E-5,0.0531481507277023
Class-24-596_54,0.006810405360395698,7.98277883109042E-4,0.04733814962533694
Class-36-788_30,0.006995959433177512,4.888667065653196E-4,0.05854532396790658
