label,c1,c2,c3
pis,0.4463434993911217,0.24950979841147441,0.3041467021974038
Class-4-753_0,0.9705898278329571,0.38423717237365407,0.9947984955224944
Class-32-486,0.14367725419733726,0.0802812405982418,0.08913227701111669
Class-9-599_0,0.03769567603914137,0.0661366164072909,0.010391686139342193
Class-0-593_70,0.047401879947134115,0.03149193275430834,0.04464618124501448
Class-41-591,0.0416059797257666,0.11582174415997049,0.03797685754714818
Class-31-780_6,0.1646311299223569,0.39183670781666663,0.03643645354830891
Class-24-596_54,0.0416198532651476,0.05541319215446074,0.03410014174328889
Class-36-788_30,0.04205443863311607,0.05057958250008052,0.03858276259014952
