label,c1,c2,c3
pis,0.6732205929497999,0.32553115995306964,0.0012482470971306627
Class-4-753_0,0.0030846410258404122,0.002677549924617299,0.09828984309283577
Class-32-486,0.010385365676386977,0.0038679973446237507,0.0797708624996758
Class-9-599_0,0.001259406375390257,6.780365880409438E-4,0.019768015235722025
Class-0-593_70,0.007305542037862704,0.042459756340344545,0.5378267006224152
Class-41-591,0.0010112277788636246,0.004635750699181002,0.08441272235645185
Class-31-780_6,0.0015345504577198767,0.0025183597101000733,0.16775963580049083
Class-24-596_54,0.9894723495242628,0.9766145057489121,0.12585931412204618
Class-36-788_30,0.0016312467028002302,0.011043803077899005,0.11619622385200883
