label,c1,c2,c3
pis,0.029150187944890372,0.5464389909028142,0.4244108211522953
Class-4-753_0,0.03837915401038997,0.023826167777199782,0.02199423806643795
Class-32-486,0.04681324431583454,0.0060437237524045345,0.014937703204542555
Class-9-599_0,0.032520811682742456,0.02898861773868799,0.004386855829961728
Class-0-593_70,0.5004547173198887,0.9993105811969321,0.9802295953248975
Class-41-591,0.03553584662078388,0.004528392962329458,0.0016815344189109443
Class-31-780_6,0.010190280157406794,0.005722873483811243,0.007829331158546012
Class-24-596_54,0.0553210452631613,0.017517414741538277,0.012742045796793902
Class-36-788_30,0.04400176118039079,0.014699758101540351,0.008256569396675666
