label,c1,c2,c3
pis,0.3763507015415219,0.45422826509836783,0.1694210333601102
Class-4-753_0,0.05418676999948797,0.05859021410043765,0.0074225589400653096
Class-32-486,0.005186393928674666,0.02956551929311085,0.009875332634054173
Class-9-599_0,0.8179892216762543,0.9967939293396959,0.00815109777115765
Class-0-593_70,0.032155001857480936,0.004066018418332529,0.028532815354832347
Class-41-591,0.06676309391559385,0.016825964491254425,0.010575302699109574
Class-31-780_6,0.027229769291995602,0.026566463795348952,0.008191698596031007
Class-24-596_54,0.03746540936326582,0.028439084802125165,0.008730195697930088
Class-36-788_30,0.06479509427424777,0.044592679610162014,0.032616497756748734
