label,c1,c2,c3
pis,0.6574134334078372,0.027355511086149042,0.3152310555060139
Class-4-753_0,0.9593336823287238,0.2655780911815848,0.9969931431317112
Class-32-486,0.9635913461265607,0.16244439664419835,0.9751851349414445
Class-9-599_0,0.009265286528881339,0.18424142839782837,0.019670312460569318
Class-0-593_70,0.01105543057198918,0.18270542469554588,0.005946654488046387
Class-41-591,0.015113627148721345,0.17574985574140442,0.017271809329983383
Class-31-780_6,0.2055685529051722,0.007990445045941486,0.0038934817498373626
Class-24-596_54,0.015118891978993099,0.13229001486178332,0.004793563805821203
Class-36-788_30,0.015333729622332596,0.20153157305207964,0.006695103147951403
