label,c1,c2,c3
pis,0.2580223394947681,0.6999146543549443,0.04206300615028767
Class-4-753_0,0.023764780898040076,0.010444687807616536,0.11356635133266761
Class-32-486,0.023063055331278347,0.004297074013905371,0.10581068694716901
Class-9-599_0,0.016611097583902768,0.01597895593635166,0.018632424493678783
Class-0-593_70,0.024239541458281878,0.029856963830155864,0.21342627055495497
Class-41-591,0.00694053291750109,0.1641644493496542,0.7522688156889965
Class-31-780_6,0.0028568269180130144,0.009115804557140159,0.0450606072183482
Class-24-596_54,0.9388144743751934,0.789408444300224,0.04719172886324242
Class-36-788_30,0.008977503035923148,0.006380686424412215,0.06795863524491529
