label,c1,c2,c3
pis,0.007208793410853617,0.9265524807748627,0.06623872581428376
Class-4-753_0,0.44845653878409825,0.02544790089945638,0.3042948655051176
Class-32-486,0.3787395797547706,0.01855734609823553,0.1865618735060049
Class-9-599_0,0.340556870588665,0.018774662370022083,0.021026775541323903
Class-0-593_70,0.4523928041838252,0.019092426277746346,0.3646751862241514
Class-41-591,0.4956822019969452,0.021499490260645848,0.315642050763903
Class-31-780_6,0.21046430379391334,0.011313959954307925,0.15962927425026138
Class-24-596_54,0.49576484075884764,0.02699966923153628,0.17992819675701024
Class-36-788_30,0.4958600172872427,0.02490017667177956,0.22418555061550446
