label,c1,c2,c3
pis,0.0025428897929686,2.3046412087518372E-4,0.9972266460861561
Class-4-753_0,0.9986935457973071,0.5633220957790535,0.9931167308452616
Class-32-486,0.08435274742886135,0.07247488635052952,7.224598325841182E-4
Class-9-599_0,0.03338448401208911,0.1706739893211498,3.618127678587121E-5
Class-0-593_70,0.03273137382503612,0.1708862242510357,2.070564776155724E-5
Class-41-591,0.008924423695750363,0.05615259817749689,4.989053881299744E-6
Class-31-780_6,0.006715812397324958,0.10007082826352137,7.033735810925907E-5
Class-24-596_54,0.007444443217867932,0.10139195382196295,7.552435881002902E-5
Class-36-788_30,0.007470849673561879,0.1427070344343834,5.595052790979346E-5
