label,c1,c2,c3
pis,0.9918490122997013,3.792219277719055E-4,0.007771765772526696
Class-4-753_0,0.9716703016201779,0.5521808165508377,0.9972357788745236
Class-32-486,0.9298906928450584,0.08869157512485415,0.991057413558001
Class-9-599_0,2.1111492034005328E-4,0.044572936757767856,9.77528274294313E-4
Class-0-593_70,2.2035439900319664E-4,0.05982608704319631,7.990800757995654E-4
Class-41-591,1.0863046215303875E-4,0.01392778166518169,3.4780579147373125E-4
Class-31-780_6,3.106626160650409E-4,0.026289540316338296,8.540467516391957E-4
Class-24-596_54,9.328920515477715E-5,0.028552829610394116,0.0011001729895545522
Class-36-788_30,9.521837426259438E-5,0.0448595243824609,7.91967317407247E-4
