label,c1,c2,c3
pis,0.7424994555011333,0.011598118294786004,0.24590242620408076
Class-4-753_0,0.07999703391856673,0.21404437335903476,0.01751964472129858
Class-32-486,0.8436116737654853,0.08634189594292699,0.8913352436244925
Class-9-599_0,0.0017300681297210032,0.05863825048830852,0.04197941463009374
Class-0-593_70,0.0014952837573140056,0.0798599923162536,0.03914497492168706
Class-41-591,0.0010416755390691586,0.06524242012644077,0.0305854131672701
Class-31-780_6,0.045046375842194834,0.11154052542878656,0.012458201727557293
Class-24-596_54,9.885199448737567E-4,0.0480524148757151,0.02311023520374362
Class-36-788_30,9.891045654051172E-4,0.07683407906766197,0.019114010250690535
