label,c1,c2,c3
pis,0.3387870960732374,0.007464309059227236,0.6537485948675353
Class-4-753_0,0.027060330825673853,0.9524846182722041,0.006471372489205722
Class-32-486,0.0740937910025706,0.10448172124556067,0.013860998363353508
Class-9-599_0,0.008882362484843271,0.1862554440352988,9.461242349275623E-4
Class-0-593_70,0.021849208699790144,0.1708862242510357,0.013222892811038427
Class-41-591,0.008924423695750363,0.017438671383698368,0.004316541122428488
Class-31-780_6,0.01691584470532053,0.05140917814793458,0.019344334312084266
Class-24-596_54,0.007444443217867932,0.10139195382196295,0.015266346541155993
Class-36-788_30,0.007470849673561879,0.1427070344343834,0.011347201896729912
