label,c1,c2,c3
pis,0.002801064602720445,0.18787788646671374,0.8093210489305658
Class-4-753_0,0.24980369717420556,0.038123454348613334,0.026136950482828474
Class-32-486,0.07369754379531619,0.01349876368930881,0.008574564324699644
Class-9-599_0,0.4958170899220839,0.008881244585077367,0.017632472692968925
Class-0-593_70,0.4954887996210664,0.030186798679005478,0.05945936697305224
Class-41-591,0.42772359087727446,0.9844537326202107,0.9542719636548364
Class-31-780_6,0.15607163047856096,0.14428506659178192,0.010163205471301028
Class-24-596_54,0.4143255453958483,0.01638511145296531,0.012560825624926377
Class-36-788_30,0.3807899561662874,0.010172687201638973,0.05022038037429196
