label,c1,c2,c3
pis,0.26794126585554967,0.30361001577022867,0.4284487183742216
Class-4-753_0,0.006909703022118265,0.04981049883195339,0.02354548764146173
Class-32-486,0.0038239751615377435,0.015116726066028771,0.009300102160496832
Class-9-599_0,0.04155209099681786,0.09815612402824443,0.01068455369077191
Class-0-593_70,0.014411462218028801,0.039967014031809446,0.11742365196656543
Class-41-591,0.014275813818769122,0.007757929564227367,0.05407137905217963
Class-31-780_6,0.012965683624157807,0.06299866737929768,0.009870404838568271
Class-24-596_54,0.029198427379370052,0.022468757765453755,0.009358568059436216
Class-36-788_30,0.01259826554607255,0.02417097166705881,0.022439410495305845
