label,c1,c2,c3
pis,0.03534577466152009,0.06188164094004602,0.9027725843984339
Class-4-753_0,0.027479462898340388,0.05850370803718984,0.006530524846932846
Class-32-486,4.1598738988206054E-4,0.01800798887327541,0.004966011262275186
Class-9-599_0,0.17101220351581897,0.027404286144709064,0.006373433668493468
Class-0-593_70,0.15127770019554315,0.9418289362397807,0.7235030526973613
Class-41-591,0.03891945919875564,0.01012173505989777,0.0058765223888344814
Class-31-780_6,0.01832652267564969,0.08322603325681545,0.0033210117680625606
Class-24-596_54,0.029393334822661876,0.026590842923623417,0.0035366934071051582
Class-36-788_30,0.02898517106350642,0.017788533256161403,0.0067225148913923755
