label,c1,c2,c3
pis,0.7119526130651892,0.2640067469691144,0.024040639965696307
Class-4-753_0,0.07910155508735356,0.33809646658104514,0.07256462818995203
Class-32-486,0.05724936867259578,0.24240699239307334,0.11088065172867535
Class-9-599_0,0.004548099434960359,0.007651893170102741,0.044046289481621266
Class-0-593_70,0.006771518847869505,0.010224904983633381,0.08532810539536706
Class-41-591,0.005395156699599182,0.01917003871525041,0.047066257454042096
Class-31-780_6,0.017030415442824257,0.012398747272584464,0.1886229849799905
Class-24-596_54,0.005397085593853848,0.030012823666715434,0.09745292152864815
Class-36-788_30,0.005493562468585152,0.02864223726615444,0.06318426055886084
