label,c1,c2,c3
pis,0.9982179611615909,0.0012993448345809187,4.826940038280159E-4
Class-4-753_0,0.00810175971229898,0.354277292192884,0.14894364085502373
Class-32-486,0.006138844411253602,0.49449230394733484,0.12904613958514494
Class-9-599_0,0.010712824931805295,0.4945585447364092,0.49387677006585257
Class-0-593_70,0.015455373098099816,0.4670405363037997,0.23315367176364207
Class-41-591,0.008902366427028236,0.13496516181533022,0.49438695647965014
Class-31-780_6,0.01318055840462038,0.2947397034518254,0.24666028319110872
Class-24-596_54,0.9999861366257853,0.9999986255262043,0.25117556189067247
Class-36-788_30,0.007363082514861354,0.36457332572440065,0.3858329379958833
