label,c1,c2,c3
pis,0.004531695109986081,4.4312163361884824E-4,0.9950251832563952
Class-4-753_0,0.9998483224411676,0.7822064252342736,0.9998931176984678
Class-32-486,0.46020051684693153,0.3958180050714035,0.06068851851082486
Class-9-599_0,0.4958170899220839,0.48309377517476054,0.005402064057370953
Class-0-593_70,0.4956437073173451,0.4934697861023262,0.0017069540289704102
Class-41-591,0.4956822019969452,0.4945776825913341,0.0058311485687028404
Class-31-780_6,0.2788972909090406,0.49499702418741287,0.018066397716153402
Class-24-596_54,0.49576484075884764,0.49398970299792394,0.013682548303169041
Class-36-788_30,0.4958600172872427,0.4937891831282697,0.005318942318078061
