label,c1,c2,c3
pis,0.10303275550940309,0.11676515447042023,0.7802020900201767
Class-4-753_0,0.036000417173667656,0.023888955789381543,0.9294675259834934
Class-32-486,0.04567737590995184,0.029667472178050422,0.272846491543064
Class-9-599_0,0.006521220799390255,0.011165272882922881,0.0021603222073604193
Class-0-593_70,0.0063733929471987355,0.016756464494567823,0.004272075610971129
Class-41-591,0.007798375413227812,0.010614980610950436,0.003604446958367383
Class-31-780_6,0.3251961374931362,0.015837565068659836,0.001983364717949941
Class-24-596_54,0.008055352316292248,0.013425844954680083,0.002489172008098991
Class-36-788_30,0.008078073414050344,0.01167665717584128,0.004213665025894539
