label,c1,c2,c3
pis,0.1845799805450683,0.8143028718802746,0.001117147574657109
Class-4-753_0,0.02032676512453866,0.003036727145259742,0.24177377848272635
Class-32-486,0.00791185185862552,0.011191523889397257,0.17825637506849576
Class-9-599_0,0.824457663843084,0.9277680581793682,0.0474243642667631
Class-0-593_70,0.010364676879313407,9.522609426892834E-4,0.29330440974947486
Class-41-591,0.013174457737401045,0.13387146393936936,0.8405654517140385
Class-31-780_6,0.007733329536825333,0.002344966963515647,0.19652905204885088
Class-24-596_54,0.0418083708157871,0.0075746052606034606,0.18203743816426576
Class-36-788_30,0.017693666530364006,0.013202368914055934,0.24324044048974233
