label,c1,c2,c3
pis,0.015937498599507504,0.00372840664915394,0.9803340947513385
Class-4-753_0,0.9956925747470013,0.30969815379210086,0.9964411286446633
Class-32-486,0.9944222674730595,0.006227801593966376,0.967111270187861
Class-9-599_0,0.04347414384059384,0.12367873511140098,2.0072339469832452E-4
Class-0-593_70,0.030760626010423925,0.022999307851634714,2.751360835996094E-4
Class-41-591,0.019305370515847024,0.021936994600772728,1.0266879270800271E-4
Class-31-780_6,0.0013756644138986133,0.03902643606870113,9.28435569735369E-5
Class-24-596_54,0.016623586130462636,0.023299072946039192,1.586531816491131E-4
Class-36-788_30,0.016673294885053615,0.0197133227144598,1.1770191645822354E-4
