label,c1,c2,c3
pis,0.5164031858206907,3.3075200815510264E-4,0.4832660621711541
Class-4-753_0,0.993986147151132,0.5633220957790535,0.9999185889585668
Class-32-486,0.9878073953278357,0.07247488635052952,0.9977377767908291
Class-9-599_0,0.003682652261214548,0.20189695663149668,0.0015885562746529708
Class-0-593_70,8.881438594876607E-4,0.1708862242510357,0.0025438279762741737
Class-41-591,5.667606574169864E-4,0.05615259817749689,4.263695386145084E-4
Class-31-780_6,0.001058975372872728,0.10007082826352137,0.0010553196611445147
Class-24-596_54,5.101823328684202E-4,0.10139195382196295,0.0015906356939998352
Class-36-788_30,5.000261048935168E-4,0.1427070344343834,9.91433201694872E-4
