label,c1,c2,c3
pis,0.8591887760692184,0.06955906694884285,0.07125215698193868
Class-4-753_0,0.03546874532864118,0.200754916986106,0.08091680579188272
Class-32-486,0.04018452544728347,0.054311524490457515,0.1590363692739125
Class-9-599_0,0.9958800435164303,0.14626433580344742,0.027912275554627237
Class-0-593_70,0.01088906183265213,0.05109945785494306,0.4945578278170471
Class-41-591,0.0018806760604032553,0.022858866451925454,0.016262736404776112
Class-31-780_6,0.00444590805150492,0.051080898140483846,0.12894584870040138
Class-24-596_54,0.0014742854611834112,0.052098052263790176,0.0851311700212059
Class-36-788_30,0.0014811166656774405,0.08452727246728778,0.07183827863728331
