label,c1,c2,c3
pis,0.9141447435142019,0.050670933522149936,0.03518432296364813
Class-4-753_0,5.633245292409676E-5,0.01197608150145199,0.15553796749074675
Class-32-486,0.0615692765536429,0.2021529423175165,0.9899483402531422
Class-9-599_0,0.009265286528881339,0.07865622048559652,0.14356718203257854
Class-0-593_70,0.01105543057198918,0.11167894748844022,0.058322533495795366
Class-41-591,0.015113627148721345,0.04535447741023211,0.11474004195785914
Class-31-780_6,0.9608599211504989,0.052608468864161,0.04096762763876836
Class-24-596_54,0.015118891978993099,0.0863544789747022,0.05498436967008298
Class-36-788_30,0.015333729622332596,0.09142282593466661,0.0772375021192647
