label,c1,c2,c3
pis,0.24577759490585294,0.718440880436072,0.03578152465807508
Class-4-753_0,0.07962656061204727,0.02769042210675493,0.26312786859067583
Class-32-486,0.2712002784345518,0.071379347796841,0.27182360214208695
Class-9-599_0,0.014266478054587953,0.002355697010526129,0.10635568285231994
Class-0-593_70,0.06400128252035014,0.03356461373581869,0.4945578278170471
Class-41-591,0.07465889167468899,0.08634397937865035,0.49438695647965014
Class-31-780_6,0.0801181291321348,0.0469046904241985,0.22255999523474873
Class-24-596_54,0.999752577968769,0.9988344828587663,0.255860351508674
Class-36-788_30,0.06467641150779044,0.9342537593183429,0.27704058755324296
