label,c1,c2,c3
pis,0.17622194943493308,0.5029756377142025,0.3208024128508644
Class-4-753_0,0.00676151671664281,0.0069393523753741295,0.8475036341365592
Class-32-486,3.3641543071284414E-4,0.013408044650111495,0.005279897063128144
Class-9-599_0,0.02005362789016315,0.01217026691898484,0.0014977006137102125
Class-0-593_70,0.02839226995222591,0.02910243246846999,0.014744882526419662
Class-41-591,0.024270485561124357,0.032968928340648726,0.008961090384576346
Class-31-780_6,0.9600161342544318,0.8589742871467725,0.001674562305342136
Class-24-596_54,0.02312468429411093,0.012224182134822643,0.0014714219108737043
Class-36-788_30,0.02392858146428805,0.020253934753282517,0.0027252989558893674
