label,c1,c2,c3
pis,0.38330833754323373,0.3411106716031751,0.27558099085359117
Class-4-753_0,0.11609282571427304,0.16124217072698824,0.08354597546619949
Class-32-486,0.9086185487253049,0.021046789749485456,0.8197399236584925
Class-9-599_0,0.009076014547218856,0.015944482078655568,0.017359594936814247
Class-0-593_70,0.008000613406256442,0.008179354937785153,0.03807191802631996
Class-41-591,0.010776858359417218,0.03750159673875788,0.034894937731400955
Class-31-780_6,0.022078281327158045,0.06234617269080512,0.012558367626401338
Class-24-596_54,0.011202244068734053,0.010585241083952155,0.01344461135643351
Class-36-788_30,0.011191155622097895,0.009082436688495048,0.01465684827258882
