label,c1,c2,c3
pis,0.1474078387839574,0.4062306053757441,0.44636155584029863
Class-4-753_0,1.3262640252556483E-4,0.004022086888280111,0.021912972386374834
Class-32-486,5.022574146056844E-4,0.04848216832522248,0.04596024258921113
Class-9-599_0,0.04114038575850259,0.043627828525721314,0.003922494229968405
Class-0-593_70,0.07309160096468496,0.056408782798337484,0.07793332219920535
Class-41-591,0.041258807249317256,0.01482802563856841,0.012403926964392825
Class-31-780_6,0.9948237375503434,0.025902025131281852,0.028226836132224768
Class-24-596_54,0.03670227611717535,0.04360996333304445,0.029764738673617
Class-36-788_30,0.036790951629196864,0.0484198875891227,0.03006641266627294
