label,c1,c2,c3
pis,0.013385673948567765,0.08015806209217971,0.9064562639592525
Class-4-753_0,0.023236801147335315,0.04409572296723345,0.0014461249650630037
Class-32-486,0.004304062311024707,0.026393788951121887,0.005496166884040278
Class-9-599_0,0.10638000849604488,0.10306257628267755,0.010403410740491899
Class-0-593_70,0.44069175837468294,0.9999895514290601,0.9969368557275673
Class-41-591,0.06676309391559385,0.0248857967301728,0.0021395846909551216
Class-31-780_6,0.09388014898991036,0.10728857898445769,0.002138516440103909
Class-24-596_54,0.053980869803271256,0.040464826483957814,0.0025454410642473074
Class-36-788_30,0.06479509427424777,0.07593638214659605,0.0024386361030493114
