label,c1,c2,c3
pis,0.05248594161872426,0.2156179669033369,0.7318960914779389
Class-4-753_0,0.023312304456439607,0.02441193746019966,0.0018730892231875048
Class-32-486,3.950557983201092E-4,0.010804059329404545,0.009042980401712673
Class-9-599_0,0.1416593262124025,0.0017336076577162032,0.06857561400114207
Class-0-593_70,0.12263907925695712,0.9916453296465494,0.9680004619558972
Class-41-591,0.025033771896090892,0.017699480595673125,0.003251266429751479
Class-31-780_6,0.04134724720701271,0.027183278540463804,0.00592254015344478
Class-24-596_54,0.01808669270573969,0.02288572943779035,0.006068199639519613
Class-36-788_30,0.024758812091596454,0.06955326929612185,0.00891256210184723
