label,c1,c2,c3
pis,0.9810389301074917,3.283765612457357E-4,0.01863269333126251
Class-4-753_0,0.9998298160812972,0.8468642254571797,0.9999990220920271
Class-32-486,0.009389381978369664,0.29334725553007385,0.025450297150496338
Class-9-599_0,1.8196018396969123E-4,0.04954892186940643,0.002597123476147938
Class-0-593_70,3.453104735081054E-4,0.08941972414457088,2.0591139333214762E-4
Class-41-591,2.395311951404488E-4,0.044398530794846264,0.0010645835821544896
Class-31-780_6,0.01020797114290596,0.05390087517758053,0.004871691211253651
Class-24-596_54,2.3962141963538764E-4,0.05998829767871092,0.0033489896476779366
Class-36-788_30,2.4649179477378487E-4,0.0744067994489983,0.0025790902118944187
