label,c1,c2,c3
pis,0.511143449509796,0.31453827795978484,0.17431827253041943
Class-4-753_0,4.026010242425686E-4,0.015157971441138863,0.04155799473600629
Class-32-486,0.035205753245654274,0.03225016763998261,0.8029683264966138
Class-9-599_0,0.007819033825122081,0.018028949623251432,0.0077650620279464426
Class-0-593_70,0.009847418720068682,0.010633715684986373,0.018922454599580984
Class-41-591,0.011782875701082047,0.012192073219719737,0.016930340017470544
Class-31-780_6,0.6225484416284912,0.016853340736453906,0.010313958320244601
Class-24-596_54,0.011787010440911017,0.01321128834071872,0.009731376492133466
Class-36-788_30,0.011965074904531223,0.00950375660432339,0.009812805045407956
