label,c1,c2,c3
pis,0.5557069208131267,0.18198936046126965,0.2623037187256037
Class-4-753_0,0.9494219753244988,0.9073762411382755,0.9644777496772539
Class-32-486,0.018531798369335648,0.006989090362971056,0.0024699018280374494
Class-9-599_0,0.0016331205271753364,0.009696324178376167,1.6802661990674068E-4
Class-0-593_70,0.0019446810562760769,0.003381982648364378,5.840063751313741E-4
Class-41-591,6.714398702684599E-4,0.0024381094296276338,1.024746598108735E-4
Class-31-780_6,0.003387575566314612,0.03290060781141689,0.0013373711469336783
Class-24-596_54,5.945217508009426E-4,0.004104706082408949,2.6286218269108935E-4
Class-36-788_30,6.043780747365317E-4,0.0034077909452162884,2.7004512619582626E-4
