label,c1,c2,c3
pis,0.9266370375368485,0.02118369365632243,0.052179268806829104
Class-4-753_0,0.004467167854880615,0.18834367978988317,0.03410123064125486
Class-32-486,2.056148811068205E-4,0.021985647158589566,1.763617372964609E-4
Class-9-599_0,0.8895468605354694,0.8509403854683691,0.7134428092585757
Class-0-593_70,0.0016631877835823004,0.101049917830384,0.0022966906201914716
Class-41-591,0.0024459269989969747,0.0348568975790841,0.04692011805694094
Class-31-780_6,8.49904612216279E-4,0.06688692764383422,0.021129458124025762
Class-24-596_54,0.014655879586127579,0.04772393127886987,0.02150983862941628
Class-36-788_30,0.002007618204448096,0.0522261706262603,0.0370363979063094
