label,c1,c2,c3
pis,0.0033479691842742782,0.3882239618994251,0.6084280689163005
Class-4-753_0,0.08211947023270035,0.015302703191464056,0.018342236282410728
Class-32-486,0.18776381404938375,0.00437387999869773,0.012136592519826085
Class-9-599_0,0.14373321757218294,0.016763763376599534,0.006119428640138343
Class-0-593_70,0.734379118450809,0.7608438724992707,0.7184657491283035
Class-41-591,0.3447489650429338,0.9406599597895932,0.8096423714314843
Class-31-780_6,0.10682454541502588,0.02119359700429571,0.0064574218302414855
Class-24-596_54,0.43237930971939365,0.01317357831427592,0.007931821671811346
Class-36-788_30,0.43414181137494134,0.010219013776799861,0.01722644118951244
