label,c1,c2,c3
pis,0.9996717912344198,3.1213374566170114E-5,2.9699539101366105E-4
Class-4-753_0,0.018591196299680684,0.49590947984291606,0.23985626188107673
Class-32-486,0.9991870543718662,0.41467715961638496,0.9999988328846506
Class-9-599_0,8.892644996863518E-5,0.05251075841700165,0.285329962153217
Class-0-593_70,1.2715107774157508E-4,0.08941972414457088,0.03241895379010779
Class-41-591,2.395311951404488E-4,0.044398530794846264,0.333415937219193
Class-31-780_6,0.008531639183358168,0.05390087517758053,0.07991875075363597
Class-24-596_54,2.3962141963538764E-4,0.05998829767871092,0.14734371165963528
Class-36-788_30,2.4649179477378487E-4,0.0744067994489983,0.09635310962521683
