label,c1,c2,c3
pis,0.02701723032176383,0.3248992541968602,0.6480835154813759
Class-4-753_0,0.23481309601075914,0.12150920281765233,0.03230743102787665
Class-32-486,0.0809983937127521,0.06286394716696977,0.028932327997003605
Class-9-599_0,0.340556870588665,0.016776574450949915,0.02792424439192834
Class-0-593_70,0.4525207368341587,0.05548052796218041,0.11247314247357856
Class-41-591,0.41580111319729907,0.9678046828893894,0.9584457386488421
Class-31-780_6,0.40197698553094385,0.12125766393335337,0.03839041553479084
Class-24-596_54,0.4001421480890307,0.07318634053397494,0.04994588570234633
Class-36-788_30,0.4324497086562115,0.06182768655046372,0.08737065566164202
