label,c1,c2,c3
pis,0.009587454082271454,0.6263746741265056,0.36403787179122304
Class-4-753_0,0.030277107065369204,0.0057519004234125246,0.012881416647392983
Class-32-486,0.04393262484036978,0.0028795085190353813,0.006820856420699989
Class-9-599_0,0.25530337731752556,0.018674143742834774,0.012502286527687359
Class-0-593_70,0.4594835402456053,0.06291027359383383,0.018924779606583286
Class-41-591,0.2637317047249862,0.9927544424952617,0.9412514522684349
Class-31-780_6,0.11982413934830755,0.01626196390879245,0.003883010941087343
Class-24-596_54,0.35199951125406553,0.009393953816024321,0.004197489876423924
Class-36-788_30,0.37575589975289325,0.008828324056610487,0.017161019581333682
