label,c1,c2,c3
pis,0.2453746508450395,0.7430550646888325,0.011570284466127895
Class-4-753_0,0.013958918683309488,0.0027507643398258395,0.09867373826838044
Class-32-486,0.02366335445577924,0.005552461184874085,0.1416178296788523
Class-9-599_0,0.03614558371506743,0.06180047544371775,0.1784007497099778
Class-0-593_70,0.03461910989785406,0.07977115460849629,0.14746430018569118
Class-41-591,0.008972758558999911,0.03750832340993395,0.09988759419931346
Class-31-780_6,0.008824656220533677,0.006579664454232143,0.05266524471075814
Class-24-596_54,0.24058269775737265,0.015130533982118444,0.08028634077622922
Class-36-788_30,0.018775290543322224,0.0186298524882453,0.08357650546550097
