label,c1,c2,c3
pis,0.5655434608276467,0.39738586473765347,0.037070674434699954
Class-4-753_0,0.07170944863835432,0.02605292726296008,0.21368649110742857
Class-32-486,0.04209078255519483,0.028375406690877868,0.3228081302840604
Class-9-599_0,0.04853408967255658,0.10285027344616215,0.07774515266112789
Class-0-593_70,0.09884173097039925,0.17468131510484827,0.4945578278170471
Class-41-591,0.020870567562854117,0.048159154826232994,0.11020260531561343
Class-31-780_6,0.021682658774121604,0.011802930202579467,0.29963643314633803
Class-24-596_54,0.03530399617929323,0.04950512223045173,0.2587461032622486
Class-36-788_30,0.035788565329387005,0.06622925003056775,0.24366030617258594
