label,c1,c2,c3
pis,0.610547597088031,0.37929479474787126,0.010157608164097736
Class-4-753_0,0.012395123895319982,0.002610316273048435,0.02461445744283427
Class-32-486,1.5869267206579526E-4,0.0320828045700624,0.02183544999654791
Class-9-599_0,0.9205166518202568,0.9996761861396228,0.020885405819008288
Class-0-593_70,0.004891306902074633,2.583220606022726E-4,0.15453044633967877
Class-41-591,0.012317584397247068,0.00183963531256456,0.07093126173773971
Class-31-780_6,0.022575972367399805,0.007784901526158793,0.05847078431369594
Class-24-596_54,0.004500934402743409,0.0047126485454334534,0.03525945686831264
Class-36-788_30,0.011679336098110947,0.010092500592232226,0.08137564341463349
