label,c1,c2,c3
pis,0.050113287825116044,0.6346876314451578,0.31519908072972613
Class-4-753_0,0.013452945515427622,0.008406446550826972,0.002834950337896383
Class-32-486,8.11263815506684E-4,0.0028169578570121884,0.0020020644645429783
Class-9-599_0,0.9344870636686228,0.9937028011826925,0.005984249279368222
Class-0-593_70,0.12550401675542425,0.21387482900771296,0.8370137815618394
Class-41-591,0.04418348820477671,0.0013115890410786701,0.0010170699012233052
Class-31-780_6,0.013035840930386799,0.004285101473015323,8.53649902701089E-4
Class-24-596_54,0.022218657094132073,0.008348342909981741,9.784596593917791E-4
Class-36-788_30,0.042627281060733144,0.011810670437341146,0.0019467093060650325
