label,c1,c2,c3
pis,0.04112810324556651,0.31837308049037655,0.6404988162640569
Class-4-753_0,0.11439441476495245,0.008346761153928272,0.03643423425638243
Class-32-486,0.048407597301704075,0.02411798584281631,0.04696543035562437
Class-9-599_0,0.23794436646661385,0.03072681152426847,0.10664506794647428
Class-0-593_70,0.7888156872825954,0.9966187899338506,0.9568382245833789
Class-41-591,0.22643700599024977,0.0548861235229493,0.03991759087855879
Class-31-780_6,0.20802359467710688,0.03564755541725661,0.03256477040508384
Class-24-596_54,0.32543050793819794,0.03378502048001768,0.03751204388558734
Class-36-788_30,0.29758708452704824,0.9980843429671928,0.652706860575898
