label,c1,c2,c3
pis,0.1168907124535565,0.8823622871822436,7.470003641999103E-4
Class-4-753_0,0.8820868602770223,0.98947842784671,0.178980218190868
Class-32-486,0.05724936867259578,0.010416330234513858,0.1363267537589754
Class-9-599_0,0.004548099434960359,0.0016711982559779526,0.08556626801213546
Class-0-593_70,0.006771518847869505,0.0014410970998020728,0.12512490005906912
Class-41-591,0.005395156699599182,0.0018358425774250612,0.0747253634660449
Class-31-780_6,0.029541437736257836,0.009303377344112549,0.45150263898068443
Class-24-596_54,0.005397085593853848,0.0020725796518801898,0.09745292152864815
Class-36-788_30,0.005493562468585152,0.0017707645934904742,0.11248230634093229
