label,c1,c2,c3
pis,0.12230210564241385,0.02088623166174298,0.8568116626958432
Class-4-753_0,0.9989303093928255,0.5633220957790535,0.9999185889585668
Class-32-486,0.08435274742886135,0.07247488635052952,0.03321952946427275
Class-9-599_0,0.06332845050946327,0.20189695663149668,0.0015885562746529708
Class-0-593_70,0.03273137382503612,0.1708862242510357,0.007964277016115417
Class-41-591,0.008924423695750363,0.05615259817749689,4.544476301633982E-4
Class-31-780_6,0.006715812397324958,0.10007082826352137,0.006523869276509261
Class-24-596_54,0.007444443217867932,0.10139195382196295,0.0039729064845615844
Class-36-788_30,0.007470849673561879,0.1427070344343834,0.003322399544727088
