label,c1,c2,c3
pis,0.03039061682778141,0.0875297158304867,0.8820796673417318
Class-4-753_0,0.1718304248329618,0.21059242952530086,0.020949808169353188
Class-32-486,0.17831007618699318,0.03477385354397628,0.01941598025051766
Class-9-599_0,0.11166616714525722,0.20010205683728127,0.0075182271930022025
Class-0-593_70,0.12097459434726758,0.06709756025416883,0.014128818615748752
Class-41-591,0.05982198783020439,0.06508955063153223,0.0049970423864098895
Class-31-780_6,0.03086014916011964,0.09547037492016262,0.0063739472795666515
Class-24-596_54,0.05410520731987016,0.06772013220108478,0.00881350930135927
Class-36-788_30,0.05421994279750595,0.060537857669403915,0.007753169226947663
