label,c1,c2,c3
pis,0.4564487862698621,0.08179252299253305,0.4617586907376049
Class-4-753_0,0.030418822080818964,0.027935971600019188,0.9900635691894768
Class-32-486,1.8216170340265483E-4,0.08526788965797599,0.006493101321549853
Class-9-599_0,0.013201487572304186,0.016122341419392554,0.002070533432325416
Class-0-593_70,0.018091188776249413,0.026394303240830676,0.0013479278892023264
Class-41-591,0.015113627148721345,0.011042034208933729,9.547937476606969E-4
Class-31-780_6,0.9786123983729725,0.09261776150387961,0.010950593877075709
Class-24-596_54,0.015118891978993099,0.0295058240101784,0.001392100622043675
Class-36-788_30,0.015333729622332596,0.026689539997748955,0.0025380619897267228
