label,c1,c2,c3
pis,0.5129770663570682,0.0011189232981233424,0.48590401034480846
Class-4-753_0,0.9859800993332937,0.47915664570378896,0.9996077412042863
Class-32-486,0.9748909146536059,0.10639818604894564,0.9937608216721328
Class-9-599_0,2.4707516088563906E-5,0.2406666675004268,0.004616311636649502
Class-0-593_70,0.002850296185747554,0.2107373530380082,0.006827741826614659
Class-41-591,0.0019615617080506937,0.08665402291465099,0.0015464840828306801
Class-31-780_6,0.0033001995506746094,0.13779805210291565,0.003286485820353749
Class-24-596_54,0.0017972769290027764,0.13916793507176367,0.004621554841305211
Class-36-788_30,0.0017675614745295777,0.18267985656691127,0.0031202079487407347
