label,c1,c2,c3
pis,0.5829972404098274,0.07503915519294663,0.341963604397226
Class-4-753_0,0.9896504767868315,0.960227539816178,0.9993060804625296
Class-32-486,0.9705193304123307,0.03754193080794739,0.9882635949382352
Class-9-599_0,0.009265286528881339,0.05278847162030044,0.0060392152312241645
Class-0-593_70,0.011046400773649327,0.03158979102194645,0.008720888370553702
Class-41-591,0.015113627148721345,0.06280175768384547,0.01671777643614743
Class-31-780_6,0.01431701542827302,0.12673005366939766,0.004906315097296499
Class-24-596_54,0.015118891978993099,0.01735389029321707,0.006883476843837895
Class-36-788_30,0.015333729622332596,0.016319265664588967,0.007109861807445102
