label,c1,c2,c3
pis,0.029331738964000428,0.7726911695612864,0.19797709147471332
Class-4-753_0,0.07586473723286825,0.01735771414733508,0.056355600143065
Class-32-486,0.07484857741748607,0.008197526691784649,0.03669092397735756
Class-9-599_0,0.1010100486634064,0.010164127980816713,0.012273164435973984
Class-0-593_70,0.5428140765045115,0.9946983617638193,0.9824466971944438
Class-41-591,0.05987591174937095,0.3062235183756324,0.15479687266627246
Class-31-780_6,0.021540656962783407,0.01079800624592622,0.02378121829250103
Class-24-596_54,0.08567957283059939,0.012771775382995787,0.023712409976500027
Class-36-788_30,0.07121335077757798,0.007936251267831842,0.03395976248918356
