label,c1,c2,c3
pis,0.005175101752623892,0.16451829897845963,0.8303065992689164
Class-4-753_0,0.19991850861162994,0.005518907428708623,0.9958637277101889
Class-32-486,0.0013671567468556945,0.012902539445920973,0.010654158631626982
Class-9-599_0,0.197995308191675,0.027077270858878757,0.005854154034757076
Class-0-593_70,0.15395491033566802,0.015873431922268973,0.014834726116114222
Class-41-591,0.16380395306179826,0.03964033577307359,0.008613406608465981
Class-31-780_6,0.9426753675609101,0.050917985411106655,0.003632529957670076
Class-24-596_54,0.17014484735124366,0.022672929852850843,0.0050434769915945945
Class-36-788_30,0.16825616945467986,0.01711639008931428,0.007530268285634523
