label,c1,c2,c3
pis,0.6121201492661839,0.09539246155830121,0.2924873891755148
Class-4-753_0,0.8244627174718206,0.4022860695848932,0.9382733766946721
Class-32-486,0.07432056203306797,0.02174133278162642,0.020963426927870298
Class-9-599_0,2.646792324382674E-4,0.03972346103908369,0.004191339928244182
Class-0-593_70,0.0033598297031674105,0.010722103886582119,0.020079551616789395
Class-41-591,0.0014505506325666162,0.028494920630675828,0.002228372465963566
Class-31-780_6,0.0023556316536213593,0.010453110500405314,0.009883796326218738
Class-24-596_54,0.0013455496136953844,0.018376648793980585,0.008610053461881517
Class-36-788_30,0.0013470374607957218,0.025216880852174,0.006053365146364867
