label,c1,c2,c3
pis,0.02180628795295008,0.8952690720627464,0.0829246399843036
Class-4-753_0,0.02788705575555844,0.0036095201668824533,0.030704648898114653
Class-32-486,0.06142641337448308,0.0017043032219490905,0.030409944462810336
Class-9-599_0,0.012893417127854976,0.013079450883324038,0.031043954962443086
Class-0-593_70,0.38571856869322346,0.9075618762300337,0.9118345234880413
Class-41-591,0.06389548225876242,0.37977208475852675,0.2379742197809084
Class-31-780_6,0.01826210358155275,0.012836733601026431,0.006514334184309991
Class-24-596_54,0.32841707389959607,0.006134209311922601,0.008014580730922241
Class-36-788_30,0.08900323288804521,0.004462375746815104,0.012684760888688617
