label,c1,c2,c3
pis,0.009291733373487886,0.04329519846161777,0.9474130681648943
Class-4-753_0,0.9995687924346642,0.6349392329708611,0.9998878631779767
Class-32-486,0.4494193370915333,0.012310008929120066,0.021500929060474457
Class-9-599_0,0.4958170899220839,0.21856344485618664,0.00854581904102009
Class-0-593_70,0.49538552830287064,0.013089672991804665,1.66489449038617E-4
Class-41-591,0.4956822019969452,0.16881155702175285,0.00430500772070383
Class-31-780_6,0.08918187823510224,0.18078830180219446,0.0024567981598755647
Class-24-596_54,0.49576484075884764,0.12591272750982052,0.0035328679868971433
Class-36-788_30,0.4958600172872427,0.08068328624140977,0.0047530015732006594
