label,c1,c2,c3
pis,0.18569125760993954,0.8092309358923226,0.005077806497737911
Class-4-753_0,0.010886472711518677,0.0020515497208501315,0.21896125339204234
Class-32-486,0.02644164027514093,0.002432152010518977,0.10969869241224679
Class-9-599_0,0.733241325081151,0.951714610311908,0.017199512747652433
Class-0-593_70,0.020341179251324,0.0010642167033579715,0.3403350939242256
Class-41-591,0.005618805097577328,0.001223119093217086,0.06325707345197355
Class-31-780_6,0.0014738311937646923,0.0020161685393072365,0.06578662509248974
Class-24-596_54,0.02883448651724233,0.0027211584211489863,0.06320131428413729
Class-36-788_30,0.008028285048191931,0.002872789150798327,0.08048814972102211
