label,c1,c2,c3
pis,0.0495086524895103,0.10537838379257435,0.8451129637179154
Class-4-753_0,0.9680152618939489,0.4355526685765134,0.9894983292679311
Class-32-486,0.30204267044049066,0.03069191900124402,0.06699637352826703
Class-9-599_0,0.20499464119339478,0.2086361195657723,0.014257246563429238
Class-0-593_70,0.15415160445278983,0.03377189628126756,0.034901893602301524
Class-41-591,0.0859880485673562,0.012387139194021245,0.006645637729871048
Class-31-780_6,0.028965669118140344,0.050206361902273955,0.009803217279723274
Class-24-596_54,0.07908255594098151,0.09525659780060647,0.019138935327207642
Class-36-788_30,0.07922644613163003,0.08675881238025798,0.017847774201713372
