label,c1,c2,c3
pis,0.35136524451199397,0.5766837583945009,0.0719509970935052
Class-4-753_0,0.046143554907976975,0.1290240383290528,0.4444309717219551
Class-32-486,0.1418702502389358,0.05649461617813104,0.1981172344891773
Class-9-599_0,0.18392339098271956,0.06874117548394397,0.06997093686480299
Class-0-593_70,0.03242283377577274,0.08130575865775384,0.29418482239019206
Class-41-591,0.027848011596126265,0.042868183297744264,0.2691856614958928
Class-31-780_6,0.009757865338939827,0.19312260549588448,0.12265898233623208
Class-24-596_54,0.3104605454284804,0.06461074062933073,0.12360197920295168
Class-36-788_30,0.022506085530768438,0.04227497068430228,0.14673439409237915
