label,c1,c2,c3
pis,0.05035586120037842,0.9479437628096117,0.0017003759900099246
Class-4-753_0,0.8820868602770223,0.9738974943652042,0.07256462818995203
Class-32-486,0.05724936867259578,0.010416330234513858,0.11088065172867535
Class-9-599_0,0.004548099434960359,0.0016711982559779526,0.044046289481621266
Class-0-593_70,0.006771518847869505,0.002893075349089596,0.08532810539536706
Class-41-591,0.005395156699599182,0.0018358425774250612,0.047066257454042096
Class-31-780_6,0.029541437736257836,0.0019652720690400563,0.1886229849799905
Class-24-596_54,0.005397085593853848,0.0020725796518801898,0.09745292152864815
Class-36-788_30,0.005493562468585152,0.0018565288782946313,0.06318426055886084
