label,c1,c2,c3
pis,0.9166797124053745,0.006166147809871937,0.07715413978475368
Class-4-753_0,0.9955782418548099,0.7432154809874845,0.9998233212972287
Class-32-486,0.05123525393731538,0.36406803806127325,0.0922501531075591
Class-9-599_0,0.004548099434960359,0.13535739490866777,0.02346720886674507
Class-0-593_70,0.006771518847869505,0.18842773900025214,0.004902598386855717
Class-41-591,0.005395156699599182,0.12715592111427956,0.013573272697015077
Class-31-780_6,0.02161076763223572,0.14206360208894442,0.03443999578502809
Class-24-596_54,0.005397085593853848,0.15073408064129626,0.027413733250112936
Class-36-788_30,0.005493562468585152,0.1701066824010194,0.02337546110923837
