label,c1,c2,c3
pis,0.17947469259056736,0.8190831605250417,0.0014421468843910591
Class-4-753_0,0.00421153842733606,6.902238938022223E-4,0.138528067827017
Class-32-486,0.011868107084775275,5.252016086632721E-4,0.2219190008795882
Class-9-599_0,0.005361692648640257,1.918848556339464E-4,0.04977519810137047
Class-0-593_70,0.022392097498695286,0.02820896982604386,0.4945578278170471
Class-41-591,0.0013793125272175183,0.0029997547492079217,0.02753048574399354
Class-31-780_6,0.0019295964540110816,2.480244344818027E-4,0.19175747065814572
Class-24-596_54,0.0034758218990837524,0.0013961286751486023,0.14344200511411978
Class-36-788_30,0.0035598046029934596,0.006091535991481018,0.12730744805146435
