label,c1,c2,c3
pis,0.033256561320960616,0.04999844091703071,0.9167449977620086
Class-4-753_0,0.9885554381018145,0.34423066578164996,0.9858368646650333
Class-32-486,0.08644129986067155,0.0169166756609658,0.010543429655404103
Class-9-599_0,0.10733813404931904,0.11054863823286806,4.182190920883682E-4
Class-0-593_70,0.09414331144859557,0.04722555445452012,0.0027139968331563644
Class-41-591,0.041258807249317256,0.0455529104102836,6.411470897719482E-4
Class-31-780_6,0.005160640493071056,0.07129475854871192,0.0015331434694327273
Class-24-596_54,0.03670227611717535,0.04772393127886987,0.001527950794539609
Class-36-788_30,0.036790951629196864,0.04187821245388712,0.0013818027403650038
