label,c1,c2,c3
pis,0.9671568576194743,0.010651451607153424,0.022191690773371978
Class-4-753_0,0.05670612107770883,0.4078499529853834,0.09288991193387404
Class-32-486,0.9615971413686849,0.07471747483233217,0.9397357272384508
Class-9-599_0,0.0041836408059130106,0.1819294895667211,0.07614118204118743
Class-0-593_70,0.0036091500006686355,0.0373163141777802,0.04874115461710711
Class-41-591,0.005117832455912873,0.07902887662803451,0.04193358369898487
Class-31-780_6,0.019245426631532146,0.1587209982346735,0.008762945807209066
Class-24-596_54,0.00499594440161168,0.07196460515041321,0.020868620858296827
Class-36-788_30,0.005147161448158369,0.05541948318360859,0.04625483788674141
