label,c1,c2,c3
pis,0.964335278207264,0.017827487180759313,0.017837234611976695
Class-4-753_0,0.003312818649327985,0.18834367978988317,0.0407967003168676
Class-32-486,2.056148811068205E-4,0.021985647158589566,0.018130202483096734
Class-9-599_0,0.0024230131786094,0.28436592825594115,0.014903114509615687
Class-0-593_70,0.0012614146793419956,0.101049917830384,0.09820498007703245
Class-41-591,0.0024459269989969747,0.01586866993503588,0.04692011805694094
Class-31-780_6,8.49904612216279E-4,0.0425061115878108,0.019983403842840947
Class-24-596_54,0.9891058805227613,0.9985969583269712,0.0214926885333662
Class-36-788_30,0.002007618204448096,0.0522261706262603,0.0370363979063094
