label,c1,c2,c3
pis,0.02604860587312823,0.619752553198083,0.3541988409287888
Class-4-753_0,0.17486872334360035,0.0186300737631761,0.9780282648335733
Class-32-486,0.0018350845567734462,0.021613948185370154,0.026066948823441082
Class-9-599_0,0.03769567603914137,0.013104048466370482,0.005143690063205045
Class-0-593_70,0.047401879947134115,0.008074541288373977,0.007185839159292413
Class-41-591,0.0416059797257666,0.0042843635856986495,0.0034670848576653012
Class-31-780_6,0.8749976325363551,0.025394910442526297,0.007480154563019679
Class-24-596_54,0.0416198532651476,0.013861125245530794,0.0057189459456130805
Class-36-788_30,0.04205443863311607,0.003910772612789805,0.0046667561660567085
