label,c1,c2,c3
pis,0.5059342352903021,0.4620472639715578,0.03201850073813998
Class-4-753_0,3.2288083224277845E-5,0.002393620388801575,0.058625005842214944
Class-32-486,3.358933264120857E-5,0.0447406265254763,0.03952479108032302
Class-9-599_0,0.004548099434960359,0.00155832654918264,0.034868100463698794
Class-0-593_70,0.006771518847869505,0.00443796743660239,0.06279614387581609
Class-41-591,0.005395156699599182,0.0036359017880639517,0.02503304285225415
Class-31-780_6,0.9961718412883291,0.04275894164166591,0.20153662065578398
Class-24-596_54,0.005397085593853848,0.0056061372003037326,0.028496169020733368
Class-36-788_30,0.005493562468585152,0.00437184126257587,0.037862933009345415
