label,c1,c2,c3
pis,0.007804187126779534,0.03538242262934244,0.956813390243878
Class-4-753_0,0.09635120979637056,0.1323151481375097,0.0041382807060481
Class-32-486,0.10205424068697495,0.008676607365001211,0.0037078913205445814
Class-9-599_0,0.05691773053128366,0.12236945306896721,9.434315176093524E-4
Class-0-593_70,0.05594991926652361,0.022999307851634714,0.002339682871513284
Class-41-591,0.019305370515847024,0.021936994600772728,5.242116205995925E-4
Class-31-780_6,0.007264820437810422,0.03902643606870113,7.438324171417027E-4
Class-24-596_54,0.016623586130462636,0.023299072946039192,0.0011857146343737593
Class-36-788_30,0.016673294885053615,0.0197133227144598,9.857207335632104E-4
