label,c1,c2,c3
pis,0.15829989219184953,0.8323188539256426,0.009381253882507871
Class-4-753_0,0.19905527404466686,0.008965196202420008,0.43640724163932726
Class-32-486,0.16939526332363733,0.014947012815344917,0.32242649349169833
Class-9-599_0,0.8552199561222765,0.9832835737442309,0.1447729979421053
Class-0-593_70,0.373933946834147,0.007490372722233984,0.41053010958192615
Class-41-591,0.2888334358837695,0.0039890831421844734,0.3234732811194679
Class-31-780_6,0.07066488804981755,0.003816667601097663,0.2809025643473298
Class-24-596_54,0.32333148171089576,0.018476970440107172,0.3101137020522004
Class-36-788_30,0.36899340687358007,0.017742911072247333,0.31295004633145473
