label,c1,c2,c3
pis,0.4148278656623985,0.5445244099076542,0.04064772442994741
Class-4-753_0,0.0025408744739612407,0.002033157964404371,0.014066796109582726
Class-32-486,0.007647261170925961,0.00237211074055263,0.10387340799737989
Class-9-599_0,0.005361692648640257,0.008637022264226071,0.03054329587935124
Class-0-593_70,0.32834319229896,0.99999392396904,0.9997341747045319
Class-41-591,0.0013793125272175183,8.873848714381792E-4,1.1632288041364791E-4
Class-31-780_6,0.0019295964540110816,5.124657963558919E-4,0.026624773752534754
Class-24-596_54,0.0034758218990837524,0.005215098417567537,0.02175212374773805
Class-36-788_30,0.0021492333996108322,0.004088498565898592,0.008874972087947108
