label,c1,c2,c3
pis,0.5839147964015905,0.0719535988205282,0.34413160477788124
Class-4-753_0,0.004467167854880615,0.09367029167046075,0.006974284570006795
Class-32-486,1.774331418501655E-4,0.015844241010266307,4.5917671533967825E-5
Class-9-599_0,0.8895468605354694,0.7497858040566278,0.6046183565807733
Class-0-593_70,0.01265609231305124,0.9752194555156788,0.08536090955756287
Class-41-591,0.0024459269989969747,0.0018498180640321206,0.002841227537437555
Class-31-780_6,8.49904612216279E-4,0.03658079816875046,0.002745796369032398
Class-24-596_54,0.014655879586127579,0.04772393127886987,0.0036245841712815694
Class-36-788_30,0.002007618204448096,0.028707607229707312,0.0049089837214997345
