label,c1,c2,c3
pis,0.9638057050357096,0.017911726686417835,0.018282568277872797
Class-4-753_0,0.003312818649327985,0.13374605421519775,0.03172631708597275
Class-32-486,9.598779524977121E-5,0.021985647158589566,0.015174516908508325
Class-9-599_0,0.0021532115284603587,0.17645891555357682,0.0055489075518070875
Class-0-593_70,0.0012614146793419956,0.04269826609147036,0.09820498007703245
Class-41-591,0.0024459269989969747,0.007739130777054849,0.04570466667568736
Class-31-780_6,7.097889786683325E-4,0.0425061115878108,0.019983403842840947
Class-24-596_54,0.9891058805227613,0.9985969583269712,0.0214926885333662
Class-36-788_30,0.002007618204448096,0.028707607229707312,0.0370363979063094
