label,c1,c2,c3
pis,0.1448768526482236,0.7820867286673171,0.07303641868445944
Class-4-753_0,0.8015811373777229,0.9485828248559244,0.05791286007922255
Class-32-486,0.16854301588313908,0.008970388257035486,0.1121102488254744
Class-9-599_0,0.10733813404931904,0.02309071907741568,0.04599153342009639
Class-0-593_70,0.09421379706096694,0.005224621297669696,0.1357292554563817
Class-41-591,0.041258807249317256,0.019113971540085956,0.03558354660102576
Class-31-780_6,0.062177199649426675,0.014406925122407856,0.09016452354488212
Class-24-596_54,0.03670227611717535,0.025993648319171652,0.08011248126430451
Class-36-788_30,0.036790951629196864,0.03185133763183022,0.0732247566572637
