label,c1,c2,c3
pis,0.9571699828607909,0.041325152635527065,0.0015048645036819868
Class-4-753_0,0.006357404578363551,0.014312158581064896,0.19490585884162043
Class-32-486,0.010385365676386977,0.017377009603020365,0.0021129827974017117
Class-9-599_0,0.6356314920543131,0.8526084647390344,0.8882530891281801
Class-0-593_70,0.007305542037862704,0.057524770062328874,0.0202642239763583
Class-41-591,0.0010112277788636246,7.388175315959884E-4,0.0727820277326195
Class-31-780_6,0.0015345504577198767,0.003017389272991998,0.2754888611681136
Class-24-596_54,0.015163850532038508,0.033130745327021545,0.23158286333668474
Class-36-788_30,0.0016312467028002302,0.0373628843705799,0.2156551647262926
