label,c1,c2,c3
pis,0.03266530325659447,0.9181922436178674,0.049142453125538076
Class-4-753_0,0.0509906077721558,0.006655868515403999,0.019950962416060713
Class-32-486,0.04953773678750189,0.0033364937811581185,0.02477116590373891
Class-9-599_0,0.034514764993549864,4.979440899406149E-4,0.040143644352361695
Class-0-593_70,0.3815595333207569,0.9306799218213023,0.979243927064627
Class-41-591,0.012181059959266884,0.005695055357790387,0.006828604425521872
Class-31-780_6,0.015202861313536925,4.385308477119464E-4,0.053836711980377074
Class-24-596_54,0.022358379390904196,0.004946917810284923,0.04131121804596235
Class-36-788_30,0.022713010645261843,0.7220816350487582,0.04176263951132825
