label,c1,c2,c3
pis,0.0029080349147196896,0.977695763489563,0.01939620159571739
Class-4-753_0,0.980551297667629,0.98947842784671,0.178980218190868
Class-32-486,0.49532062398444465,0.012713889919186008,0.12295583668957853
Class-9-599_0,0.4958170899220839,0.008031925793883381,0.08556626801213546
Class-0-593_70,0.4956437073173451,0.010852008762068592,0.12512490005906912
Class-41-591,0.4956822019969452,0.010390489905674686,0.08987346123189846
Class-31-780_6,0.1944518932453589,0.014197758046639518,0.45150263898068443
Class-24-596_54,0.49576484075884764,0.011294577037515843,0.09745292152864815
Class-36-788_30,0.4958600172872427,0.00877389662430274,0.11248230634093229
