label,c1,c2,c3
pis,0.017411061407371524,0.8634176233628361,0.11917131522979246
Class-4-753_0,0.010574138555321428,4.782741846543672E-4,0.005699257493735981
Class-32-486,0.025126641965847244,5.335811485196455E-4,0.011924953529523042
Class-9-599_0,0.03013885688600787,0.0042851382098682425,0.0054243572035941835
Class-0-593_70,0.37307639244713364,0.9531114251611468,0.9582215565197509
Class-41-591,0.013369500863647143,0.0010351078540699911,0.0022802066787768536
Class-31-780_6,0.01507140623024239,0.002642025561531128,0.0027259059310860987
Class-24-596_54,0.029517465092413254,0.0014696556500630607,0.002749149152996379
Class-36-788_30,0.022556407350905115,0.9958381524888534,0.24424142394106094
