label,c1,c2,c3
pis,0.0026167412512429237,0.9901826163704139,0.007200642378343373
Class-4-753_0,0.025500818009848818,3.864451439685461E-4,0.03235702149755934
Class-32-486,0.07033947483283977,1.956063288485431E-4,0.01136540304064288
Class-9-599_0,0.5879585770909188,0.918726588062043,0.003715352360590676
Class-0-593_70,0.09187526389817015,4.914133156450973E-4,0.14372361455467125
Class-41-591,0.03553584662078388,2.2883184927779832E-4,0.029239215078419055
Class-31-780_6,0.011648558529645508,0.0013142747602544588,0.0037984080530578225
Class-24-596_54,0.03841220656709505,3.8351545756224283E-4,0.003964297724683277
Class-36-788_30,0.055960501891678116,0.9560283991267895,0.3474834865828729
