label,c1,c2,c3
pis,0.19062841794776997,0.7816981322694297,0.02767344978280032
Class-4-753_0,0.14281172490813615,0.031832824908983356,0.4948969932820045
Class-32-486,0.38639497155884944,0.051943107676788315,0.2773970826791247
Class-9-599_0,0.14770450541566407,0.0065495488087369165,0.4652970120698332
Class-0-593_70,0.12520761350557236,0.08345831901719873,0.467507818079578
Class-41-591,0.13463196527895407,0.06175510723074424,0.4837583796911404
Class-31-780_6,0.36870428403806815,0.04192054709757185,0.4284334284035733
Class-24-596_54,0.14081317148701525,0.05480123309101374,0.47138352632555336
Class-36-788_30,0.1389591425013134,0.07459045298298911,0.45715953479597427
