label,c1,c2,c3
pis,0.01947306579167405,0.7283144923378854,0.25221244187044056
Class-4-753_0,0.04760599070451934,0.009368537608523598,0.03788510357795913
Class-32-486,0.04681324431583454,0.0018229005271778692,0.051136318321072856
Class-9-599_0,0.06786762400710908,0.015782150851071746,0.02436654919812177
Class-0-593_70,0.5521836175311767,0.9909025685766022,0.9764089174294317
Class-41-591,0.03553584662078388,0.007011182844006752,0.00890363576942718
Class-31-780_6,0.010190280157406794,0.0083557170053354,0.009217187792734258
Class-24-596_54,0.0553210452631613,0.007818434037436837,0.012870776055868824
Class-36-788_30,0.04400176118039079,0.0064662334600140104,0.01181812241693384
