label,c1,c2,c3
pis,0.007813244866964636,0.03121167196664283,0.9609750831663922
Class-4-753_0,0.46572948714548373,0.49590947984291606,0.01192681658141232
Class-32-486,0.49532062398444465,0.2813280703788406,0.011783123608129454
Class-9-599_0,0.39830278268426816,0.10263113157414523,0.0031213280376548407
Class-0-593_70,0.4956437073173451,0.1230438322471784,0.0025618864250281726
Class-41-591,0.4956822019969452,0.1380204890256641,0.004342935712314654
Class-31-780_6,0.0855545170265095,0.255181959188697,0.03630916293546315
Class-24-596_54,0.49576484075884764,0.14543723561920857,0.0074751435400248496
Class-36-788_30,0.4958600172872427,0.12305794656269871,0.00795465854403578
