label,c1,c2,c3
pis,0.5968307781982483,0.4017540045778146,0.0014152172239371898
Class-4-753_0,0.017636946664876006,0.012584421092310017,0.39358593548354387
Class-32-486,0.02069264740410394,0.0052998572507204,0.21699659958523482
Class-9-599_0,0.0020210499718742742,0.005983072495666581,0.04054332442874596
Class-0-593_70,0.030961460408211128,0.04283302534847615,0.3168094672737263
Class-41-591,0.01470949012471347,0.008248591024951284,0.23904411331827707
Class-31-780_6,0.002535920420564709,0.005428455164605126,0.16420200429312223
Class-24-596_54,0.9999463668433447,0.9996728105222065,0.20082810019589717
Class-36-788_30,0.023280203656489033,0.028298930697928874,0.20448822731162333
