label,c1,c2,c3
pis,0.0045987965658778355,0.989686955019898,0.005714248414224252
Class-4-753_0,0.01826037803778357,1.645390407743704E-4,0.026817081602910676
Class-32-486,0.041581717545658405,5.177379680662183E-5,0.007997215123743746
Class-9-599_0,0.7890637302930131,0.9468159337960662,0.00453436916037053
Class-0-593_70,0.08109368494452021,3.580079556065178E-5,0.027423655086246092
Class-41-591,0.020870567562854117,0.0014752652415460782,0.018598401820089542
Class-31-780_6,0.008817588523414297,6.468316049035537E-4,0.0024245293802980044
Class-24-596_54,0.02288575645643033,1.7309046068296406E-4,0.002317574513180946
Class-36-788_30,0.035788565329387005,0.9702745891332272,0.4032110111497313
