label,c1,c2,c3
pis,0.12000333999403133,0.2873342126251259,0.5926624473808428
Class-4-753_0,0.025651500241892937,0.017250755336637707,0.03032417250693395
Class-32-486,0.03336424594986307,0.03803982411561588,0.007337217220825884
Class-9-599_0,0.2289253273912614,0.0683343167594457,0.044231874968203716
Class-0-593_70,0.44706046531230303,0.1561297159984137,0.08553042065455232
Class-41-591,0.22643700599024977,0.23855556907147518,0.15796722757971624
Class-31-780_6,0.6112184160502724,0.019726640680073612,0.023223622889202197
Class-24-596_54,0.32543050793819794,0.06732854039139427,0.015171907516082233
Class-36-788_30,0.29758708452704824,0.10357253866627629,0.04918442738923155
