label,c1,c2,c3
pis,0.5034209851336483,0.4804767366297419,0.016102278236609733
Class-4-753_0,0.029894908698087634,0.026314182266974018,0.12874735697449263
Class-32-486,0.006260475291208741,0.04597355786663326,0.0681277541148376
Class-9-599_0,0.38524975724715566,0.92043366979128,0.022190270176414405
Class-0-593_70,0.01610620079104274,0.001491422295121861,0.24609477605512362
Class-41-591,0.02841985377630293,0.013397457929933673,0.16197637729790607
Class-31-780_6,0.020837539067321876,0.024829801470944123,0.07840991446870962
Class-24-596_54,0.06684621726652053,0.02804030501385889,0.08752190085939321
Class-36-788_30,0.025025070495860672,0.04683415668856252,0.10759094297436976
