label,c1,c2,c3
pis,0.0015426647404717167,0.05316511508474943,0.9452922201747789
Class-4-753_0,0.3843147443759886,0.021272968708308748,0.9958637277101889
Class-32-486,0.004506822000154738,0.025036296862534255,0.05849618286318551
Class-9-599_0,0.4958170899220839,0.11919293496233105,0.01796618038748488
Class-0-593_70,0.4954629817550864,0.03689378394544558,0.013036579780150106
Class-41-591,0.4956822019969452,0.12228901258011214,0.010869715702121092
Class-31-780_6,0.9629130292467226,0.13119318941213218,0.009067482164964783
Class-24-596_54,0.49576484075884764,0.05810393092850019,0.011286989615982294
Class-36-788_30,0.4958600172872427,0.03684818618413148,0.012352844460548094
