label,c1,c2,c3
pis,0.07720162569082707,0.07061142943588634,0.8521869448732866
Class-4-753_0,0.036314658561249616,0.13374605421519775,0.008448615576242047
Class-32-486,8.805921341439918E-4,0.021985647158589566,0.01221397541835934
Class-9-599_0,0.13368238005493047,0.24095252123544283,0.02908493348809849
Class-0-593_70,0.12255020466234262,0.9973049800234071,0.9871144735777166
Class-41-591,0.029003088069265746,0.0029026863147891026,6.316805542669905E-4
Class-31-780_6,0.014187244700252701,0.07553742829577437,0.0050871925308342125
Class-24-596_54,0.021614689816709255,0.04772393127886987,0.0056888585382779055
Class-36-788_30,0.027817968408594303,0.03452460906507784,0.005949194309838216
