label,c1,c2,c3
pis,0.15561967171899002,0.0017545647173460004,0.8426257635636639
Class-4-753_0,0.9956925747470013,0.5521808165508377,0.9972357788745236
Class-32-486,0.9953567128722108,0.10639818604894564,0.991057413558001
Class-9-599_0,0.04347414384059384,0.2191481751579556,9.77528274294313E-4
Class-0-593_70,0.030791433236333828,0.2107373530380082,7.990800757995654E-4
Class-41-591,0.019305370515847024,0.08665402291465099,3.4780579147373125E-4
Class-31-780_6,0.006317904143568708,0.13779805210291565,8.540467516391957E-4
Class-24-596_54,0.016623586130462636,0.13916793507176367,0.0011001729895545522
Class-36-788_30,0.016673294885053615,0.18267985656691127,7.91967317407247E-4
