label,c1,c2,c3
pis,0.9923060100566731,0.006497306233473395,0.0011966837098529948
Class-4-753_0,0.0011656384586024064,0.061611503569814284,0.02461445744283427
Class-32-486,2.4742944676299115E-5,0.045131215685481056,0.03202899346496542
Class-9-599_0,0.001959605134296062,0.0037971216184968346,0.09724896415851862
Class-0-593_70,3.382780853296058E-4,0.06212389980285184,0.15453044633967877
Class-41-591,5.476727385553184E-4,0.008709511332057008,0.07093126173773971
Class-31-780_6,0.0012900003329555012,0.03609551644357565,0.07116464237593542
Class-24-596_54,0.9964595630679904,0.9998799869879125,0.055809673780067855
Class-36-788_30,4.276166713217951E-4,0.12053581255044733,0.10342671133770916
