label,c1,c2,c3
pis,0.003651946499587011,0.1348822365455217,0.8614658169548912
Class-4-753_0,0.04460045832512291,0.023429916243994164,0.005282224277803429
Class-32-486,0.003042313570913904,0.008437468864832636,0.004552447348295163
Class-9-599_0,0.2437443557141852,0.041318666554763746,0.005758577118539841
Class-0-593_70,0.38208375468698974,0.9997407070288189,0.9864007763386063
Class-41-591,0.09967844936126476,0.014413457608149239,0.002639573342351417
Class-31-780_6,0.04330618323209951,0.11111323153889487,0.0015525393644699357
Class-24-596_54,0.08191145210961505,0.014458333544287995,0.0016371950538900304
Class-36-788_30,0.09731915747365014,0.021894822231355453,0.003105133589231579
