label,c1,c2,c3
pis,0.8916812791791655,0.06762617622723358,0.040692544593600985
Class-4-753_0,1.910982041936069E-5,0.005414273989465408,0.21858000877575864
Class-32-486,3.4828416698648195E-5,0.19564912817322538,0.07152984324752625
Class-9-599_0,0.003142753223496739,0.013048096800773913,0.08020996517874607
Class-0-593_70,0.0034011374417269088,0.08314188149916142,0.15766036140499454
Class-41-591,0.0029832361374779017,0.027821014864111412,0.12957762331944542
Class-31-780_6,0.9960016728081519,0.472730040130559,0.12129655312302656
Class-24-596_54,0.003101977667437503,0.055998166859459575,0.10867781096831673
Class-36-788_30,0.0024182696544240516,0.05056827471204531,0.1622960935289382
