label,c1,c2,c3
pis,0.25326874937707516,0.018971656535246025,0.7277595940876789
Class-4-753_0,0.9687467637858058,0.5297514704085522,0.9894983292679311
Class-32-486,0.899164003383079,0.04511813175079027,0.9147704721643692
Class-9-599_0,0.05686216151288073,0.32726880274006026,0.015386028745253555
Class-0-593_70,0.028690568981996296,0.11944608450488796,0.025663534339215706
Class-41-591,0.023064205059176012,0.19438099065019807,0.008807040910356393
Class-31-780_6,0.002513209252120041,0.07442705925939813,0.008408059665896542
Class-24-596_54,0.02191154261478766,0.07954962484457817,0.012181475314080042
Class-36-788_30,0.02170103826120568,0.1087641349451607,0.009817905984318925
