label,c1,c2,c3
pis,0.0858815389769312,0.002513365351099733,0.9116050956719691
Class-4-753_0,0.9995974468423628,0.5743998340968601,0.9997392492983707
Class-32-486,0.05847280587404113,0.0487770861072827,0.0022965381233293167
Class-9-599_0,0.024260580266600582,0.14551925639514376,6.18022104879393E-5
Class-0-593_70,0.018935588958822122,0.13726049477838503,1.467193964731137E-4
Class-41-591,0.004102203880240535,0.03596463834423379,1.4520357925300387E-5
Class-31-780_6,0.0011823212561397302,0.07181248762996802,2.711354648216348E-4
Class-24-596_54,0.003316706497344706,0.07300039020864647,1.816133836674046E-4
Class-36-788_30,0.003330282839396602,0.11030042048530922,1.4586178210209457E-4
