label,c1,c2,c3
pis,0.004357346724559368,0.928004226016899,0.06763842725854179
Class-4-753_0,0.08025679504736942,8.373364050418492E-4,0.023913229948503614
Class-32-486,0.029000697160545656,3.1471570395342433E-4,0.009212376586026862
Class-9-599_0,0.16257538512818603,1.8320211387057235E-4,0.03491495932044839
Class-0-593_70,0.4270249730937125,0.002888250741621125,0.01732170667006385
Class-41-591,0.16564359395070397,0.9103817630312404,0.9368708260876948
Class-31-780_6,0.06254531911150901,0.001582669539901976,0.009215314466164198
Class-24-596_54,0.2916275867107388,0.0016011658538636784,0.014046383705259952
Class-36-788_30,0.2663622959708688,0.0019742763064013974,0.036647790822131585
