label,c1,c2,c3
pis,0.28793288189426325,0.7102907064979704,0.0017764116077663313
Class-4-753_0,2.6965254231442107E-6,9.708619265065439E-5,0.17888755858497393
Class-32-486,2.532528775452527E-4,0.9217842036950985,0.2897005616289318
Class-9-599_0,0.0015579291355257686,0.004865023169814984,0.23748669357310023
Class-0-593_70,0.002516422385514578,0.01528988432713855,0.2825889220861756
Class-41-591,0.0019137814658090947,0.010359869042111359,0.16261692720271506
Class-31-780_6,0.9996549711579963,0.07547996002763166,0.14442465852347425
Class-24-596_54,0.0019144790968210154,0.016096062315534353,0.16965542167409975
Class-36-788_30,0.001955617553596398,0.015036420747065765,0.19356503551169943
