label,c1,c2,c3
pis,0.06434512386286058,0.0398922446149424,0.895762631522197
Class-4-753_0,0.016409570830666506,0.04107234625902531,0.0033414600786697804
Class-32-486,1.834169486236455E-4,0.08775451246336016,0.010431194036961765
Class-9-599_0,0.09554052406374045,0.05488681317403041,0.011956534401014495
Class-0-593_70,0.18330543382260844,0.9999874367010777,0.9954669379514012
Class-41-591,0.012317584397247068,0.006927419517636111,0.0029665324257006145
Class-31-780_6,0.018449053764135356,0.07628296081364014,0.010158587392978332
Class-24-596_54,0.00848084850618424,0.03844422829284721,0.006748419069046013
Class-36-788_30,0.011679336098110947,0.05347535470615003,0.008782195842724477
