label,c1,c2,c3
pis,0.0012796334601408081,0.03141720276508608,0.9673031637747732
Class-4-753_0,0.46572948714548373,0.37153302977335395,0.009281115017748564
Class-32-486,0.4494193370915333,0.020187525710477123,0.003153769970458845
Class-9-599_0,0.39830278268426816,0.08828156550881781,0.00156020082793274
Class-0-593_70,0.49538552830287064,0.012219191467056675,8.831201420993858E-4
Class-41-591,0.4956822019969452,0.06067188630491268,0.0012856125037858611
Class-31-780_6,0.04970106851946185,0.1661698973958458,0.004076092654373788
Class-24-596_54,0.49576484075884764,0.024497200628228355,0.0010838915096983272
Class-36-788_30,0.4958600172872427,0.012468040327073174,0.0011894780725150939
