label,c1,c2,c3
pis,0.982685645869918,0.010469675695167185,0.006844678434914879
Class-4-753_0,1.6765702463109477E-5,0.00846004053989614,0.03902056084500461
Class-32-486,0.021932516094304834,0.12648105600793447,0.9851724387526911
Class-9-599_0,0.0015745418553367657,0.04498678216536207,0.054671167173360166
Class-0-593_70,0.0021483640437932115,0.059487769807937366,0.045791927324263564
Class-41-591,0.0027321891971349263,0.024651007084915917,0.0806259105209755
Class-31-780_6,0.9922876566428933,0.9645362348636635,0.01704799136997305
Class-24-596_54,0.0027331789543808323,0.053916469696252495,0.02196223550022193
Class-36-788_30,0.0027885313561144334,0.06880092268417363,0.02343883656227464
