label,c1,c2,c3
pis,0.10768396707819432,0.5276329462865681,0.3646830866352376
Class-4-753_0,0.02325331688810925,0.006087323342516981,0.05235977216594876
Class-32-486,0.09293893063247319,0.013726332348027491,0.07960178052293754
Class-9-599_0,0.11441165677389689,0.08321237764981049,0.09592292058277872
Class-0-593_70,0.8093887282518736,0.9989949933645672,0.9760836470142288
Class-41-591,0.1730884192107919,0.046323640454384626,0.011538055887280472
Class-31-780_6,0.13952449347444548,0.0070040771674195635,0.03962435957711477
Class-24-596_54,0.34331604839001467,0.04036319696576348,0.038672811627189496
Class-36-788_30,0.2836311679523677,0.04094236812662448,0.024947494033030027
