label,c1,c2,c3
pis,0.03929420458296716,0.672736640403155,0.28796915501387793
Class-4-753_0,0.016721934142164625,0.0018004329051286908,0.005752884591701672
Class-32-486,0.01457443919224304,0.0014517011080334313,0.007132424497608846
Class-9-599_0,0.07567501603616952,0.004725087436344783,0.013705794770777012
Class-0-593_70,0.13045825089824534,0.00665215717973495,0.008544621553206575
Class-41-591,0.027254494995927855,0.9920686036329103,0.9540262035202526
Class-31-780_6,0.033563153997136226,0.0030206536663887873,0.005506039948294146
Class-24-596_54,0.04043195523422983,0.004331263629099092,0.004778285403573718
Class-36-788_30,0.04555743322846659,0.004376955692194821,0.01865224427183365
