label,c1,c2,c3
pis,0.010251243451492201,0.04941920908634026,0.9403295474621673
Class-4-753_0,0.9955842036646055,0.3664504086781765,0.9982750852468558
Class-32-486,0.6001387791216236,0.047777505631054915,0.032760258664711474
Class-9-599_0,0.4958170899220839,0.2006999380325436,0.0073626851375284946
Class-0-593_70,0.4954629817550864,0.10599079973121357,0.0022449610999564534
Class-41-591,0.4956822019969452,0.18247446240211238,0.02151406779942006
Class-31-780_6,0.1325356287451822,0.39015896328227095,0.012634464492742106
Class-24-596_54,0.49576484075884764,0.08774260525983842,0.013476277637995063
Class-36-788_30,0.4958600172872427,0.07602151518134542,0.01243861524091579
