label,c1,c2,c3
pis,0.019046938396794045,0.8453389256917448,0.1356141359114611
Class-4-753_0,0.03214307727029824,0.0028860993722867457,0.0551435743776205
Class-32-486,0.07191683598722047,0.001094893585247857,0.0513490798854526
Class-9-599_0,0.0685111931248124,0.00801281001135743,0.02738167716992533
Class-0-593_70,0.19767071369564873,0.03068367227192035,0.12834339236426143
Class-41-591,0.055652108289402605,0.9207656370581143,0.7988592589397682
Class-31-780_6,0.024255982563251288,0.004904502690766056,0.017993692139325074
Class-24-596_54,0.10408379065573951,0.0035204309979361185,0.018452847384922585
Class-36-788_30,0.0850096855210626,0.003529620606901147,0.03420195201775557
