label,c1,c2,c3
pis,0.871229325207604,0.12753342592092917,0.0012372488714668755
Class-4-753_0,0.0015809564187302112,0.0030657561195829384,0.19341528773533265
Class-32-486,2.3246266267719595E-4,0.0010813073993882912,0.09797780805243603
Class-9-599_0,0.0014723023390381005,0.03365826899926298,0.011863126313155656
Class-0-593_70,4.7732929510268607E-4,0.02281393053872594,0.29418482239019206
Class-41-591,3.5926314730077045E-4,0.001599954425303781,0.03356427429278796
Class-31-780_6,1.0322484233548343E-4,0.002924882093147006,0.05161983573962671
Class-24-596_54,0.9862542431763911,0.9717770089230405,0.041728521053788104
Class-36-788_30,5.437438174198803E-4,0.0022021949983453606,0.04617387651768339
