label,c1,c2,c3
pis,0.0010056195514254265,0.02159394009874454,0.9774004403498299
Class-4-753_0,0.08207922317665309,0.00708914895383533,0.9990947847964696
Class-32-486,2.8578240762602543E-4,0.008264804716548132,0.0030635283111508298
Class-9-599_0,0.4958170899220839,0.1853054018733665,9.523940644506246E-4
Class-0-593_70,0.49538552830287064,0.027119696348662205,6.120554555873584E-4
Class-41-591,0.4956822019969452,0.0569836814239147,4.935636423125313E-4
Class-31-780_6,0.9906149563476242,0.08271608501288115,3.5153498683517453E-4
Class-24-596_54,0.49576484075884764,0.04103406680888839,3.528268844040754E-4
Class-36-788_30,0.4958600172872427,0.023834512693220337,6.575485905138633E-4
