label,c1,c2,c3
pis,0.9310635983122356,0.04268242302774267,0.026253978660021767
Class-4-753_0,0.0035823777365928174,0.07130967585009167,0.059568596738098153
Class-32-486,2.914455858229353E-4,0.01800798887327541,0.016450713204586305
Class-9-599_0,0.01251596897713286,0.10740971283868511,0.007901944643690246
Class-0-593_70,0.0015537938503373196,0.04468487867662693,0.12409439901197844
Class-41-591,0.0020915442565594125,0.008402467247894275,0.05419474267154906
Class-31-780_6,0.011203865613854336,0.08273700279370393,0.01715986675878223
Class-24-596_54,0.9781080521451139,0.9915554332321178,0.016690274855881114
Class-36-788_30,0.00166375414739345,0.019068071177933372,0.03827563564705808
