label,c1,c2,c3
pis,0.01077868247675052,0.014244161606626202,0.9749771559166232
Class-4-753_0,0.9995148319439005,0.7432154809874845,0.998903601496944
Class-32-486,0.31285920938104095,0.03555339135784177,0.011912803965511063
Class-9-599_0,0.39830278268426816,0.29692937491471966,5.68673796915884E-4
Class-0-593_70,0.49538552830287064,0.11945564259289294,6.24567286862256E-4
Class-41-591,0.4956822019969452,0.4945776825913341,0.0011119020489488403
Class-31-780_6,0.039136948247071875,0.3553241952691144,9.932574587653141E-4
Class-24-596_54,0.49576484075884764,0.12591272750982052,0.0013212799503616115
Class-36-788_30,0.4958600172872427,0.1542282670617086,0.001307516918344734
