label,c1,c2,c3
pis,3.434393690527486E-4,0.9906959069771804,0.008960653653767331
Class-4-753_0,0.9910602600899728,0.9872123087022363,0.1389733042294486
Class-32-486,0.49532062398444465,0.005387288826987037,0.037979595368736935
Class-9-599_0,0.4958170899220839,0.00401608542434795,0.05013064902211178
Class-0-593_70,0.4956437073173451,0.005042204172577323,0.05509008859254604
Class-41-591,0.4956822019969452,0.0051265865717669,0.026465377264014104
Class-31-780_6,0.15414689996650985,0.004781085764141502,0.14854466179839773
Class-24-596_54,0.49576484075884764,0.004671094866357947,0.06499867351887456
Class-36-788_30,0.4958600172872427,0.003444161174690627,0.07769755878065276
