label,c1,c2,c3
pis,0.011758206577605155,0.6188099996832895,0.3694317937391055
Class-4-753_0,0.14569121677286562,0.12160426779048354,0.019772928213840132
Class-32-486,0.3832416058778845,0.02864233360854977,0.013341013613453176
Class-9-599_0,0.4958170899220839,6.96099151582768E-4,0.05952202097319732
Class-0-593_70,0.4956437073173451,0.005329203348955912,0.01805146393928201
Class-41-591,0.4956822019969452,0.999997524970913,0.9997524213930392
Class-31-780_6,0.4960425879576517,0.039365098619558433,0.03297537367255469
Class-24-596_54,0.49576484075884764,0.07779045966165421,0.026077001313360552
Class-36-788_30,0.4958600172872427,0.12420160133217079,0.09361049795728131
