label,c1,c2,c3
pis,0.9463726592591486,0.030148130065744325,0.023479210675107116
Class-4-753_0,0.9103607876387513,0.6477794381999912,0.9982750852468558
Class-32-486,0.0316582854392648,0.07470325289777814,0.05492126750753436
Class-9-599_0,0.0012091383276453867,0.019042289230971995,0.021877853285173696
Class-0-593_70,0.0013253356961594454,0.05011338217061659,0.024963219636355498
Class-41-591,0.0011378155903617772,0.12929573404225922,0.027091607468592592
Class-31-780_6,0.01809824398486238,0.06867941984244057,0.01981062582087257
Class-24-596_54,0.0011908620192353492,0.032721733790023834,0.025591094485600964
Class-36-788_30,8.901454666443428E-4,0.05366658219946618,0.0243052143025328
