label,c1,c2,c3
pis,0.13752512645448345,0.10961618974038179,0.7528586838051349
Class-4-753_0,0.10069009087127677,0.20118436961467662,1.012620920240614E-5
Class-32-486,0.10205424068697495,0.008676607365001211,0.01968506498650589
Class-9-599_0,0.06638476213910992,0.19799471827954368,0.004641699344379359
Class-0-593_70,0.05594991926652361,0.022999307851634714,0.033076151224459456
Class-41-591,0.019305370515847024,0.03686090379227485,0.004776221532856646
Class-31-780_6,0.007264820437810422,0.08245834741026682,0.006038941337270075
Class-24-596_54,0.016623586130462636,0.023299072946039192,0.006810754126007252
Class-36-788_30,0.016673294885053615,0.0197133227144598,0.006219205717124233
