label,c1,c2,c3
pis,0.0012047575851365433,0.04245704055752751,0.9563382018573361
Class-4-753_0,0.20412042751842374,0.08349631519877726,0.014025531432722567
Class-32-486,0.3851624352349621,0.02189746850842622,0.0028901322232774912
Class-9-599_0,0.3992565566635684,0.13702757469698498,0.0034329443866282948
Class-0-593_70,0.4954629817550864,0.06121622596902706,0.004823170514669545
Class-41-591,0.4956822019969452,0.13311197120079438,0.009261214858259136
Class-31-780_6,0.2522933154411981,0.26841952363543153,0.0010943722440350644
Class-24-596_54,0.49576484075884764,0.04728297309675729,0.0015966116774588498
Class-36-788_30,0.4958600172872427,0.055124639546816206,0.003383119265944823
