label,c1,c2,c3
pis,0.9888728377316215,0.004629811812579513,0.006497350455799134
Class-4-753_0,0.007295178344372624,0.2610964142661936,0.00496678143214667
Class-32-486,0.0032565518007520145,0.08391043218215669,0.012689233503674156
Class-9-599_0,6.671083631187807E-5,0.02588664219912503,0.0034050163952544974
Class-0-593_70,8.686104311074407E-5,0.03639674577774011,0.0078032380647785424
Class-41-591,1.7566734317087707E-5,0.006014945129979545,0.0010839262702854225
Class-31-780_6,0.01691584470532053,0.10007082826352137,0.005826184018150996
Class-24-596_54,1.4632256865912433E-5,0.02118978196201001,0.006811067860748985
Class-36-788_30,1.4994995437388799E-5,0.035972707835198646,0.0052857940602023526
