label,c1,c2,c3
pis,0.02717989291212101,0.8692668583616888,0.10355324872619018
Class-4-753_0,0.14032670631256677,0.005004654472009374,0.11716728262506285
Class-32-486,0.14694572811018292,0.0052328034231722996,0.036857772855322414
Class-9-599_0,0.1977171067729136,0.06931673224293468,0.05526616663676546
Class-0-593_70,0.4395091122495594,0.08547379661309464,0.07606718450173133
Class-41-591,0.2497993530382517,0.09565771351540982,0.20205807291772845
Class-31-780_6,0.11281489019102243,0.014667300479926771,0.040474575182332224
Class-24-596_54,0.38722871842008033,0.013202784676481834,0.04176713895136041
Class-36-788_30,0.3901165202551504,0.9302366934187748,0.5986057613482737
