label,c1,c2,c3
pis,0.9008587507193537,0.07913288270918788,0.020008366571458477
Class-4-753_0,0.9936326303132219,0.14240477623296158,0.9996089567255156
Class-32-486,0.01881690115868123,0.17405934947134777,0.020930951491771425
Class-9-599_0,1.3013545276247375E-6,0.009731484224848881,0.0036811132599730303
Class-0-593_70,8.690746776805128E-4,0.018639399052782737,0.0017014339050157544
Class-41-591,6.29108729503052E-4,0.010714181051206648,0.001055619967246797
Class-31-780_6,0.09977191056126883,0.06679095031589674,0.011563826305346464
Class-24-596_54,6.293422366858119E-4,0.02374094668703886,0.004771764853480676
Class-36-788_30,6.452872364577264E-4,0.023520079790170158,0.00540720724146737
