label,c1,c2,c3
pis,0.0292375558262571,0.7374696642575956,0.23329277991614722
Class-4-753_0,0.37576613564209954,0.08671736776488213,0.10674631290256767
Class-32-486,0.9913170872535544,0.9897681305923023,0.07070793389887899
Class-9-599_0,0.4958170899220839,0.054336214595044285,0.035337907301462385
Class-0-593_70,0.4956437073173451,0.05912383633884826,0.062154135582736976
Class-41-591,0.4956822019969452,0.07203212213859848,0.03796917071280344
Class-31-780_6,0.004773639286212329,0.01919404018599573,0.4346248044033515
Class-24-596_54,0.49576484075884764,0.050681759930642854,0.04283948373988234
Class-36-788_30,0.4958600172872427,0.03997145458648239,0.05302715051056985
