label,c1,c2,c3
pis,0.8172216501395719,0.01962336788799098,0.16315498197243739
Class-4-753_0,0.5067650152125511,0.4334058786306374,0.9139966718171727
Class-32-486,0.06717665541056546,0.1672608219166263,0.005198333263024668
Class-9-599_0,0.003537112407152092,0.08784192973000168,0.0023823041511171457
Class-0-593_70,0.009447331181384902,0.17438961860957986,6.318429876046931E-4
Class-41-591,0.010776858359417218,0.1456328480872073,0.011495244472448828
Class-31-780_6,0.7140162348367155,0.40627787549916355,0.0039658773529084425
Class-24-596_54,0.011202244068734053,0.1476863853322296,0.004789928598564067
Class-36-788_30,0.008711326044198085,0.15895764361403852,0.005164820885830579
