label,c1,c2,c3
pis,0.006512938837496892,0.010170715175347319,0.983316345987156
Class-4-753_0,0.9997309983372231,0.41442227871052273,0.9999820471078249
Class-32-486,0.13223012095121664,0.05358954837863496,0.010818226968542205
Class-9-599_0,0.09107449338034317,0.10839097490158535,2.2866345632613423E-4
Class-0-593_70,0.12496781616544267,0.11979859917997183,0.0032817034103410445
Class-41-591,0.16380395306179826,0.10773023564416691,0.0037762235564072263
Class-31-780_6,0.043070880787574366,0.1943621510386872,0.003575102949396533
Class-24-596_54,0.17014484735124366,0.08774260525983842,0.0037856181728521646
Class-36-788_30,0.16825616945467986,0.07602151518134542,0.002644775092028347
