label,c1,c2,c3
pis,0.0686611855926066,0.9281002665614442,0.003238547845949233
Class-4-753_0,0.8328561669830572,0.9344924017470612,0.22746164010020106
Class-32-486,0.09579446462689574,0.025393664897045372,0.15845259890380264
Class-9-599_0,0.013201487572304186,0.00500210417457657,0.1224648785199809
Class-0-593_70,0.018091188776249413,0.00486299935181557,0.10338746310199662
Class-41-591,0.015113627148721345,0.005634503728531456,0.07097856716564158
Class-31-780_6,0.05750028146495885,0.00230907844425235,0.2365110569158825
Class-24-596_54,0.015118891978993099,0.007059352018872218,0.14362266378063182
Class-36-788_30,0.015333729622332596,0.006226926155858677,0.1601361347932738
