label,c1,c2,c3
pis,0.6896326593703129,0.30833589779978077,0.002031442829906272
Class-4-753_0,0.008418542241881986,7.967319628419121E-4,0.04984620224237313
Class-32-486,2.3383177565716712E-4,0.007484221785508118,0.06115644303674235
Class-9-599_0,0.800884150615128,0.9986748796465689,0.13473283065730202
Class-0-593_70,0.010814741983920833,0.0013523239309213891,0.20359831706477396
Class-41-591,0.008486284154769272,8.739919341528298E-5,0.08441272235645185
Class-31-780_6,0.006717121095079211,5.86115292660069E-4,0.11305927380885494
Class-24-596_54,0.00789990110790541,0.006179301881311127,0.09384678558311321
Class-36-788_30,0.017112511236695875,0.010039792025079092,0.15027026023027729
