label,c1,c2,c3
pis,0.02072614875607505,0.24574196716438837,0.7335318840795365
Class-4-753_0,0.046408167989944855,0.0490121214691158,0.01625063549493751
Class-32-486,0.07400441542343836,0.045183024578259325,0.01152705260178731
Class-9-599_0,0.4958170899220839,0.001543923952035212,0.03285975265892467
Class-0-593_70,0.4956437073173451,0.015149297655831397,0.01864415684017957
Class-41-591,0.42772359087727446,0.9993972866729977,0.9885168001865096
Class-31-780_6,0.4393388767385229,0.07065419375373606,0.018376773211819682
Class-24-596_54,0.4143255453958483,0.07547620668664537,0.013734692974503538
Class-36-788_30,0.35640669132876923,0.07689446065896502,0.05478965764826092
