label,c1,c2,c3
pis,0.844998428123298,0.1478172015423009,0.007184370334400943
Class-4-753_0,0.07234672717709947,0.2054817332515588,0.4948969932820045
Class-32-486,0.7513768935219924,0.9598623025130719,0.4244320612114039
Class-9-599_0,0.011311756671778962,0.16176962612851567,0.49387677006585257
Class-0-593_70,0.018091188776249413,0.22238860943596087,0.4945578278170471
Class-41-591,0.015113627148721345,0.17574985574140442,0.49438695647965014
Class-31-780_6,0.29556946569398596,0.008232574820197723,0.49410320546586056
Class-24-596_54,0.015118891978993099,0.22101790887823428,0.49394966837965953
Class-36-788_30,0.015333729622332596,0.19687157397963823,0.4941133568353166
