label,c1,c2,c3
pis,0.7034661121044612,0.06064421843372464,0.2358896694618141
Class-4-753_0,0.06763310299812056,0.2610964142661936,0.015164296283714757
Class-32-486,0.08435274742886135,0.10448172124556067,0.043391354952694854
Class-9-599_0,0.04035028810733807,0.1862554440352988,0.010601771883010912
Class-0-593_70,0.03273137382503612,0.14653075595611756,0.05919208543400607
Class-41-591,0.008924423695750363,0.05615259817749689,0.007116246255538499
Class-31-780_6,0.013258781501908736,0.10007082826352137,0.03060088486664355
Class-24-596_54,0.007444443217867932,0.10139195382196295,0.025354233954033675
Class-36-788_30,0.007470849673561879,0.1427070344343834,0.021977952192603258
