label,c1,c2,c3
pis,0.017918298486417163,0.8851732796603995,0.0969084218531834
Class-4-753_0,0.2697202841798578,0.014811611392205224,0.07184136929674924
Class-32-486,0.2957521044127711,0.025910043403061973,0.13100485465356834
Class-9-599_0,0.16563893982181668,0.013604242191106718,0.023470669816192002
Class-0-593_70,0.41263120491512967,0.054330239767620386,0.1496933163217412
Class-41-591,0.3103604938661454,0.9995967539626159,0.9984953229125485
Class-31-780_6,0.2835962959130207,0.019153585508631502,0.12033614956732827
Class-24-596_54,0.416793008865621,0.025460922017744338,0.13911303095600872
Class-36-788_30,0.4189524274938703,0.018527476449882656,0.16330596507337525
