label,c1,c2,c3
pis,0.041532774709898364,0.9463685305166865,0.012098694773415214
Class-4-753_0,0.02902946343000986,0.001519835626927078,0.03285342779400634
Class-32-486,0.026019780458403106,0.005176315280363929,0.0165037269195644
Class-9-599_0,0.7895686190232336,0.13297615608253743,0.034964187377747424
Class-0-593_70,0.17954821926025222,0.004712064561505379,0.09908665134064448
Class-41-591,0.08837663584588332,0.8356715441071038,0.9386751121137521
Class-31-780_6,0.08002358977824132,0.004550825355394586,0.02317568267078418
Class-24-596_54,0.25920001673771575,0.006311049194761231,0.019352925536766246
Class-36-788_30,0.1183210216786847,0.009111918541770611,0.06183374035367502
