label,c1,c2,c3
pis,0.04445788298204443,0.06114158560755709,0.8944005314103983
Class-4-753_0,0.22140331931445292,0.4681548333219711,0.020993974650204847
Class-32-486,0.3073817039980953,0.31020572641110716,0.021428924004057798
Class-9-599_0,0.14228311544260971,0.038302346422514504,0.00932408748259263
Class-0-593_70,0.1881056659279361,0.11672313967624952,0.015572067617257246
Class-41-591,0.19785175883032588,0.17398495063421857,0.020400143777707037
Class-31-780_6,0.12828958950778713,0.15598590503389365,0.09817666324458313
Class-24-596_54,0.19458141215695648,0.13292140037909475,0.027710413122194452
Class-36-788_30,0.1969877847895423,0.15646238358023704,0.02864486879292022
