label,c1,c2,c3
pis,0.045588350074078646,0.07126286473304239,0.883148785192879
Class-4-753_0,0.031676877159246206,0.13374605421519775,0.0035584760630647445
Class-32-486,4.765366392225856E-4,0.014763165101341838,0.0019374318654844023
Class-9-599_0,0.1416593262124025,0.1590859147899922,0.005404641058467555
Class-0-593_70,0.2315462961621339,0.999431623940367,0.9690148797411694
Class-41-591,0.029003088069265746,0.008136039544588325,0.002841227537437555
Class-31-780_6,0.11550896675375211,0.06474052464488934,0.0021075521361719803
Class-24-596_54,0.021614689816709255,0.03505706600632592,0.002567592497350894
Class-36-788_30,0.027817968408594303,0.03452460906507784,0.0049089837214997345
