label,c1,c2,c3
pis,0.13733158643396873,0.8055841866250204,0.05708422694101093
Class-4-753_0,0.02002145218787418,0.006729543228104014,0.019691086326476342
Class-32-486,0.0014624484038553791,0.006792805580611273,0.015421399863394237
Class-9-599_0,0.36760037475289215,0.003280855151767669,0.020067378884989467
Class-0-593_70,0.015372799734422592,2.3426717517530406E-4,0.038385107895657515
Class-41-591,0.019258572953546195,0.9306037221302147,0.8805558939537962
Class-31-780_6,0.01286019991524564,0.009646817375782308,0.01363801904562106
Class-24-596_54,0.040854719153428386,0.006197587516139092,0.014714947547604853
Class-36-788_30,0.017656057760163886,0.011726158624764666,0.043263639195286946
