label,c1,c2,c3
pis,0.023170968354933777,0.9052565195594484,0.07157251208561788
Class-4-753_0,0.01254012299087587,0.0019345521870764496,0.015922720000446536
Class-32-486,0.01961895079012239,5.578521552205647E-4,0.00748516206344513
Class-9-599_0,0.07696563532599746,0.009157717929396549,0.005462170932998413
Class-0-593_70,0.19966082601934587,0.9720123017428856,0.9620586510014412
Class-41-591,0.009567388288853507,0.004361916530314806,0.005422443254691435
Class-31-780_6,0.004920767243439251,0.002847337896013341,0.004425735936227461
Class-24-596_54,0.060258152667907315,0.0022110332613256944,0.004086459410927459
Class-36-788_30,0.015591486340769971,0.9969666684677345,0.48172768930555177
