label,c1,c2,c3
pis,0.02877508118894658,0.923669363968802,0.047555554842251456
Class-4-753_0,0.02085197972301586,0.004543497539169693,0.06902691408810427
Class-32-486,0.007837606676122197,0.002030387532536603,0.04145680674383082
Class-9-599_0,0.017891094376885054,0.0019341671158004626,0.02562201514861405
Class-0-593_70,0.1725516248378808,0.9927084386060212,0.9846426323101056
Class-41-591,0.02009038664649607,0.00344713849118296,0.005763465273303529
Class-31-780_6,0.011507526370756459,0.003653863454607128,0.028606735580874912
Class-24-596_54,0.02803113641168303,0.004025301834870472,0.026275859847575692
Class-36-788_30,0.02595427243426265,0.00659547925450582,0.028619516848197756
