label,c1,c2,c3
pis,0.005935608188973837,0.014517569397063335,0.979546822413963
Class-4-753_0,0.9962350436427997,0.16405547300289713,0.9964411286446633
Class-32-486,0.10205424068697495,0.002382647398872751,0.0011453150394242172
Class-9-599_0,0.06638476213910992,0.04009876805220373,3.975212196911029E-5
Class-0-593_70,0.05594991926652361,0.015110483676815932,6.24567286862256E-4
Class-41-591,0.019305370515847024,0.011355933998244272,7.740693603615253E-5
Class-31-780_6,0.003348650062672348,0.0799391656079521,1.1430468244883317E-4
Class-24-596_54,0.016623586130462636,0.005864869901285523,1.0688794182885373E-4
Class-36-788_30,0.016673294885053615,0.006490480952458086,1.5818509784110772E-4
