label,c1,c2,c3
pis,0.16482246473012194,0.8197710574584673,0.015406477811410644
Class-4-753_0,0.09312526361039035,0.025418486554229982,0.178980218190868
Class-32-486,0.6447497635719885,0.9248662835860985,0.07760371951900376
Class-9-599_0,0.004548099434960359,0.004390839942040894,0.016709651330458097
Class-0-593_70,0.006771518847869505,0.022286098558076995,0.08532810539536706
Class-41-591,0.005395156699599182,0.013714375833353479,0.047066257454042096
Class-31-780_6,0.021484403423471708,0.011991979424528617,0.158554167918497
Class-24-596_54,0.005397085593853848,0.007593923180350315,0.06258524197440131
Class-36-788_30,0.005493562468585152,0.009488235964164373,0.08869153223225289
