label,c1,c2,c3
pis,0.08382723223464182,0.18736671833933874,0.7288060494260195
Class-4-753_0,0.06763310299812056,0.10436408871061391,0.0025301028700561727
Class-32-486,0.08435274742886135,0.037419973952853854,0.003814685648411559
Class-9-599_0,0.04035028810733807,0.01975362506903349,5.792057073461262E-4
Class-0-593_70,0.03273137382503612,0.019748878106745263,0.00373486640209849
Class-41-591,0.008924423695750363,0.006732466283902964,1.992250688793351E-4
Class-31-780_6,0.0031756771309804296,0.005007731871917984,0.00560697819082958
Class-24-596_54,0.007444443217867932,0.013680394813964733,0.0018492818141022814
Class-36-788_30,0.007470849673561879,0.01598933214908845,0.001934453423754862
