label,c1,c2,c3
pis,0.3288556673727844,0.6710065104522347,1.378221749811415E-4
Class-4-753_0,0.9182405477092853,0.9939660895579141,0.4948969932820045
Class-32-486,0.03363680969336947,0.005698587140783567,0.49454366535721944
Class-9-599_0,0.0015579291355257686,0.0018200428088058778,0.49387677006585257
Class-0-593_70,0.002516422385514578,0.0010391792060726603,0.4945578278170471
Class-41-591,0.0019137814658090947,0.004579425014963445,0.49438695647965014
Class-31-780_6,0.07581655339884234,0.004171785608500024,0.49410320546586056
Class-24-596_54,0.0019144790968210154,0.004911307440100636,0.49394966837965953
Class-36-788_30,0.001955617553596398,0.005416210461877465,0.4941133568353166
