label,c1,c2,c3
pis,0.5859171460547046,0.39150716020035486,0.022575693744940426
Class-4-753_0,0.01354150435017498,0.01248660315776226,0.18345910186764686
Class-32-486,0.02054226945162879,0.017377009603020365,0.2272608800890502
Class-9-599_0,0.009598571255235371,0.02451545867116622,0.01809611332012257
Class-0-593_70,0.057307234703671175,0.21723764416664076,0.5378267006224152
Class-41-591,0.012181059959266884,0.014579603252917264,0.08441272235645185
Class-31-780_6,0.012726651029343493,0.003925497400993788,0.2642711244429727
Class-24-596_54,0.022358379390904196,0.029066831710237856,0.23143783570686915
Class-36-788_30,0.016315625895393523,0.024796701671074835,0.2156551647262926
