label,c1,c2,c3
pis,0.8507456233893289,0.14507077116199824,0.00418360544867285
Class-4-753_0,0.021219463343545797,0.049512860974289405,0.342294691643307
Class-32-486,0.06897210930648434,0.05028021717580442,0.32684561252153743
Class-9-599_0,0.00736237667492665,0.1262783955302064,0.144466187799077
Class-0-593_70,0.04696349001851475,0.10455336038370502,0.2424946155271462
Class-41-591,0.02917817688429518,0.05566728491763228,0.4197351994365224
Class-31-780_6,0.022977599143249757,0.029044053337822503,0.3088840679886539
Class-24-596_54,0.999033004093762,0.9981049166334603,0.33703507808227956
Class-36-788_30,0.03912331602320839,0.08933277952806964,0.3524417130216223
