label,c1,c2,c3
pis,0.015998160409418396,0.8765225864695042,0.10747925312107737
Class-4-753_0,0.08542705194559379,0.008508204735935653,0.04269529744636015
Class-32-486,0.11143138659717089,0.005506500239387155,0.03521471275737189
Class-9-599_0,0.10708907976110305,0.006903316265198445,0.016753470449730988
Class-0-593_70,0.7288185203391968,0.9761589395713979,0.9758098727266447
Class-41-591,0.21974856862225012,0.020819088093936088,0.03609380823359687
Class-31-780_6,0.17316537258064343,0.006834634342193496,0.022759911900213346
Class-24-596_54,0.37113300388025633,0.012875057007948573,0.02233206855748372
Class-36-788_30,0.3204032670260136,0.025940896605216444,0.02647599589657516
