label,c1,c2,c3
pis,0.1845095376359773,0.7003554046626784,0.11513505770134437
Class-4-753_0,0.06925322532837362,0.005534482716878168,0.07106257201428655
Class-32-486,0.12826103160570757,0.007720364144934968,0.0675843335761547
Class-9-599_0,0.3790867978327801,0.9397236166430084,0.12264240390704081
Class-0-593_70,0.06565785217712874,0.004582697373069554,0.028848570313810988
Class-41-591,0.0840133107446392,0.001796753553320261,0.11468935202163776
Class-31-780_6,0.02752779483391472,0.004292621248404611,0.019199577508392816
Class-24-596_54,0.08128926064291869,0.010134153073257815,0.021409130101853035
Class-36-788_30,0.11571771963442738,0.013733882756063787,0.040662881596954685
