label,c1,c2,c3
pis,0.9390696916578847,0.015706379317118224,0.045223929024996994
Class-4-753_0,0.97516262358223,0.9554449264610528,0.9964411286446633
Class-32-486,0.006982977796669935,0.005096309182603875,0.003430510568435405
Class-9-599_0,3.302427753186085E-4,0.0379971682754111,2.0072339469832452E-4
Class-0-593_70,4.109894533740786E-4,0.005691593058709332,6.24567286862256E-4
Class-41-591,1.0863046215303875E-4,0.005665383894405152,1.0266879270800271E-4
Class-31-780_6,0.003348650062672348,0.08245834741026682,3.0566076100720937E-4
Class-24-596_54,9.328920515477715E-5,0.005990502692109505,3.0441238366492226E-4
Class-36-788_30,9.521837426259438E-5,0.005750538505985818,2.68378837080745E-4
