label,c1,c2,c3
pis,0.9630915618025652,0.03160027280015789,0.005308165397277089
Class-4-753_0,6.561011668379838E-6,0.005644956244965706,0.06998558544670289
Class-32-486,3.4476144164115995E-5,0.013546772814693879,0.006413600566863935
Class-9-599_0,4.6464740163605346E-4,0.0395994264775225,0.026091267961884202
Class-0-593_70,5.161128763136382E-4,0.011244124960080726,0.034144327515179256
Class-41-591,4.334699346130432E-4,0.012077481005695976,0.030688017473721428
Class-31-780_6,0.9786472412167525,0.9449334689252074,0.005814134139395521
Class-24-596_54,4.566373255404504E-4,0.012179654456779277,0.007281421661984328
Class-36-788_30,4.586109992137096E-4,0.01064608730242374,0.014211996061547817
