label,c1,c2,c3
pis,0.8184147528314786,0.1137589237389525,0.06782632342956872
Class-4-753_0,0.01639810141704362,0.018762890700644803,0.9963196607262174
Class-32-486,6.251962002566059E-5,0.01691489062568398,0.009637005873204428
Class-9-599_0,0.0022508825102330386,0.038452318366457135,0.0037984294977388595
Class-0-593_70,0.003532956146839844,0.01102633917846317,0.002670503183266093
Class-41-591,0.0027321891971349263,0.012077481005695976,0.0022486305492506204
Class-31-780_6,0.9723296100244286,0.9449334689252074,0.0017143636884930182
Class-24-596_54,0.0027331789543808323,0.016585270200597607,0.0017191843553855176
Class-36-788_30,0.0027885313561144334,0.012311686585076143,0.0028268064425536516
