label,c1,c2,c3
pis,0.004075926597296337,0.9627783681212688,0.03314570528143475
Class-4-753_0,0.011410575600171618,5.29655661477622E-4,0.055456878390033486
Class-32-486,0.007733806652143191,1.6050419287825068E-4,0.02064564832365896
Class-9-599_0,0.028470451027704097,6.066025330735519E-4,0.008247219968084436
Class-0-593_70,0.04894599366689048,0.005712366984745779,0.3882751937542299
Class-41-591,0.034703709542556284,0.0020950192573828343,0.03224217303069065
Class-31-780_6,0.012491347951547709,0.0011126138767451601,0.009517395753289522
Class-24-596_54,0.06492347173456554,9.096472273884842E-4,0.009859490073046588
Class-36-788_30,0.05756721048583906,0.8598390242477276,0.37074454417613684
