label,c1,c2,c3
pis,0.012899382103011763,0.9848262390038248,0.002274378893163535
Class-4-753_0,0.01255689918635468,7.91356817286265E-5,0.037663709878112316
Class-32-486,0.027947318286411522,2.7524399901210307E-4,0.028741475593875992
Class-9-599_0,0.2880036601306577,0.8034253979224313,0.021280385138445317
Class-0-593_70,0.09748416371874428,9.488235485227527E-4,0.30554249862407185
Class-41-591,0.01821276269723787,0.0027911269799929697,0.04891911940461895
Class-31-780_6,0.0192212864287987,5.983357103756061E-4,0.014850403059199217
Class-24-596_54,0.02492599776232835,4.233701929370313E-4,0.01257516596607714
Class-36-788_30,0.033852562265758626,0.001306102106437447,0.025781604488956434
