label,c1,c2,c3
pis,0.008721773850672163,0.017141805049637915,0.9741364210996898
Class-4-753_0,0.9977324953811028,0.6999220077306697,0.9976945540996053
Class-32-486,0.9971785235646089,0.033006001066369695,0.9698113751577551
Class-9-599_0,0.0059074399152399875,0.15417340106065255,0.003506719547008614
Class-0-593_70,0.37334459865585695,0.06843883656894648,0.0018855012167964449
Class-41-591,0.4956822019969452,0.18697279024441815,0.0027839818506615885
Class-31-780_6,0.002793463899522632,0.06197696824203173,0.005061138174593082
Class-24-596_54,0.49576484075884764,0.038585451188616095,0.0017464060542119787
Class-36-788_30,0.4958600172872427,0.04185555981295606,0.001723733492784038
