label,c1,c2,c3
pis,0.7419899279853229,0.0625854515266914,0.19542462048798573
Class-4-753_0,0.0063870761061948994,0.0076022505437058985,0.9983320980969812
Class-32-486,1.759819542138588E-5,0.06533934676578466,0.0038129904783825433
Class-9-599_0,0.004548099434960359,0.04274866281889555,0.0022829398448685214
Class-0-593_70,0.006771518847869505,0.07076660210244783,9.360532009819904E-4
Class-41-591,0.005395156699599182,0.021814672591572392,0.0010257450171481028
Class-31-780_6,0.9979515486086761,0.984232679754452,0.0021106269399677664
Class-24-596_54,0.005397085593853848,0.047190107795223375,7.446694250413584E-4
Class-36-788_30,0.005493562468585152,0.06098583857429667,0.0017438035149733933
