label,c1,c2,c3
pis,9.446473889555752E-4,0.005371566055922078,0.9936837865551222
Class-4-753_0,0.4951657596661761,0.16650049487328078,0.026913650877856462
Class-32-486,0.49532062398444465,0.3365127001618462,0.032218646129808355
Class-9-599_0,0.4958170899220839,0.1277462061619665,0.013334605323227023
Class-0-593_70,0.4956437073173451,0.3808448836167102,0.021329048862256107
Class-41-591,0.4956822019969452,0.33882983968065683,0.03771864786670843
Class-31-780_6,0.4960425879576517,0.4848707219269676,0.031229725670553293
Class-24-596_54,0.49576484075884764,0.15438778478860654,0.03092597513101905
Class-36-788_30,0.4958600172872427,0.20196267998149503,0.03883703491080652
