label,c1,c2,c3
pis,0.8200924974816943,0.00899564528888574,0.1709118572294202
Class-4-753_0,0.0014456505618312566,0.05189441014626042,0.002801065584231334
Class-32-486,1.0629371377973292E-6,0.054311524490457515,0.004318148441375943
Class-9-599_0,0.026950843806467697,0.14626433580344742,0.027912275554627237
Class-0-593_70,3.35729298404998E-4,0.1093785086811365,0.06261203205848846
Class-41-591,9.069006526807038E-4,0.010984142697706766,0.016262736404776112
Class-31-780_6,0.002425335767726547,0.019373383554226128,0.016364459197733685
Class-24-596_54,4.961580444276716E-4,0.052098052263790176,0.010869266685842148
Class-36-788_30,8.317375731943013E-4,0.058203461889369,0.031025819678233587
