label,c1,c2,c3
pis,0.49896390207118785,0.5008085528324732,2.2754509633905284E-4
Class-4-753_0,0.005069326227237588,0.0011352281184968999,0.19341528773533265
Class-32-486,0.008000560331828584,7.146689866514959E-4,0.12953999660183332
Class-9-599_0,0.8190836331604389,0.99829031214254,0.042013371984664614
Class-0-593_70,0.005707402677298066,1.7458502299125443E-4,0.29418482239019206
Class-41-591,0.0010112277788636246,5.297269495437436E-4,0.03356427429278796
Class-31-780_6,4.519388174964099E-4,4.984099228576505E-4,0.0604937040929248
Class-24-596_54,0.009161096677271418,0.0013434223729013406,0.06012334864165614
Class-36-788_30,0.0016312467028002302,0.001489996767399942,0.05642307895664191
