label,c1,c2,c3
pis,0.05567448506409626,0.10007120950001613,0.8442543054358876
Class-4-753_0,0.11312289986523169,0.016604861384166513,0.9862463450381357
Class-32-486,0.0013706187425664854,0.021003105037691837,0.036482216865081435
Class-9-599_0,0.03769567603914137,0.009904750067324438,0.008664415910364553
Class-0-593_70,0.047401879947134115,0.02295818870152362,0.013499278962581013
Class-41-591,0.0416059797257666,0.02772275371356611,0.013513083488423573
Class-31-780_6,0.8244527167998194,0.7074835161596188,0.008086644717753583
Class-24-596_54,0.0416198532651476,0.014031663992320424,0.008805705998035521
Class-36-788_30,0.03296365347470629,0.009836685225618483,0.011984676442756286
