label,c1,c2,c3
pis,0.006065877536934542,0.9330906685028711,0.06084345396019428
Class-4-753_0,0.033053626075440705,0.001624644031983662,0.03624349304518102
Class-32-486,0.11167470429666142,0.0022319425154237716,0.022280681192862233
Class-9-599_0,0.14549310433278748,0.001676029644677419,0.03512617713889146
Class-0-593_70,0.4257847579127763,0.012534902579327956,0.08868371246402101
Class-41-591,0.20257373722574631,0.9880044331960092,0.9679302092241568
Class-31-780_6,0.16889352050822184,8.228303108859918E-4,0.0220814781966472
Class-24-596_54,0.36135566463000207,0.004969858483330313,0.020588813123363314
Class-36-788_30,0.2988968143173537,0.006204850676182789,0.06275947642219364
