label,c1,c2,c3
pis,0.8878265322161785,0.03364806680110374,0.07852540098271772
Class-4-753_0,0.9494219753244988,0.9204947643140309,0.9890533501335274
Class-32-486,0.018531798369335648,0.014432858327911285,0.010543429655404103
Class-9-599_0,0.0016331205271753364,0.06981348366112793,0.0010953292297136302
Class-0-593_70,0.0019446810562760769,0.015740225942567264,0.0027139968331563644
Class-41-591,6.714398702684599E-4,0.015696487512779377,6.411470897719482E-4
Class-31-780_6,0.010355367217608843,0.12658174168352818,0.0015331434694327273
Class-24-596_54,5.945217508009426E-4,0.016397940941391638,0.001527950794539609
Class-36-788_30,6.043780747365317E-4,0.015873168359774478,0.0013818027403650038
