label,c1,c2,c3
pis,0.958728487022574,0.040192412128041394,0.0010791008493844707
Class-4-753_0,0.004410276609871261,0.028774975438945742,0.049514071301194826
Class-32-486,0.0020563368617916734,0.09178997114316105,0.04263800134954697
Class-9-599_0,0.04879444215760715,0.9995427578943156,0.049359483513898836
Class-0-593_70,0.0056178442118012695,0.0016373836497229827,0.20359831706477396
Class-41-591,0.0024459269989969747,0.0022285884746995163,0.11279862917866096
Class-31-780_6,0.00484658027136012,0.010590551534427908,0.10747444002908914
Class-24-596_54,0.009833652291890066,0.040336231832564566,0.09377748776227414
Class-36-788_30,0.002007618204448096,0.04904838826000346,0.15027026023027729
