label,c1,c2,c3
pis,0.38980838406169965,0.5972419288300955,0.01294968710820484
Class-4-753_0,0.002149785423952357,5.17126102518858E-4,0.009003116162260892
Class-32-486,0.0022430068896763314,9.756257609766535E-4,0.007923532425293577
Class-9-599_0,0.009019699618873592,0.0028210069937753095,0.04872064429026181
Class-0-593_70,0.08097256888359666,0.05277792715352111,0.06125815918001932
Class-41-591,0.016776124667844075,0.03767054800749377,0.16977615862983916
Class-31-780_6,0.013902670906772807,0.003483839705037615,0.009042637510623792
Class-24-596_54,0.9980701582762233,0.954191481280569,0.008877279384942593
Class-36-788_30,0.03889737778691477,0.017590059282674674,0.03069194762487632
