label,c1,c2,c3
pis,0.22189741895586165,0.2052514127460044,0.5728511682981339
Class-4-753_0,0.06402736576537987,0.09190323797801853,0.9672400569370513
Class-32-486,0.06791708023809184,0.016536799361290204,0.847577216328636
Class-9-599_0,0.02907664954202215,0.002510946106523531,0.0019255855074479591
Class-0-593_70,0.0330775483574611,0.0193938562841195,0.0071063218239604455
Class-41-591,0.0416059797257666,0.028975243640760456,0.010180985058871616
Class-31-780_6,0.8491531901471734,0.8537084470381249,0.0036035185373891583
Class-24-596_54,0.0416198532651476,0.014413236425963939,0.0042409366856761025
Class-36-788_30,0.04205443863311607,0.025093398888494725,0.004334579972925524
