label,c1,c2,c3
pis,0.09114744908572084,0.7180203691103013,0.19083218180397798
Class-4-753_0,0.4951657596661761,0.07651891273382737,0.11176754008389685
Class-32-486,0.36205657575692496,0.15232077417940043,0.07609271148036544
Class-9-599_0,0.66617806310884,0.10498516735377846,0.0962305403054026
Class-0-593_70,0.7903757686077312,0.20974975213951874,0.9829764868884785
Class-41-591,0.4956822019969452,0.019357191398710307,0.05499553067057342
Class-31-780_6,0.4623085251007031,0.09048111138618219,0.12182221069073591
Class-24-596_54,0.40144211511200895,0.07701856441422338,0.11623039736042394
Class-36-788_30,0.4958600172872427,0.999827321179008,0.9186272958102555
