label,c1,c2,c3
pis,0.04113070431455051,0.023102780407335377,0.9357665152781142
Class-4-753_0,0.9999087717889378,0.4725418424988967,0.9999866379021382
Class-32-486,0.49532062398444465,0.11163919039286835,0.10544456238727198
Class-9-599_0,0.47064744113947865,0.43765843080098954,0.021904271994082593
Class-0-593_70,0.4956437073173451,0.4934697861023262,0.007964277016115417
Class-41-591,0.4956822019969452,0.2334162944529864,0.009603751516046193
Class-31-780_6,0.2788972909090406,0.18121561087253588,0.026321376576206996
Class-24-596_54,0.49576484075884764,0.18180860384638842,0.022720883709993322
Class-36-788_30,0.4958600172872427,0.17300693674424814,0.021831898061426533
