label,c1,c2,c3
pis,0.1937004675683143,0.0049656497177991265,0.8013338827138865
Class-4-753_0,0.007332011995183516,0.1012846276787628,8.053677041712668E-4
Class-32-486,3.2948405390911226E-5,0.10448172124556067,3.605642227114405E-6
Class-9-599_0,0.9584152296366092,0.9351577525944625,0.9275747124314044
Class-0-593_70,0.050078091497909365,0.9998246211276021,0.09393454188035925
Class-41-591,0.005180057148959892,0.004931253317329839,9.328076230252687E-4
Class-31-780_6,0.010787989218452688,0.04982061766203845,0.005281227318912869
Class-24-596_54,0.0033006653068703984,0.10139195382196295,0.004459378174137997
Class-36-788_30,0.004856778970705204,0.10967213453589233,0.004726471767373825
