label,c1,c2,c3
pis,0.8197591058861996,0.16959582329532727,0.010645070818473174
Class-4-753_0,0.12704641517269857,0.49590947984291606,3.2238509757827143E-4
Class-32-486,0.05724936867259578,0.040384397618759824,0.24556989881511235
Class-9-599_0,0.004548099434960359,0.11187991859993755,0.17279469220164453
Class-0-593_70,0.006764576123361545,0.05639372992062393,0.2519028955787638
Class-41-591,0.005395156699599182,0.1101704802144689,0.22997832454360295
Class-31-780_6,0.10002284664153596,0.12495732952594675,0.0959185659108488
Class-24-596_54,0.005397085593853848,0.03511448587346117,0.12328894105848695
Class-36-788_30,0.005493562468585152,0.052125048675280415,0.12668561555633961
