label,c1,c2,c3
pis,0.21564742843391257,0.7375269947310986,0.04682557683498886
Class-4-753_0,0.029134889590864143,0.010924380663411311,0.04107288362536509
Class-32-486,7.843356870085232E-4,0.009494498425209223,0.02203967400463023
Class-9-599_0,0.9543409396648527,0.9992078075776659,0.04502195283578274
Class-0-593_70,0.013972055366516972,2.6110443283283724E-4,0.09820498007703245
Class-41-591,0.029003088069265746,0.003128817160706595,0.04570466667568736
Class-31-780_6,0.008471785526606709,0.00702523914260828,0.021129458124025762
Class-24-596_54,0.013092257635253512,0.009011762967499485,0.02150983862941628
Class-36-788_30,0.027817968408594303,0.009006669539127739,0.0370363979063094
