label,c1,c2,c3
pis,0.15484865335320802,0.7223448946268465,0.12280645201994546
Class-4-753_0,0.04705281570565999,0.020957615264447286,0.09476582159081484
Class-32-486,0.12448784054447216,0.016360043121945455,0.08748635103837162
Class-9-599_0,0.05432839048361341,0.0794465721514526,0.05302585676902717
Class-0-593_70,0.17901621702173207,0.14017302817649244,0.20959035016121427
Class-41-591,0.07832693924979392,0.8354715483062417,0.697227979430877
Class-31-780_6,0.05872584612741927,0.016017036467197543,0.06888094980791687
Class-24-596_54,0.11887231728254677,0.03749199534566698,0.06968430409482687
Class-36-788_30,0.12003518999730804,0.037630844830673284,0.10623835418800756
