label,c1,c2,c3
pis,0.23835056687248965,0.6989586431644483,0.06269078996306209
Class-4-753_0,0.04434542549474648,0.018991356387939296,0.059568596738098153
Class-32-486,0.0019104721218978116,0.016801894238185906,0.03484849673252733
Class-9-599_0,0.9344870636686228,0.9980630539486309,0.06441758155936594
Class-0-593_70,0.02350571101928875,7.29586238624071E-4,0.12533122579449613
Class-41-591,0.04418348820477671,0.006392721444979559,0.06526953480309478
Class-31-780_6,0.02382371931588364,0.012935013154603879,0.03359475326496492
Class-24-596_54,0.022218657094132073,0.016053324461753882,0.034113996053068946
Class-36-788_30,0.042627281060733144,0.01604385840825939,0.05448555151518658
