label,c1,c2,c3
pis,0.9085704506079225,0.09108257698307008,3.469724090074889E-4
Class-4-753_0,0.002201905280118774,0.007711327492017135,0.2270254635435165
Class-32-486,0.0077462936544692605,0.006422660967655941,0.30077273904554597
Class-9-599_0,0.001259406375390257,0.0011855007822627564,0.13473283065730202
Class-0-593_70,0.007305542037862704,0.08339886999642572,0.5378267006224152
Class-41-591,0.0010112277788636246,0.007117221399936509,0.08441272235645185
Class-31-780_6,0.0015345504577198767,0.003279139938711509,0.2754888611681136
Class-24-596_54,0.9894723495242628,0.9943551259236091,0.23158286333668474
Class-36-788_30,0.001164710319354366,0.020583796869685464,0.2156551647262926
