label,c1,c2,c3
pis,0.006371666391551615,0.1903822269612161,0.8032461066472324
Class-4-753_0,0.2555900632745893,0.08337358318004272,0.0201843805323253
Class-32-486,0.5452970638544754,0.061684132056178016,0.00857740084585937
Class-9-599_0,0.9672671200069589,0.13180694385660618,0.05630027956665272
Class-0-593_70,0.8194951166405934,0.9804589450327619,0.06251756743623041
Class-41-591,0.4956822019969452,0.15353762944240387,0.051718071155635224
Class-31-780_6,0.47396300344306924,0.38961254634675974,0.011150007382806953
Class-24-596_54,0.49576484075884764,0.055807674264089176,0.010619008429997547
Class-36-788_30,0.4958600172872427,0.142429111143487,0.02248783070020237
