label,c1,c2,c3
pis,0.011184115292512592,0.002076532806529942,0.9867393519009575
Class-4-753_0,0.9994446637045948,0.6834864876421435,0.9992084380858108
Class-32-486,0.9979449554960351,0.03555339135784177,0.9903837309585398
Class-9-599_0,0.2973212785640656,0.4454644412113576,0.0018937861097911306
Class-0-593_70,0.34456592180203666,0.21429552945934519,2.751360835996094E-4
Class-41-591,0.4956822019969452,0.4945776825913341,0.0013592248235875372
Class-31-780_6,0.020492473802548723,0.3553241952691144,3.018435803170132E-4
Class-24-596_54,0.49576484075884764,0.12591272750982052,6.88958223116604E-4
Class-36-788_30,0.4958600172872427,0.16051075675523307,5.737677011310122E-4
