label,c1,c2,c3
pis,0.0024237436132142484,0.9527794911747395,0.04479676521204636
Class-4-753_0,0.016235803062448765,7.104989785238291E-4,0.013552703108847767
Class-32-486,0.038039988559831546,1.0511495565575428E-4,0.005789992118911613
Class-9-599_0,0.04843789786250737,0.001148372412540421,0.002269734757321896
Class-0-593_70,0.12149399297359713,0.00642950677844584,0.07586315821326117
Class-41-591,0.024379939272818285,0.8403318408240484,0.6343296705928929
Class-31-780_6,0.0429306903228612,6.796285994235754E-4,0.002859626101803745
Class-24-596_54,0.04759519503726549,5.98422893445935E-4,0.002708813277211114
Class-36-788_30,0.03430132952495386,0.9344602985243249,0.3474834865828729
