label,c1,c2,c3
pis,0.9012537702585228,0.03510368548891791,0.06364254425255939
Class-4-753_0,0.006643157900570719,0.010316286275406901,0.9865150280913446
Class-32-486,1.413488997028596E-4,0.01818907479772041,0.004104997404977965
Class-9-599_0,0.0012091383276453867,0.06127768543304564,0.004761733187891997
Class-0-593_70,0.0013253356961594454,0.03849130225319863,0.003239470861882003
Class-41-591,0.0011378155903617772,0.038385213530008414,0.0033646588388390637
Class-31-780_6,0.9002064817629213,0.9211746468688362,0.0013661951347453474
Class-24-596_54,0.0011908620192353492,0.020851193573541454,0.0015256021525542295
Class-36-788_30,0.0011954180475036975,0.03157161199568944,0.00268695349615577
