label,c1,c2,c3
pis,0.9907005592276831,0.009253291285930956,4.614948638613368E-5
Class-4-753_0,8.771502728579068E-4,0.009784629150499312,0.02461445744283427
Class-32-486,2.1407182035250145E-5,0.05419448290742946,0.03202899346496542
Class-9-599_0,0.9205166518202568,0.9999334667001624,0.09724896415851862
Class-0-593_70,2.482394753689735E-4,3.3210056719202994E-4,0.15453044633967877
Class-41-591,5.476727385553184E-4,8.390577431067347E-4,0.07093126173773971
Class-31-780_6,0.0012900003329555012,0.0062587672272576365,0.07116464237593542
Class-24-596_54,0.002749774392316415,0.01878642720802701,0.055809673780067855
Class-36-788_30,4.276166713217951E-4,0.024136236572216432,0.10342671133770916
