label,c1,c2,c3
pis,0.08546513665076921,0.8935662909109492,0.020968572438281624
Class-4-753_0,0.31821375273707525,0.010825466053526467,0.4948969932820045
Class-32-486,0.04177032507848308,0.06026036115265842,0.28878711200893437
Class-9-599_0,0.9920346954811221,0.9992315461969283,0.21081254750433986
Class-0-593_70,0.11815821611251384,0.0014785452998161538,0.4304766819598722
Class-41-591,0.4956822019969452,0.011156389321466476,0.43821272970417785
Class-31-780_6,0.4960425879576517,0.02980995162477356,0.3077566802214628
Class-24-596_54,0.346812917366501,0.02113991163133503,0.2969963210140178
Class-36-788_30,0.4958600172872427,0.03487331696346383,0.39018306403596364
