label,c1,c2,c3
pis,0.9585927464732414,0.0404814253325464,9.258281942121604E-4
Class-4-753_0,0.034853839365196974,0.49590947984291606,0.4948969932820045
Class-32-486,0.019214720768598627,0.43437935397107863,0.49454366535721944
Class-9-599_0,0.0015579291355257686,0.023884789006881214,0.49387677006585257
Class-0-593_70,0.002516422385514578,0.13138560930247395,0.4945578278170471
Class-41-591,0.0019137814658090947,0.09052236057663009,0.49438695647965014
Class-31-780_6,0.9730536507351211,9.041864115109211E-5,0.6171007831907156
Class-24-596_54,0.0019144790968210154,0.11206517336326391,0.49394966837965953
Class-36-788_30,0.0011799521247558267,0.09132088215471862,0.4941133568353166
