label,c1,c2,c3
pis,0.5366306507502179,0.3417122682604933,0.12165708098928879
Class-4-753_0,0.00990675819920092,0.07073454093528775,0.08564927876301065
Class-32-486,0.0015280494966090033,0.03135080554244107,0.02904264932207078
Class-9-599_0,0.09233882940935968,0.08298987790128508,0.036661332661596054
Class-0-593_70,0.008143387146338705,0.03774711474674299,0.02116358789576255
Class-41-591,0.01085216141095748,0.015049600583363429,0.07596758690326297
Class-31-780_6,0.007281773683864839,0.024266234586090916,0.030091023522114884
Class-24-596_54,0.04068549700176906,0.039519237886738535,0.02939041352465812
Class-36-788_30,0.009370839876936344,0.02633735982214019,0.059149333463419836
