label,c1,c2,c3
pis,0.9955428293521121,0.004428489624953923,2.8681022934172958E-5
Class-4-753_0,0.023073776524793203,0.49590947984291606,0.4948969932820045
Class-32-486,0.009512063087239465,0.41467715961638496,0.49454366535721944
Class-9-599_0,1.8196018396969123E-4,0.05251075841700165,0.49387677006585257
Class-0-593_70,3.453104735081054E-4,0.09207345630851044,0.4945578278170471
Class-41-591,2.395311951404488E-4,0.044398530794846264,0.49438695647965014
Class-31-780_6,0.9996966794818694,0.49499702418741287,0.6557045487486239
Class-24-596_54,2.3962141963538764E-4,0.0974988312386101,0.49394966837965953
Class-36-788_30,2.4649179477378487E-4,0.11725602642544188,0.4941133568353166
