label,c1,c2,c3
pis,0.9087867506518786,0.02818610672129869,0.06302714262682262
Class-4-753_0,0.8574044687431228,0.6022850288321434,0.9894145497512344
Class-32-486,0.7897009448579827,0.14138187957786824,0.9101407281806062
Class-9-599_0,0.006521220799390255,0.19893715264801173,0.08400671032248781
Class-0-593_70,0.0063733929471987355,0.08479788640144287,0.045904543825168065
Class-41-591,0.007798375413227812,0.1391448813341637,0.07033728661664813
Class-31-780_6,0.07152508279064154,0.0354831650981349,0.032627404745334834
Class-24-596_54,0.008055352316292248,0.12415509655220848,0.0505690060506917
Class-36-788_30,0.008078073414050344,0.10811623172663877,0.04494214033489802
