label,c1,c2,c3
pis,0.5222069923398129,0.4387865268569704,0.03900648080321681
Class-4-753_0,3.6849906355159094E-6,0.0040221697483000095,0.026274811916379297
Class-32-486,1.906725116307321E-5,0.06745483547454056,0.010781609689762826
Class-9-599_0,0.004548099434960359,0.006087322036345834,0.010243028353337728
Class-0-593_70,0.006771518847869505,0.0109512270024565,0.014038198879160205
Class-41-591,0.005395156699599182,0.0036359017880639517,0.00783623397017814
Class-31-780_6,0.9999759220508208,0.05480548175192911,0.07604083196287792
Class-24-596_54,0.005397085593853848,0.012610789092010832,0.006065945617872056
Class-36-788_30,0.005493562468585152,0.011103513531307981,0.013223977103616214
