label,c1,c2,c3
pis,0.9031161016231117,0.09484039047521474,0.0020435079016734533
Class-4-753_0,0.00976085329735293,0.017539499924212058,0.0976752732378141
Class-32-486,8.766066288853775E-4,0.12033259543668831,0.0695981392928752
Class-9-599_0,0.233789997781042,0.9997638568787371,0.06825995397658362
Class-0-593_70,0.004687634468484299,7.927243157944243E-4,0.26339278326915994
Class-41-591,0.01085216141095748,1.5070041591814075E-4,0.17177425953796668
Class-31-780_6,0.018031744936878372,0.015647080858994245,0.16642395367380883
Class-24-596_54,0.024096181530279162,0.05150343929935426,0.15347865426175805
Class-36-788_30,0.009370839876936344,0.04219092323710494,0.2132829230842328
