label,c1,c2,c3
pis,0.2205393502409774,0.7703973692011922,0.009063280557830561
Class-4-753_0,0.017189260955855247,0.003643015497190769,0.04632293067973184
Class-32-486,0.026999408070733786,0.0025526911345319205,0.13619557476877134
Class-9-599_0,0.011088978175420016,0.03315509273712692,0.11379696077607851
Class-0-593_70,0.18519785985081036,0.9863120786248346,0.9466781587396669
Class-41-591,0.011038820337282176,0.6824903182865505,0.35859542837070385
Class-31-780_6,0.005261922268193589,0.0037756253837211338,0.022301478979329614
Class-24-596_54,0.9986954121418891,0.9796593974908847,0.031859062998868516
Class-36-788_30,0.020371080147578914,0.0057298848623778004,0.025842959527609483
