label,c1,c2,c3
pis,0.3708969106742542,0.628008335933223,0.0010947533925227961
Class-4-753_0,0.041032804319876374,0.0017052119627971381,0.2270254635435165
Class-32-486,0.025381789648817012,0.007484221785508118,0.30077273904554597
Class-9-599_0,0.7827218805671711,0.9986748796465689,0.13473283065730202
Class-0-593_70,0.05890819453362652,0.0013523239309213891,0.4945578278170471
Class-41-591,0.012181059959266884,0.003152872319311688,0.08441272235645185
Class-31-780_6,0.00908202123834503,9.671219118811773E-4,0.2754888611681136
Class-24-596_54,0.013546778727481482,0.006179301881311127,0.23158286333668474
Class-36-788_30,0.022713010645261843,0.012244367382044905,0.2156551647262926
