label,c1,c2,c3
pis,0.002064219934834238,4.744633789320345E-4,0.9974613166862337
Class-4-753_0,0.454010055479163,0.49590947984291606,9.874808714858282E-4
Class-32-486,0.49532062398444465,0.49449230394733484,0.0038342631782927804
Class-9-599_0,0.3610370763070983,0.45214203588773655,0.007186199739870928
Class-0-593_70,0.4956437073173451,0.4934697861023262,4.7027150948824513E-4
Class-41-591,0.4956822019969452,0.4945776825913341,0.0026242828000535867
Class-31-780_6,0.4960425879576517,0.49499702418741287,0.0023236380042352405
Class-24-596_54,0.49576484075884764,0.49398970299792394,0.004012639110932959
Class-36-788_30,0.4958600172872427,0.4937891831282697,0.0038639722549395693
