label,c1,c2,c3
pis,0.5972357852745248,0.38013209890245825,0.022632115823016843
Class-4-753_0,0.012646888391792939,0.037128114547548365,0.21379201195890554
Class-32-486,0.037023005119641864,0.008015783519838858,0.16309398337638628
Class-9-599_0,0.09739226576384169,0.03355064124276774,0.023769685260238205
Class-0-593_70,0.024239541458281878,0.04870345216274837,0.3646751862241514
Class-41-591,0.00694053291750109,0.024691843190933815,0.09686590587209906
Class-31-780_6,0.002654450225477812,0.01614470558146431,0.08779235749851744
Class-24-596_54,0.06196324778665255,0.019991968984821775,0.09483497740886228
Class-36-788_30,0.008977503035923148,0.02226692579853942,0.08605557334614025
