label,c1,c2,c3
pis,0.8857160774497783,0.04389530426147308,0.07038861828874861
Class-4-753_0,0.12141821681529998,0.39561042131868335,0.06820681509338324
Class-32-486,0.04308154100348365,0.07317724997579188,0.06239664356041097
Class-9-599_0,0.009653023093603696,0.09956130480457656,0.01895228481530043
Class-0-593_70,0.0180765173874544,0.03834658209265473,0.02330222162916769
Class-41-591,0.015113627148721345,0.09349433938042692,0.07102226508222532
Class-31-780_6,0.108523882948508,0.38211610041538124,0.03227532067160525
Class-24-596_54,0.015118891978993099,0.0656492914543662,0.04070573592765949
Class-36-788_30,0.015333729622332596,0.04981390344279352,0.03753917405095745
