label,c1,c2,c3
pis,0.009676387298063333,0.3549564920274701,0.6353671206744665
Class-4-753_0,0.026361750195345948,0.004790627018739842,0.0011762892496525298
Class-32-486,0.02205877120313188,0.012639896567039193,9.158189317617773E-4
Class-9-599_0,0.20502297847922765,0.0011286953268756642,7.571335955734294E-4
Class-0-593_70,0.8235140313814224,0.932635945596789,0.18910100576228644
Class-41-591,0.19303349139317103,0.9291167897462932,0.3457744149159171
Class-31-780_6,0.03900089222970114,0.002527927802946898,0.004395058132150755
Class-24-596_54,0.2999386799517794,0.006764870827746981,7.182452014131458E-4
Class-36-788_30,0.2691006626933681,0.005319524541713857,0.0015212551589168283
