label,c1,c2,c3
pis,0.7083690615047226,0.28378888450609036,0.007842053989187105
Class-4-753_0,0.002927838097313234,0.003991447411008436,0.10431557711025569
Class-32-486,0.007580593968755144,0.0031028973448979018,0.18624934785512182
Class-9-599_0,0.005069125541247,0.012042047279731828,0.0380028392912168
Class-0-593_70,0.013220061763495043,0.10603387781375753,0.5485807439340008
Class-41-591,8.162039695403201E-4,0.00537842194275096,0.017456227976337127
Class-31-780_6,0.0013496834156767228,8.51442732342388E-4,0.15561390603603753
Class-24-596_54,0.001656754450702615,0.005913165991995267,0.10893471417997246
Class-36-788_30,0.0011105579566315213,0.00551896045208063,0.09411412505961643
