label,c1,c2,c3
pis,0.018671466433200903,0.1297957490171781,0.851532784549621
Class-4-753_0,0.4951657596661761,0.06957771520152778,0.03182688195670807
Class-32-486,0.6488898160217096,0.10977943516359073,0.0019527386475427786
Class-9-599_0,0.9795871142612878,0.6923531076014973,0.9326059860756858
Class-0-593_70,0.8831959423591708,0.9588123337145603,0.14107273563995934
Class-41-591,0.4956822019969452,0.996867698762719,0.9403860406721974
Class-31-780_6,0.42590411337600126,0.1445517461952498,0.05702224753674757
Class-24-596_54,0.49576484075884764,0.19241012830427479,0.07061745652797133
Class-36-788_30,0.4958600172872427,0.12230651301274018,0.057263989004895294
