label,c1,c2,c3
pis,0.012778119205683926,0.9872100372120616,1.1843582254378973E-5
Class-4-753_0,1.292262334528307E-4,0.07835486587148226,0.14498554781715164
Class-32-486,5.494819910217828E-7,4.2006962161682374E-4,0.2606343275550383
Class-9-599_0,5.326094549286643E-4,5.679622218805142E-5,0.20475369657172535
Class-0-593_70,9.326391790123336E-4,2.998331118591157E-4,0.2528813752994233
Class-41-591,6.773311797565217E-4,1.3604456572219068E-4,0.12917312796744884
Class-31-780_6,0.9999422999194838,0.9446327092360022,0.11188918639956173
Class-24-596_54,6.775822962302066E-4,1.885123284224414E-4,0.13602370378069661
Class-36-788_30,6.945766367736469E-4,1.5943150175060374E-4,0.1596385257087916
