label,c1,c2,c3
pis,0.5989209544711623,0.027620828067220226,0.3734582174616175
Class-4-753_0,0.02186476584247484,0.004469999050974577,0.9947136196169494
Class-32-486,1.65841552918731E-4,0.16244439664419835,0.01848960614148047
Class-9-599_0,0.013201487572304186,0.07646780518001528,0.008585134988013355
Class-0-593_70,0.018091188776249413,0.12312417272299538,0.0022368046734643912
Class-41-591,0.015113627148721345,0.04535447741023211,0.004260755534845663
Class-31-780_6,0.9929505464100215,0.9630511884118614,0.007785737333424586
Class-24-596_54,0.015118891978993099,0.1095081107099856,0.005717581186585882
Class-36-788_30,0.015333729622332596,0.1145303227075414,0.008259764999796686
