label,c1,c2,c3
pis,0.07490519765794434,0.9037963671949335,0.021298435147121885
Class-4-753_0,2.476659283002773E-4,0.0034631575657903093,0.055134989760266095
Class-32-486,2.0079585869937355E-4,0.023992381510059536,0.10078478129769834
Class-9-599_0,0.03769567603914137,1.398589057040246E-4,0.018389816897609775
Class-0-593_70,0.04742986938879637,0.0018222563864200882,0.09138209620228384
Class-41-591,0.0416059797257666,0.0095070358111947,0.0426604202450623
Class-31-780_6,0.9898642525617829,0.8217563412494128,0.1734976860042098
Class-24-596_54,0.0416198532651476,0.008867390580559641,0.047228536717605914
Class-36-788_30,0.04205443863311607,0.01338648359763955,0.041344160004187946
