label,c1,c2,c3
pis,0.6674415212620489,0.32980643973528756,0.0027520390026635508
Class-4-753_0,0.006047124337900395,7.268297373713492E-4,0.10633254695576101
Class-32-486,0.00573260900590927,8.711179045983372E-4,0.18847239727112702
Class-9-599_0,0.0029673114995748193,0.031984366752103706,0.03782659237988225
Class-0-593_70,0.012093781191209222,0.0864226313839903,0.4945578278170471
Class-41-591,4.6204956528535235E-4,0.002609241504496672,0.015445168015580438
Class-31-780_6,6.837095033819249E-4,1.4551933473392923E-4,0.15782896310288314
Class-24-596_54,0.0013602947011965177,0.0027710034657997176,0.11097806522781091
Class-36-788_30,0.0013987116621360103,0.005130681193706696,0.09605188793656082
