label,c1,c2,c3
pis,0.1268293869849536,0.31615359513315233,0.557017017881894
Class-4-753_0,0.11188590733686382,0.1323151481375097,0.08726351573214511
Class-32-486,0.0500839460198607,0.008676607365001211,1.7253151952736085E-4
Class-9-599_0,0.9316193313342672,0.7088859687131325,0.3002437285930261
Class-0-593_70,0.05594991926652361,0.022999307851634714,0.002706713597173532
Class-41-591,0.019305370515847024,0.021936994600772728,0.022034764597566286
Class-31-780_6,0.0058074393866627775,0.03902643606870113,0.031595903979024106
Class-24-596_54,0.016623586130462636,0.023299072946039192,0.03135157098767665
Class-36-788_30,0.016673294885053615,0.0197133227144598,0.02888527674888383
