label,c1,c2,c3
pis,0.02777128921424467,0.8313096170250882,0.1409190937606671
Class-4-753_0,0.016443516504341737,0.001140916325695096,0.01179770239250696
Class-32-486,0.0011637855946207306,0.0023040744656860073,0.011803431792724448
Class-9-599_0,0.4786729144437065,0.6526385614463107,0.010628115125231131
Class-0-593_70,0.15532365031911885,0.6987534155172236,0.8526568991271629
Class-41-591,0.06160030183342834,0.004660517285783885,0.01694112191980035
Class-31-780_6,0.02731022660868729,0.0029896196296092512,0.0073609440451999466
Class-24-596_54,0.06535051686368747,0.0035134735803720772,0.007433740347401562
Class-36-788_30,0.08588014360232595,0.005313953661677446,0.013017173036002833
