label,c1,c2,c3
pis,0.01361105921362345,0.33926487557130586,0.6471240652150707
Class-4-753_0,0.050420152283679485,0.01284498625079683,0.016628944278646397
Class-32-486,0.058322410864857205,0.005042886957690249,0.004406317505325721
Class-9-599_0,0.29624739084707574,0.02860343360705024,0.020792284267422103
Class-0-593_70,0.46308607144649716,0.03214959136200806,0.03792998334244973
Class-41-591,0.30474907030793263,0.9001064587001802,0.7004948615643094
Class-31-780_6,0.16819930904989766,0.03590526914969146,0.006132553273010796
Class-24-596_54,0.37951730443324827,0.017718350325050158,0.006070678354420931
Class-36-788_30,0.35937839003459826,0.01888774623690047,0.02422328379390725
