label,c1,c2,c3
pis,0.16243779339691972,0.4943231743790237,0.34323903222405655
Class-4-753_0,0.9792982716344203,0.0885771185108456,0.9963206430422572
Class-32-486,0.41300708095294686,0.09866947044022009,0.14409684895918418
Class-9-599_0,0.2312222420009887,0.07442549645184829,0.08819256691381111
Class-0-593_70,0.1881056659279361,0.06865734017073068,0.07553855261029291
Class-41-591,0.19785175883032588,0.07708677919032013,0.07714691757530513
Class-31-780_6,0.29435077477276217,0.011891741029559632,0.117570881725309
Class-24-596_54,0.20413475837174863,0.090276922969841,0.12339816744572694
Class-36-788_30,0.20227891012975846,0.09070212567173314,0.11669518326203521
