label,c1,c2,c3
pis,0.06304098250153904,4.821728411112165E-5,0.9369108002143498
Class-4-753_0,0.9998368308039512,0.5854033782820458,0.9999200007360397
Class-32-486,0.9998158390078659,0.032556002043711785,0.9994719605040123
Class-9-599_0,0.007133550832077966,0.11712316083053849,1.553325332324336E-5
Class-0-593_70,0.004036494927933052,0.1093785086811365,1.1229691673307915E-5
Class-41-591,0.0018806760604032553,0.022858866451925454,2.9664029374389863E-6
Class-31-780_6,3.085402625579298E-4,0.051080898140483846,1.2505629615442883E-5
Class-24-596_54,0.0014742854611834112,0.052098052263790176,1.8767265628234816E-5
Class-36-788_30,0.0014811166656774405,0.08452727246728778,1.1081878675106123E-5
