label,c1,c2,c3
pis,0.007892580889010925,0.532171675589514,0.45993574352147504
Class-4-753_0,0.018621580979831777,3.7687009301053706E-4,0.0038656144596017805
Class-32-486,0.009148308407347832,0.0011495053834727372,0.0015893057670005276
Class-9-599_0,0.11038518267271621,0.015734318626373246,0.00783288973949888
Class-0-593_70,0.7014741271308611,0.9510673146614808,0.5832100088532047
Class-41-591,0.17985874198477123,0.0010734949915320261,0.014211025651270519
Class-31-780_6,0.05024014488971762,0.007070069016395286,0.001045382950295881
Class-24-596_54,0.2802526404510237,0.005049105680754559,0.001379330181091288
Class-36-788_30,0.2730479905241961,0.006225644675974104,0.004714149633008612
