label,c1,c2,c3
pis,0.3006749891832294,0.6527832777321698,0.046541733084600925
Class-4-753_0,0.06763310299812056,0.006328018924228589,0.015164296283714757
Class-32-486,0.08435274742886135,0.006949317037001946,0.043391354952694854
Class-9-599_0,0.04035028810733807,0.03415469679273724,0.010601771883010912
Class-0-593_70,0.03273137382503612,0.02608301967248803,0.05919208543400607
Class-41-591,0.008924423695750363,0.002099135045684888,0.007116246255538499
Class-31-780_6,0.01691584470532053,0.002162814690438128,0.03060088486664355
Class-24-596_54,0.007444443217867932,0.007442785272681172,0.025354233954033675
Class-36-788_30,0.007470849673561879,0.006986598810849512,0.021977952192603258
