label,c1,c2,c3
pis,0.7388316490982259,0.2514105891586081,0.009757761743165868
Class-4-753_0,0.010987261229717936,0.003991447411008436,0.10431557711025569
Class-32-486,0.010935488206214731,0.0031028973448979018,0.18624934785512182
Class-9-599_0,0.006156906902704423,0.05249954545429538,0.0380028392912168
Class-0-593_70,0.013220061763495043,0.09726611554555986,0.4945578278170471
Class-41-591,8.162039695403201E-4,9.705063895445404E-5,0.017456227976337127
Class-31-780_6,0.0013496834156767228,8.51442732342388E-4,0.15561390603603753
Class-24-596_54,0.001656754450702615,0.0069930543625727004,0.10893471417997246
Class-36-788_30,0.0016920730143683647,0.012372476418390139,0.09411412505961643
