label,c1,c2,c3
pis,0.9240699641909987,0.012431858260563899,0.06349817754843759
Class-4-753_0,0.049470786210249675,0.4863775893662714,0.4948969932820045
Class-32-486,0.0599484022070319,0.49449230394733484,0.1309035262994101
Class-9-599_0,0.04008252107901631,0.159737433662381,0.49387677006585257
Class-0-593_70,0.020420161448502727,0.1294895245956446,0.44064747272231225
Class-41-591,0.02403423084499272,0.41595533321513467,0.47314447621224326
Class-31-780_6,0.12330556366910048,0.49499702418741287,0.3651911720128232
Class-24-596_54,0.026592753925935245,0.49398970299792394,0.44893374340560294
Class-36-788_30,0.025796944522362208,0.4937891831282697,0.42067125270865013
