label,c1,c2,c3
pis,0.6556619316504769,0.33040741658222916,0.013930651767293797
Class-4-753_0,0.0071577963608294975,0.01073581552134916,0.059568596738098153
Class-32-486,4.706811918782358E-4,0.011515523966394001,0.02668041203179296
Class-9-599_0,0.9344870636686228,0.9959357406028871,0.021681404132994124
Class-0-593_70,0.0029689941447610287,5.08838195770624E-4,0.12533122579449613
Class-41-591,0.005159817723637156,0.0025300242260181743,0.06526953480309478
Class-31-780_6,0.003231368997356347,0.018345037476417005,0.029135111764204195
Class-24-596_54,0.01582021085959904,0.006098205863239942,0.024605801142445538
Class-36-788_30,0.004343304448331531,0.006243152518122138,0.04570990283737306
