label,c1,c2,c3
pis,0.06915492713570284,0.11202118837198306,0.818823884492314
Class-4-753_0,0.9623967657530059,0.3670287520290462,0.9840564835503779
Class-32-486,0.21685882520939548,0.02561307921340809,0.019142717700166737
Class-9-599_0,0.03769567603914137,0.019134588226060106,0.0036770262534538745
Class-0-593_70,0.047401879947134115,0.015308493647165706,0.00523697865579644
Class-41-591,0.0416059797257666,0.01507943439396076,0.005204792353944998
Class-31-780_6,0.018602756272015394,0.027936731569164822,0.008219891073455589
Class-24-596_54,0.0416198532651476,0.01660321083160275,0.005155278443371721
Class-36-788_30,0.04205443863311607,0.009903740610749856,0.007134952432904804
