label,c1,c2,c3
pis,0.9211643267822482,0.060065098108206164,0.018770575109545398
Class-4-753_0,0.016317915317774552,0.06655944415686105,0.07648633174571033
Class-32-486,0.0045857947246556235,0.15589976745758818,0.0679424088089831
Class-9-599_0,0.026352459682642698,0.19736304279081263,0.23301814489172695
Class-0-593_70,0.0928416669355925,0.9776426566230396,0.45719854279372724
Class-41-591,0.03782097587580211,0.030849448826817248,0.13636971848285684
Class-31-780_6,0.03806953471131963,0.03743983223765919,0.14086678186934595
Class-24-596_54,0.9881287355594253,0.9896076057737785,0.14808184656105897
Class-36-788_30,0.04457033506623362,0.1650283192518331,0.18991343928609072
