label,c1,c2,c3
pis,0.32493010076582096,0.6504269213092491,0.024642977924930014
Class-4-753_0,0.0020652904298469207,8.837464525482205E-4,0.013911638140099512
Class-32-486,0.008817447059663482,6.94266888170854E-4,0.01130978500390166
Class-9-599_0,0.0025379256199524877,0.008084495364737824,0.006058992620587387
Class-0-593_70,0.011354655498029723,0.0318303613655594,0.08587007535351784
Class-41-591,0.001447918761358286,0.6471036023009501,0.5831403007245647
Class-31-780_6,0.0021219938840857083,0.0018290248128862555,0.00718209218269699
Class-24-596_54,0.9033266285047796,0.7101173598155058,0.0052621305180832675
Class-36-788_30,0.002521859760088712,0.002855173693192469,0.01347311028435179
