label,c1,c2,c3
pis,0.858755152009885,0.04818126595078089,0.09306358203933422
Class-4-753_0,0.008620834563584954,0.011741759957534728,0.9992973255571161
Class-32-486,1.4692332262703544E-5,0.11459084821005397,0.011448798359568047
Class-9-599_0,0.004548099434960359,0.012271312537432674,0.004624728472198242
Class-0-593_70,0.006771518847869505,0.07962637068340621,0.0017764577971436544
Class-41-591,0.005395156699599182,0.021814672591572392,0.0016704609460088153
Class-31-780_6,0.9979515486086761,0.984232679754452,0.0032268457221013252
Class-24-596_54,0.005397085593853848,0.06826135280962702,0.0024438448287966105
Class-36-788_30,0.0036103135199633475,0.05293347023073332,0.004410729363843821
