label,c1,c2,c3
pis,0.02796650750881625,0.10746077486204081,0.8645727176291429
Class-4-753_0,0.07382854460671966,0.05156421091748687,0.011820312782877348
Class-32-486,0.004287816919397984,0.05345277763130191,0.027915883514267725
Class-9-599_0,0.13583858834315066,0.038237330720118416,0.015862162226256134
Class-0-593_70,0.1963294333781448,0.9358018315022435,0.8930977085792099
Class-41-591,0.09150984217799124,0.047539155908375354,0.026940127814131336
Class-31-780_6,0.10621504911354876,0.06500725454987144,0.025226116056451316
Class-24-596_54,0.07566163262652757,0.05374267015530623,0.023974602235975983
Class-36-788_30,0.09094507893131813,0.07735616865035623,0.034633618498693355
