label,c1,c2,c3
pis,0.9465453306449872,0.053404217208680146,5.0452146332808525E-5
Class-4-753_0,3.301632397884633E-4,0.0023114544901316502,0.17723846093776213
Class-32-486,0.002326001308322425,0.0018396447856668513,0.17882228543972095
Class-9-599_0,6.580173336316211E-5,2.2145643863531937E-4,0.022274886489299924
Class-0-593_70,0.0015291522307865058,0.04789033508508757,0.5485807439340008
Class-41-591,1.8130382094814563E-4,7.647621436162894E-4,0.04860531146042832
Class-31-780_6,3.054191034951687E-4,4.3486292075843705E-4,0.21858002151380815
Class-24-596_54,0.9966088657241666,0.9984534703395148,0.18329036338680976
Class-36-788_30,2.1632619154078587E-4,0.007987526769329787,0.16685629628744483
