label,c1,c2,c3
pis,0.7817074952788341,0.20101797437683885,0.01727453034432706
Class-4-753_0,0.003560699327293341,0.01623229715655014,0.006521327794932677
Class-32-486,8.548814869172955E-5,0.009494498425209223,0.01221397541835934
Class-9-599_0,0.9543409396648527,0.9991266506894175,0.011300972835828288
Class-0-593_70,0.009907255293152827,0.17692095472326336,0.8153288897028512
Class-41-591,0.0024459269989969747,4.613292068770783E-4,0.0035590076902461106
Class-31-780_6,0.0011949564991666967,0.010787075551471915,0.0050871925308342125
Class-24-596_54,0.008852403346367164,0.009011762967499485,0.0056888585382779055
Class-36-788_30,0.002007618204448096,0.007455945695730376,0.006059562187596891
