label,c1,c2,c3
pis,0.7395596118210673,0.07291632871462904,0.1875240594643038
Class-4-753_0,0.0011656384586024064,0.03222877947729382,0.0028117441709209754
Class-32-486,2.4742944676299115E-5,0.023763128782811376,0.005548566131624468
Class-9-599_0,0.026536067801259732,0.07741967888636603,0.025567979496312992
Class-0-593_70,3.382780853296058E-4,0.06476049925784647,0.03129928532941251
Class-41-591,5.476727385553184E-4,0.015583151654470228,0.01558593498373415
Class-31-780_6,0.0012900003329555012,0.04858791585274848,0.004342107434990657
Class-24-596_54,0.005189311420527987,0.026982944151209307,0.0052584800010010225
Class-36-788_30,4.276166713217951E-4,0.033247459727132,0.010656355506702374
