label,c1,c2,c3
pis,0.19688388355485692,0.06536408798887626,0.7377520284562668
Class-4-753_0,0.05853062563807512,0.07732790571016397,0.9199638555080668
Class-32-486,0.0022031253868333746,0.06964335741345125,0.006706116819752463
Class-9-599_0,0.02005362789016315,0.11710702956645214,0.01153832693467298
Class-0-593_70,0.02839226995222591,0.057165802052363185,0.01251061377171041
Class-41-591,0.024270485561124357,0.008401534427035817,0.013813920623968613
Class-31-780_6,0.9269965228653542,0.20398307729965556,0.008130202900122492
Class-24-596_54,0.024278798129297736,0.05943307418959521,0.005618053453108268
Class-36-788_30,0.024581681485800068,0.06009636085875851,0.010572685756677018
