label,c1,c2,c3
pis,0.11963192519749624,0.7338813130628505,0.1464867617396531
Class-4-753_0,0.029134889590864143,0.010924380663411311,0.008448615576242047
Class-32-486,7.843356870085232E-4,0.009494498425209223,0.01221397541835934
Class-9-599_0,0.9543409396648527,0.9992078075776659,0.02908493348809849
Class-0-593_70,0.09830951298101963,0.17456090921765913,0.8153288897028512
Class-41-591,0.029003088069265746,8.680711979234642E-4,0.0035590076902461106
Class-31-780_6,0.012056848868170404,0.00702523914260828,0.0050871925308342125
Class-24-596_54,0.013092257635253512,0.009011762967499485,0.0056888585382779055
Class-36-788_30,0.027817968408594303,0.009006669539127739,0.006059562187596891
