label,c1,c2,c3
pis,0.004074894154119099,0.9767850631620322,0.01914004268384888
Class-4-753_0,0.011682138444901242,4.1368984299620454E-4,0.016313026056002107
Class-32-486,0.04154970723354265,3.155597366797074E-4,0.025103908946981657
Class-9-599_0,0.04330889554264908,1.2458524580452206E-4,0.010902740851894998
Class-0-593_70,0.12156014886796605,0.01165440633156845,0.01906156279854729
Class-41-591,0.024379939272818285,0.9820836958711162,0.9494432674649003
Class-31-780_6,0.026990177996326487,0.0016432607534908052,0.009417983316909916
Class-24-596_54,0.04759519503726549,8.00419451408896E-4,0.00827424183614884
Class-36-788_30,0.03794733917100735,0.9481096708494704,0.5722575683584739
