label,c1,c2,c3
pis,0.019926814555345007,0.7796999482914483,0.20037323715320662
Class-4-753_0,0.07586473723286825,0.014100541974735951,0.0432486244904593
Class-32-486,0.07484857741748607,0.007773757147474261,0.02173044827504056
Class-9-599_0,0.1010100486634064,0.0071281580952017665,0.008806619547975816
Class-0-593_70,0.423386966387461,0.933723577857976,0.9573302116493617
Class-41-591,0.05987591174937095,0.2308172823561512,0.138875094344731
Class-31-780_6,0.021540656962783407,0.009224852155200003,0.023055265081685532
Class-24-596_54,0.08567957283059939,0.008863881994288312,0.02058424900552281
Class-36-788_30,0.07121335077757798,0.006646292827449433,0.03396276003211857
