label,c1,c2,c3
pis,0.5010710826250921,0.0126759232964239,0.4862529940784838
Class-4-753_0,0.9548354391812878,0.5297514704085522,0.9909666066139515
Class-32-486,0.899164003383079,0.21658903297387905,0.954071734077089
Class-9-599_0,0.0017063002572508558,0.3322284093649264,0.03790912721816365
Class-0-593_70,0.049983658890418024,0.8229850506740213,0.17966429376131107
Class-41-591,0.023064205059176012,0.19438099065019807,0.017779504978197597
Class-31-780_6,0.00772120780555091,0.10200242956969503,0.031122053013536273
Class-24-596_54,0.020664672302590805,0.21410565749229502,0.03793834962032041
Class-36-788_30,0.0210089929860387,0.2449602249964593,0.03019386714318594
