label,c1,c2,c3
pis,0.049810189258623405,0.9491679249780373,0.0010218857633393817
Class-4-753_0,0.041032804319876374,9.037331755728031E-4,0.19341528773533265
Class-32-486,0.04435896536023193,7.146689866514959E-4,0.15134834617828397
Class-9-599_0,0.8190836331604389,0.9979302554999752,0.04340073238760816
Class-0-593_70,0.05886240615044962,4.327708994569425E-4,0.29418482239019206
Class-41-591,0.012181059959266884,0.002058399280846757,0.03446853037388626
Class-31-780_6,0.002281282100939889,3.2342357325452944E-4,0.0604937040929248
Class-24-596_54,0.013546778727481482,0.0013434223729013406,0.06012334864165614
Class-36-788_30,0.022713010645261843,0.0033546757932463606,0.05642307895664191
