label,c1,c2,c3
pis,0.04113070431455051,0.023102780407335377,0.9357665152781142
Class-4-753_0,0.9999087717889378,0.7822064252342736,0.9999866379021382
Class-32-486,0.49532062398444465,0.3958180050714035,0.10544456238727198
Class-9-599_0,7.897472345489924E-4,0.48309377517476054,0.021904271994082593
Class-0-593_70,0.4956437073173451,0.4874413074469335,0.007964277016115417
Class-41-591,0.4956822019969452,0.4945776825913341,0.009603751516046193
Class-31-780_6,0.010230556345038644,0.10396700790899202,0.026321376576206996
Class-24-596_54,0.49576484075884764,0.3967914256176007,0.022720883709993322
Class-36-788_30,0.4958600172872427,0.4009511329791898,0.021831898061426533
