label,c1,c2,c3
pis,0.10737976903929126,0.8857006563744229,0.006919574586285894
Class-4-753_0,0.015074486914213422,0.7641498202186695,0.31487321270246627
Class-32-486,0.0020492122100368012,0.03407274328312838,0.26352273822396177
Class-9-599_0,0.01776355302801449,0.012957774598915332,0.12975172003574628
Class-0-593_70,0.03888109384598548,0.025050223548530585,0.38073621821817016
Class-41-591,0.0416059797257666,0.010664738383534595,0.30350368912635267
Class-31-780_6,0.9911708603386643,0.2597188373991768,0.2800921912777831
Class-24-596_54,0.0416198532651476,0.02010178856538573,0.3085838493019968
Class-36-788_30,0.04205443863311607,0.01889388932168639,0.32623164255919307
