label,c1,c2,c3
pis,0.9564879122090787,0.026056133307561957,0.0174559544833592
Class-4-753_0,0.007062341823091385,0.19698164354052228,0.07116834361539155
Class-32-486,5.863711913108668E-4,0.054585313022524444,0.04168273819004175
Class-9-599_0,0.009518817435829826,0.23851546769018395,0.019887694876149154
Class-0-593_70,0.0031662834315953625,0.08535001657091275,0.15863225846889983
Class-41-591,0.005020873700441345,0.01843294549045584,0.09239865013387183
Class-31-780_6,0.002111939577436965,0.08286735724462667,0.05091225337307629
Class-24-596_54,0.9628271413241879,0.9927521097401464,0.05366745682352295
Class-36-788_30,0.004129256156537363,0.0625911129656869,0.07947711328071942
