label,c1,c2,c3
pis,0.009318452446364435,0.9587324556983586,0.03194909185527692
Class-4-753_0,0.19413126026193636,0.004542785445150083,0.11688993840730437
Class-32-486,0.20150038215660127,0.008231542629972286,0.30010539902047173
Class-9-599_0,0.17560688275839278,0.006228864791215696,0.09840241542048143
Class-0-593_70,0.43104278694251724,0.028007300099626525,0.19672191672372633
Class-41-591,0.21974856862225012,0.9977791195567614,0.9935227202913479
Class-31-780_6,0.7135209134740433,0.0031352929751524024,0.1358551143316674
Class-24-596_54,0.37113300388025633,0.011869993944608595,0.1593525588656594
Class-36-788_30,0.3744005224785273,0.013850490796239782,0.2064031292823782
