label,c1,c2,c3
pis,0.033379086196604256,0.9495645347485582,0.017056379054837565
Class-4-753_0,0.8328561669830572,0.9742122022714005,0.1380687762657958
Class-32-486,0.09579446462689574,0.023676693144199516,0.03440916297758529
Class-9-599_0,0.013201487572304186,0.005950056562353189,0.10527885947476694
Class-0-593_70,0.018091188776249413,0.009200496277422823,0.1298819325853825
Class-41-591,0.015113627148721345,0.006412522788491634,0.08234666048722816
Class-31-780_6,0.05750028146495885,0.005347047384012038,0.19199677412099944
Class-24-596_54,0.015118891978993099,0.005127545823276329,0.10608663621889196
Class-36-788_30,0.015333729622332596,0.006465941993403096,0.1601361347932738
