label,c1,c2,c3
pis,0.060594436868724615,0.8986830778545911,0.040722485276684296
Class-4-753_0,0.010176446060282942,0.0026887718421543653,0.021161668523562747
Class-32-486,0.026079861378733925,0.0023230338556361595,0.018602406721013025
Class-9-599_0,0.07696563532599746,0.0026528541796187336,0.03003423242488943
Class-0-593_70,0.1337199350971717,0.8480941768319434,0.8417114293747284
Class-41-591,0.009567388288853507,0.007449728983340519,0.01917711756184671
Class-31-780_6,0.011751346830101797,0.008123225000516664,0.013891817554222943
Class-24-596_54,0.060258152667907315,0.004422332233265421,0.011801069190630575
Class-36-788_30,0.012665175889559168,0.015844650264168453,0.019085601049623882
