label,c1,c2,c3
pis,0.16194389756972616,0.11254081624627582,0.725515286183998
Class-4-753_0,0.04240871706087971,0.01742520117134224,0.9753124221890588
Class-32-486,0.0934775786294551,0.01887951958219462,0.5853420991512468
Class-9-599_0,0.02907664954202215,0.046670335603747636,0.0037592019191732915
Class-0-593_70,0.0330775483574611,0.036635114104267646,0.003997148077686511
Class-41-591,0.0416059797257666,0.02772275371356611,0.006435495748636188
Class-31-780_6,0.9050151683822695,0.8915492624471758,0.0011549674024919467
Class-24-596_54,0.0416198532651476,0.021899247294250117,0.0014826987791678361
Class-36-788_30,0.04205443863311607,0.022532244778040913,0.0030930780508107557
