label,c1,c2,c3
pis,0.49217650341252456,0.4664869272871152,0.041336569300360226
Class-4-753_0,0.0102214827026817,0.010100980249636488,0.01806757567842332
Class-32-486,4.3397721038428453E-4,0.0049928601057440125,3.1248912254654745E-4
Class-9-599_0,0.9944668734112301,0.9959844917591818,0.41436219835374255
Class-0-593_70,0.006772354881949862,1.090089933995609E-4,0.006841414481814026
Class-41-591,0.0096996202371437,0.003981318490592605,0.0707765729735731
Class-31-780_6,0.0039276474312014194,0.005839952287387535,0.010310901641152932
Class-24-596_54,0.02462131553018029,0.010061499499197601,0.013092007303321374
Class-36-788_30,0.008573494995990893,0.010001125440418987,0.03085550956003682
