label,c1,c2,c3
pis,0.3363154744669684,0.017433287684890716,0.6462512378481409
Class-4-753_0,0.9761361469894542,0.34902030332890654,0.9984141798601007
Class-32-486,0.9419016718102906,0.03754193080794739,0.9825775530139076
Class-9-599_0,0.009265286528881339,0.032245834835433786,0.0014807179481610153
Class-0-593_70,0.023530540937541856,0.5673914115617029,0.022018730040398216
Class-41-591,0.015113627148721345,0.06280175768384547,0.012014132158293308
Class-31-780_6,0.005624675275200488,0.12673005366939766,0.0038004537965024158
Class-24-596_54,0.013975274213084131,0.01735389029321707,0.004888494971239141
Class-36-788_30,0.014681114687536393,0.016319265664588967,0.004554580111405455
