label,c1,c2,c3
pis,0.010346045363973306,0.09835727726908429,0.8912966773669424
Class-4-753_0,0.026096830431252813,0.04151958636863906,0.0059437644914969705
Class-32-486,0.0038552295687344414,0.011814613082713296,0.0032080843166184176
Class-9-599_0,0.20499464119339478,0.08265795425241633,0.004078691394129335
Class-0-593_70,0.28821756359103573,0.9986405175403414,0.946223598561281
Class-41-591,0.06676309391559385,0.011925703679861307,0.0022387121155068705
Class-31-780_6,0.19853385442356541,0.08896136631142987,0.0014589298431773752
Class-24-596_54,0.053980869803271256,0.025173102733824625,0.0016964238892219314
Class-36-788_30,0.06479509427424777,0.030069643667463612,0.002545791266619703
