label,c1,c2,c3
pis,0.88543466244557,0.11199962868327364,0.002565708871156453
Class-4-753_0,0.003047553892503576,0.011879246192604682,0.1606410562341381
Class-32-486,0.004661577239984219,0.0029657631702790987,0.05995081351672898
Class-9-599_0,0.001440539017966852,0.03341680467848359,0.002915548918886776
Class-0-593_70,0.002493636972546862,0.03922980083311828,0.3403350939242256
Class-41-591,5.41583623147028E-4,0.001305519280949269,0.0345911700543133
Class-31-780_6,3.286979950440332E-4,0.004559406188495689,0.0471221688988136
Class-24-596_54,0.8980829254268742,0.9003692315640343,0.04469822886828199
Class-36-788_30,6.862711538273844E-4,0.00666040527213654,0.055749021759757225
