label,c1,c2,c3
pis,0.07970198655837869,0.8643170154438381,0.05598099799778341
Class-4-753_0,0.021745453184650095,0.005702139335182198,0.03172631708597275
Class-32-486,4.9182096051417E-4,0.006148389899833565,0.013298116899241106
Class-9-599_0,0.881768854815776,0.9957755550352212,0.0022327845793131142
Class-0-593_70,0.010628508342411552,4.8419312177485426E-4,0.09820498007703245
Class-41-591,0.029003088069265746,0.001878717989462672,0.04692011805694094
Class-31-780_6,0.007084032372365643,0.004246688821570609,0.016944844713001787
Class-24-596_54,0.013092257635253512,0.002965107082760365,0.014731714832744176
Class-36-788_30,0.027817968408594303,0.006845501787845603,0.03019607258634282
