label,c1,c2,c3
pis,0.4550616952258494,0.538995063013031,0.005943241761119611
Class-4-753_0,0.08656985400314214,0.024969473975923646,0.1785244338478271
Class-32-486,0.10572958728691864,0.05419448290742946,0.25940381960898223
Class-9-599_0,0.8767908591672885,0.9999334667001624,0.09724896415851862
Class-0-593_70,0.04171622219318364,3.7890579454435145E-4,0.4945578278170471
Class-41-591,0.019305370515847024,0.005007871722874859,0.07093126173773971
Class-31-780_6,0.0326723435306714,0.014957118055189195,0.23097919953664656
Class-24-596_54,0.0067287037056666475,0.01878642720802701,0.1834429441486213
Class-36-788_30,0.016673294885053615,0.03877106377842363,0.16685629628744483
