label,c1,c2,c3
pis,0.45853847139600673,0.5336586592191699,0.007802869384823272
Class-4-753_0,0.010367239896358574,0.002316608019569608,0.11653030890519937
Class-32-486,0.02984977323901014,0.004326101664583693,0.11273612092621506
Class-9-599_0,0.011596433749439805,0.04774012896327753,0.18149914371678566
Class-0-593_70,0.10435108669147634,0.16002104670766468,0.26607183116778343
Class-41-591,0.02886434113618494,0.05789942226962865,0.24098414884532882
Class-31-780_6,0.025598390562864153,0.006642601712809568,0.0735493355550089
Class-24-596_54,0.9961691762738144,0.9543227113760919,0.07378066539268929
Class-36-788_30,0.051849897929557326,0.99657843403158,0.8882245385634726
