label,c1,c2,c3
pis,0.7443219201325977,0.006088442652313826,0.24958963721508848
Class-4-753_0,0.0580959573072078,0.2610964142661936,0.015164296283714757
Class-32-486,0.9984140073258166,0.10448172124556067,0.9995780565614846
Class-9-599_0,1.9750760358568733E-5,0.1862554440352988,0.010601771883010912
Class-0-593_70,0.015741208825564155,0.1708862242510357,0.022974620050173544
Class-41-591,0.008924423695750363,0.05615259817749689,0.007116246255538499
Class-31-780_6,0.005867967578436364,0.10007082826352137,0.007496644986029088
Class-24-596_54,0.007444443217867932,0.10139195382196295,0.011759106258456633
Class-36-788_30,0.007470849673561879,0.1427070344343834,0.008286830601380097
