label,c1,c2,c3
pis,0.1791558678162648,0.6314418095819683,0.18940232260176704
Class-4-753_0,0.007766013438219006,0.0017142886204451699,0.9971425282060691
Class-32-486,1.887902083864638E-5,0.006826125046709122,0.034922261321575276
Class-9-599_0,0.013201487572304186,0.010081620928076357,0.007505505674585234
Class-0-593_70,0.0180765173874544,0.005121739087631601,0.007139058605238544
Class-41-591,0.015113627148721345,0.012188208678859105,0.0036900827073064824
Class-31-780_6,0.9959971542898114,0.9806195074808292,0.002883408289222105
Class-24-596_54,0.015118891978993099,0.007005410365826748,0.003910736467546424
Class-36-788_30,0.015333729622332596,0.004243822116348367,0.004534252621675153
