label,c1,c2,c3
pis,0.0035728458925231954,0.02880448373854062,0.9676226703689362
Class-4-753_0,0.18901993608554435,0.048716680390618446,0.9851631629075971
Class-32-486,0.007366024612073251,0.053086619118798556,0.027896590440190376
Class-9-599_0,0.4736560644716129,0.2712745741166928,0.015021386103694277
Class-0-593_70,0.4954887996210664,0.08089098307432196,0.011571705916162722
Class-41-591,0.4956822019969452,0.15545164665819214,0.010180985058871616
Class-31-780_6,0.942089051498964,0.18160540563850408,0.008316642770070593
Class-24-596_54,0.49576484075884764,0.13005317035123723,0.00833279074564134
Class-36-788_30,0.4958600172872427,0.09643870543733862,0.012066056293497975
