label,c1,c2,c3
pis,0.0038636154199282423,0.9776394324804447,0.018496952099626936
Class-4-753_0,0.0320464822306273,0.0011012830875675038,0.042724699536670456
Class-32-486,0.14898068276445167,5.412059712890349E-4,0.04810160684022263
Class-9-599_0,0.1540999586102093,8.228278098132554E-4,0.10913831084342113
Class-0-593_70,0.43104278694251724,0.011944731684529917,0.22083065847368424
Class-41-591,0.21974856862225012,0.11802754160278776,0.21636590344586573
Class-31-780_6,0.186455299802251,0.00595472352127595,0.02073949580326193
Class-24-596_54,0.37113300388025633,0.003328162758352146,0.021942663750644978
Class-36-788_30,0.3744005224785273,0.9998004714797021,0.9155942067768912
