label,c1,c2,c3
pis,0.012260990056752992,0.028484565841606177,0.9592544441016407
Class-4-753_0,0.037973485379159,0.1769248118204903,0.005166672262003847
Class-32-486,0.10040522786685904,0.04650178972380349,0.0040524704238845384
Class-9-599_0,0.08044525810925499,0.10096231098462415,0.0010862724690939355
Class-0-593_70,0.10196986524084581,0.10184171566367642,0.012939678603156611
Class-41-591,0.05827787115438539,0.04390679484753381,0.0038617512478252764
Class-31-780_6,0.03857694754673123,0.10807059239082575,0.007567562630433181
Class-24-596_54,0.05264625710407796,0.047992435509541305,0.002512700876646729
Class-36-788_30,0.052759014467179476,0.0816235424505603,0.004106881642835424
