label,c1,c2,c3
pis,0.30619183126230154,0.6456006912167708,0.048207477520927744
Class-4-753_0,4.3659294612656796E-4,0.011038409621280257,0.1937149360000159
Class-32-486,6.993530270748443E-4,0.031348360061637895,0.04099713360886883
Class-9-599_0,0.010203003026124877,0.022922929900902597,0.036700130638575086
Class-0-593_70,0.014260236692252518,0.028076905697240504,0.11445298463569702
Class-41-591,0.011782875701082047,0.0038420698314194264,0.08019315808364683
Class-31-780_6,0.9460996091738446,0.8361809966923938,0.027175992926509736
Class-24-596_54,0.011787010440911017,0.019720614246111722,0.0282329494069963
Class-36-788_30,0.011965074904531223,0.008180917742203987,0.05556228734242678
