label,c1,c2,c3
pis,0.13449304729854303,0.6958951176049327,0.16961183509652417
Class-4-753_0,0.0920802476649292,0.005085069507473426,0.03645199660038109
Class-32-486,0.5158972977786797,0.008223006562198739,0.41328783805514135
Class-9-599_0,0.41334729745276994,0.8798593298286774,0.04625891339683645
Class-0-593_70,0.6432331129800533,0.8320777554601863,0.8844895170374816
Class-41-591,0.2388005492597943,0.018455107320361507,0.05941388184014235
Class-31-780_6,0.09012032594207477,0.009214297905210096,0.01292320574958832
Class-24-596_54,0.2802505301318436,0.014549267698190899,0.018015499020195173
Class-36-788_30,0.32283361598464794,0.014901940181068404,0.025684542802292605
