label,c1,c2,c3
pis,0.7432211776113723,0.028060546093224673,0.22871827629540298
Class-4-753_0,0.027386898649949053,0.027935971600019188,0.9969931431317112
Class-32-486,0.0615692765536429,0.16244439664419835,0.9751851349414445
Class-9-599_0,0.009265286528881339,0.07646780518001528,0.013357093374517574
Class-0-593_70,0.01105543057198918,0.059539629074035635,0.0032509464261374745
Class-41-591,0.015113627148721345,0.04535447741023211,0.005067890765210668
Class-31-780_6,0.9294284656762606,0.05161320678724482,0.0038934817498373626
Class-24-596_54,0.015118891978993099,0.0863544789747022,0.004793563805821203
Class-36-788_30,0.015333729622332596,0.08832252740495211,0.006695103147951403
