label,c1,c2,c3
pis,0.6547169790668711,0.04355079086175413,0.3017322300713748
Class-4-753_0,0.9439705320213372,0.7280701604440983,0.9890533501335274
Class-32-486,0.8717840766149788,0.009362794421426507,0.915731516178083
Class-9-599_0,0.001142191255655165,0.013755251603345661,3.0008497076979614E-4
Class-0-593_70,0.0011808327818692535,0.011632736135063142,0.0014100354096426837
Class-41-591,6.714398702684599E-4,0.0067115224997513516,6.411470897719482E-4
Class-31-780_6,0.0030350055267987764,0.06952660893007807,5.000245590257966E-4
Class-24-596_54,5.945217508009426E-4,0.005422471714706981,6.180386379737304E-4
Class-36-788_30,6.043780747365317E-4,0.006518249182888323,5.789200619645568E-4
