label,c1,c2,c3
pis,0.03019257241577504,0.23858844730128526,0.7312189802829397
Class-4-753_0,0.05505464390811183,0.002715205915240398,0.006172863887325458
Class-32-486,0.02653824631698587,0.003078018458831465,4.2695680150371066E-5
Class-9-599_0,0.950712559113452,0.6682242457125056,0.6851757245701608
Class-0-593_70,0.7887124391858411,0.9236103621254573,0.01961636495690317
Class-41-591,0.22643700599024977,0.01350123468494747,0.025332158911074442
Class-31-780_6,0.0839576729208862,0.02633705066522722,0.0031251631618581235
Class-24-596_54,0.32543050793819794,0.014338653794494302,0.004057495588675983
Class-36-788_30,0.3530155841714901,0.01664468195455239,0.007174656487716989
