label,c1,c2,c3
pis,0.8904615214096053,0.1088368589366773,7.016196537174428E-4
Class-4-753_0,1.6344693599217705E-4,0.0012412961464460294,0.03243283201732182
Class-32-486,0.0016028604537368669,0.0010200528726553477,0.03481182323100176
Class-9-599_0,0.002614109228058758,0.01850122738429148,0.01820070603569954
Class-0-593_70,0.002599581506747418,0.10104685424607052,0.2520957025728226
Class-41-591,1.650415501414967E-4,3.244538527752503E-4,0.013319628109653071
Class-31-780_6,2.7482811845264994E-4,6.444615995684573E-4,0.028364586017574158
Class-24-596_54,0.0032319952599822437,0.0034972754843934158,0.01825883193746854
Class-36-788_30,2.471015668545205E-4,0.00424265645793335,0.02624570182030989
