label,c1,c2,c3
pis,0.9125541247467381,0.007157107488393594,0.0802887677648684
Class-4-753_0,0.9439705320213372,0.9456544778183937,0.9890533501335274
Class-32-486,0.8873811266942863,0.014432858327911285,0.9469267499838226
Class-9-599_0,0.001142191255655165,0.07682425094493765,0.001133097231858392
Class-0-593_70,0.0011808327818692535,0.022180724658466815,0.0014100354096426837
Class-41-591,6.714398702684599E-4,0.03191594155112686,5.611495762509644E-4
Class-31-780_6,5.805164597906695E-4,0.03376049855810921,5.914634728807992E-4
Class-24-596_54,5.945217508009426E-4,0.012651188220592644,9.07648354900291E-4
Class-36-788_30,6.043780747365317E-4,0.022027198362420643,7.150094898514514E-4
