label,c1,c2,c3
pis,0.010515986527666705,0.12056817493540958,0.8689158385369238
Class-4-753_0,0.04795818757854118,0.1400941650137437,0.008118405125603977
Class-32-486,0.31121786767782916,0.07273359598019792,0.0103748189361723
Class-9-599_0,0.4958170899220839,0.09130390406454374,0.019816878177492215
Class-0-593_70,0.4956437073173451,0.0846942580501067,0.0038299143927210534
Class-41-591,0.4956822019969452,0.9999999080411468,0.9999158429169055
Class-31-780_6,0.4960425879576517,0.15585974615287962,0.006668033231411572
Class-24-596_54,0.49576484075884764,0.16408645596149432,0.005226080622945834
Class-36-788_30,0.4958600172872427,0.9999999273359217,0.9885210969395059
