label,c1,c2,c3
pis,0.508344590279804,0.14160332497114797,0.3500520847490479
Class-4-753_0,0.016409570830666506,0.13920362546410364,0.019208998011118503
Class-32-486,1.834169486236455E-4,0.008676607365001211,0.010888332884612863
Class-9-599_0,0.026536067801259732,0.24081944486785112,0.022540853724582522
Class-0-593_70,0.006647394038937089,0.06955216843838105,0.059177083089872816
Class-41-591,0.012317584397247068,0.0562107517294107,0.022788391704899415
Class-31-780_6,0.004979437660848678,0.04583050520241342,0.008254017104455053
Class-24-596_54,0.00848084850618424,0.023299072946039192,0.008443953977986127
Class-36-788_30,0.011679336098110947,0.0329643834102113,0.016844283413499615
