label,c1,c2,c3
pis,0.003903456676998236,0.7693424456766857,0.2267540976463161
Class-4-753_0,0.027403316081773228,0.001604171841331526,0.004878911993604513
Class-32-486,0.00690476347849192,4.302724528889907E-4,0.00658079341878654
Class-9-599_0,0.07696563532599746,0.002215690117329901,0.002949368741558412
Class-0-593_70,0.3874600341957697,0.9917481202442717,0.9563535978545876
Class-41-591,0.04405313440532504,0.8447184749301611,0.2439099985999079
Class-31-780_6,0.020483004069614875,0.00274660200714779,0.0019396492973133787
Class-24-596_54,0.07135723156089477,0.0015357390041374046,0.0019082001605178651
Class-36-788_30,0.06316136584913762,0.0015383004857513394,0.0034074131971026595
