label,c1,c2,c3
pis,0.07025060454420322,0.6217334707631341,0.30801592469266265
Class-4-753_0,0.012564863885312862,8.691232489257849E-4,0.0029421275466321307
Class-32-486,0.002114559125347807,0.0017540470851546573,0.00820907909359387
Class-9-599_0,0.034514764993549864,0.002521931657313677,0.007103007832901935
Class-0-593_70,0.5710078739599239,0.9999688321529807,0.9977833417063612
Class-41-591,0.008486284154769272,0.003490208711925448,0.00188338476183936
Class-31-780_6,0.009421736179087052,0.0030362652951530776,0.004246566912693382
Class-24-596_54,0.014530952121062144,0.002727373660849628,0.004096145631731082
Class-36-788_30,0.012272763005944308,0.004094388369906481,0.007022857066936192
