label,c1,c2,c3
pis,0.42858819106670615,0.5200193519662855,0.05139245696700817
Class-4-753_0,0.8362446635389937,0.937894774657448,0.2270254635435165
Class-32-486,0.049132462285552014,0.015200507701179727,0.14440138849347012
Class-9-599_0,0.032889367113535184,0.050491892048980316,0.14338726564615797
Class-0-593_70,0.014922879380490481,0.04665477756863547,0.467507818079578
Class-41-591,0.006765739608760751,0.019113971540085956,0.10861140715994402
Class-31-780_6,0.03785062770092239,0.04959765953580187,0.22590024079375767
Class-24-596_54,0.006310968762483121,0.025993648319171652,0.21588944154301803
Class-36-788_30,0.006228200040863005,0.03185133763183022,0.1916377394384458
