label,c1,c2,c3
pis,0.7275412226123443,0.09533983975814081,0.17711893762951483
Class-4-753_0,0.9859928878933514,0.7158114890856989,0.9983991472243386
Class-32-486,0.14257255205574507,0.41118221156371115,0.1672910604421566
Class-9-599_0,0.024424763948013743,0.21968962912964254,0.020125776480622054
Class-0-593_70,0.06022336183653876,0.30517612422085355,0.054579144312533544
Class-41-591,0.06804864850387492,0.15620123541473538,0.06059791507796078
Class-31-780_6,0.1150538503302043,0.20664985463845736,0.10086600792321773
Class-24-596_54,0.06807053028715906,0.29391422848867893,0.09733968117981834
Class-36-788_30,0.06864993907674106,0.3089873141937614,0.09533182903618954
