label,c1,c2,c3
pis,0.007444760969333395,0.1131609574430484,0.8793942815876183
Class-4-753_0,0.014399428689643567,0.010887967442251628,0.05291388248747158
Class-32-486,0.022562178988648957,0.12751845364530162,0.04478607177499233
Class-9-599_0,0.4958170899220839,0.03863615462458805,0.022605532230467025
Class-0-593_70,0.4956437073173451,0.10269554405855713,0.04985306104667375
Class-41-591,0.4956822019969452,0.07820997493204818,0.03476199666053917
Class-31-780_6,0.9411910963559574,0.7993394597962302,0.06607039148981918
Class-24-596_54,0.49576484075884764,0.06838172140350313,0.029745156065987773
Class-36-788_30,0.4958600172872427,0.06503258337015443,0.032162252024151974
