label,c1,c2,c3
pis,0.9431585418246664,0.01251908905387995,0.044322369121453625
Class-4-753_0,0.0032593989436919594,0.07282093196134884,0.00580546490292428
Class-32-486,5.91801037463068E-6,0.07566326749031194,0.008465503491654003
Class-9-599_0,0.006453838166182507,0.1756066566518646,0.04271120539906219
Class-0-593_70,9.099693913176491E-4,0.13726049477838503,0.08544274831416769
Class-41-591,0.0021693456407986464,0.01906902543128578,0.02679240917852481
Class-31-780_6,0.005122810199648562,0.031181365916684016,0.02693369322639688
Class-24-596_54,0.0012805011438223862,0.07300039020864647,0.018890003808757473
Class-36-788_30,0.0020115495535393654,0.08024894357825606,0.046789167205920364
