label,c1,c2,c3
pis,0.9045345801127831,0.027360220561764112,0.0681051993254529
Class-4-753_0,0.009240401800329997,0.12423009426380437,0.01322826114447188
Class-32-486,0.00342811042835929,0.07392052013687948,0.013264165801763688
Class-9-599_0,0.002974642549294251,0.17337702747633815,0.004726330308458503
Class-0-593_70,0.012949973554842793,0.13509636006344983,0.15453044633967877
Class-41-591,0.002462384892834929,0.012999710123287043,0.025863375201505015
Class-31-780_6,0.0056815330436040985,0.021660278701297848,0.041944952816482806
Class-24-596_54,0.0018114180648801377,0.07128957599359102,0.031132507111578674
Class-36-788_30,0.002193347863704343,0.08631023178843582,0.05646306674109367
