label,c1,c2,c3
pis,0.2633061756862169,0.7242579030761701,0.012435921237613046
Class-4-753_0,0.024454083677681242,0.006110302630027671,0.18302298880314982
Class-32-486,0.02054226945162879,0.006422660967655941,0.20079451504071352
Class-9-599_0,0.007340682404263975,8.555366031622307E-4,0.01122124313406982
Class-0-593_70,0.05141647504164669,0.06275344701943156,0.5378267006224152
Class-41-591,0.012181059959266884,0.0065713194937319554,0.08441272235645185
Class-31-780_6,0.012726651029343493,0.0020421643086335657,0.25971125541233125
Class-24-596_54,0.022358379390904196,0.013998249007743208,0.2313777818893867
Class-36-788_30,0.016315625895393523,0.03599445106541736,0.2156551647262926
