label,c1,c2,c3
pis,0.5960343240978344,0.0611382185309204,0.3428274573712453
Class-4-753_0,0.8703828239930952,0.3836997448665212,0.954052592987783
Class-32-486,0.8135177733813663,0.025376565356775006,0.6173191526930221
Class-9-599_0,0.006501809798730134,0.04302086124311367,0.00895586320763453
Class-0-593_70,0.0043928564498243615,0.007276490896649686,0.01248478441030568
Class-41-591,0.0032545306838850092,0.0212061794068123,0.0037171627888767044
Class-31-780_6,0.003122520778164533,0.0010761332542833298,0.006159336466442998
Class-24-596_54,0.003116000646122007,0.02644949822851775,0.0063630046651210175
Class-36-788_30,0.0031177302048902965,0.023228497052139647,0.006679362609311112
