label,c1,c2,c3
pis,0.3171936716644408,0.6770202374244522,0.005786090911107127
Class-4-753_0,0.06375872480920898,0.008298397116485298,0.2026718672434545
Class-32-486,0.09052593464911055,0.01942696825996836,0.18771888261435668
Class-9-599_0,0.5088460311036304,0.9831292256339962,0.048010458297804065
Class-0-593_70,0.08499372662666844,0.0035598654633730506,0.2590498511162016
Class-41-591,0.03553584662078388,0.03725487853768566,0.8879150060722583
Class-31-780_6,0.04179954865815105,0.0018172992796718595,0.2003031117740388
Class-24-596_54,0.03841220656709505,0.021535660628271384,0.20271515024933062
Class-36-788_30,0.055960501891678116,0.01928657491231487,0.24359708225180654
