label,c1,c2,c3
pis,0.5996316738073748,0.398648384874741,0.0017199413178841357
Class-4-753_0,1.4649403034474255E-5,0.001439764353028088,0.13553442607144411
Class-32-486,1.29096414683915E-6,0.005634558511279894,0.11127655633709518
Class-9-599_0,4.934767523102597E-4,0.002496615180763482,0.022656255236361365
Class-0-593_70,8.681783402601863E-4,0.0017066719522681629,0.13625757597721416
Class-41-591,6.29108729503052E-4,0.004070525306600329,0.0697938503339661
Class-31-780_6,0.9945801963446409,0.9643375161849671,0.02397968059237879
Class-24-596_54,6.293422366858119E-4,0.002691680686613074,0.036796184993552826
Class-36-788_30,6.452872364577264E-4,0.0016363113139688998,0.043101528081424936
