label,c1,c2,c3
pis,0.8432458231086465,0.1305490603806363,0.02620511651071723
Class-4-753_0,0.036314658561249616,0.024198694827417093,0.04984620224237313
Class-32-486,9.088242503827213E-4,0.09178997114316105,0.04679771535281251
Class-9-599_0,0.06334744234873384,0.2904939244296333,0.14338726564615797
Class-0-593_70,0.013983442903783618,0.0018192688862316304,0.20359831706477396
Class-41-591,0.029003088069265746,0.001989943956704444,0.11279862917866096
Class-31-780_6,0.046637356403040266,0.020730716949542836,0.11305927380885494
Class-24-596_54,0.013092257635253512,0.040336231832564566,0.09384678558311321
Class-36-788_30,0.027817968408594303,0.17016585678152835,0.15027026023027729
