label,c1,c2,c3
pis,0.994264561623546,0.0029264400148840135,0.0028089983615701003
Class-4-753_0,0.9895404445566377,0.5633220957790535,0.9997863421629608
Class-32-486,0.0012981631818688632,0.057798656223487066,0.03321952946427275
Class-9-599_0,1.0726459603277624E-4,0.008374414223379168,1.5759695380641308E-4
Class-0-593_70,8.686104311074407E-5,0.03639674577774011,0.007964277016115417
Class-41-591,1.7566734317087707E-5,0.006014945129979545,4.544476301633982E-4
Class-31-780_6,0.0051326007256822445,0.10007082826352137,0.004830927710131659
Class-24-596_54,1.4632256865912433E-5,0.02118978196201001,0.003924209611009752
Class-36-788_30,1.4994995437388799E-5,0.035972707835198646,0.0015109287553479577
