label,c1,c2,c3
pis,0.08813233374908985,0.8205039539693163,0.09136371228159391
Class-4-753_0,0.011776563847426107,0.004494572330152114,0.020849677359536703
Class-32-486,0.03732472720828013,0.0037871936556469967,0.08260673659954887
Class-9-599_0,0.010791202126397056,0.013884717543072751,0.011836911211303343
Class-0-593_70,0.5022649378637245,0.9999778707089007,0.9994123383161533
Class-41-591,0.012181059959266884,0.004078875680946523,0.0023597574524138474
Class-31-780_6,0.14366266154969642,0.0031884396280516996,0.02572151913292548
Class-24-596_54,0.022358379390904196,0.007253129129636611,0.026887723412636837
Class-36-788_30,0.016315625895393523,0.008342507985722777,0.016508598112985447
