label,c1,c2,c3
pis,0.7794983108640493,0.002862488377798778,0.21763920075815207
Class-4-753_0,0.03743896015232256,0.22953649581207258,0.00764736494253559
Class-32-486,0.9994593709512793,0.07566326749031194,0.9998848190252425
Class-9-599_0,0.013113599433771073,0.1523026259554554,0.005026431154543216
Class-0-593_70,0.007986609129043132,0.13726049477838503,0.012474515509382061
Class-41-591,0.004102203880240535,0.03596463834423379,0.0031489577712932133
Class-31-780_6,0.002509605541905406,0.07181248762996802,0.003347664416284436
Class-24-596_54,0.003316706497344706,0.07300039020864647,0.0056760107720238194
Class-36-788_30,0.003330282839396602,0.11030042048530922,0.003764747369730278
