label,c1,c2,c3
pis,0.0048685587185955045,0.02397647235948334,0.9711549689219211
Class-4-753_0,0.9999087717889378,0.7822064252342736,0.9999818876232741
Class-32-486,0.49532062398444465,0.018776090966854456,0.03050728962293149
Class-9-599_0,0.4958170899220839,0.4718967246668227,0.003509830865083183
Class-0-593_70,0.4953338927908738,0.17108343320507033,0.0022270310748805098
Class-41-591,0.4956822019969452,0.4945776825913341,0.0023309914151860693
Class-31-780_6,0.00234746072681267,0.05495338950338526,0.0018801950075806747
Class-24-596_54,0.49576484075884764,0.06208756375808372,0.002268374324336012
Class-36-788_30,0.4958600172872427,0.08651023764942965,0.0022585825737448943
