label,c1,c2,c3
pis,0.04008826484647948,0.02265108483942654,0.937260650314094
Class-4-753_0,0.9885554381018145,0.540986902412167,0.9858368646650333
Class-32-486,0.0988166305769132,0.0169166756609658,0.01260862288144896
Class-9-599_0,0.10733813404931904,0.1729098330204199,4.326497997384178E-4
Class-0-593_70,0.09414331144859557,0.11104652928356262,0.0027139968331563644
Class-41-591,0.041258807249317256,0.13141661202224605,6.590250971907082E-4
Class-31-780_6,0.005160640493071056,0.12658174168352818,0.0015331434694327273
Class-24-596_54,0.03670227611717535,0.04772393127886987,0.001527950794539609
Class-36-788_30,0.036790951629196864,0.07534967907119576,0.0013818027403650038
