label,c1,c2,c3
pis,0.012823164026685669,0.9389399893052709,0.04823684666804329
Class-4-753_0,0.2650820950294553,0.009265514331582628,0.13857182062211
Class-32-486,0.2587428671528029,0.010341168474710508,0.10442835185802737
Class-9-599_0,0.2598543994692584,8.800819557784205E-4,0.05936734873662355
Class-0-593_70,0.45961179511249783,0.02188237965510993,0.3131770177980791
Class-41-591,0.3103604938661454,0.9427492281631278,0.9402044381804198
Class-31-780_6,0.2835962959130207,0.024014392718149168,0.0897896621034417
Class-24-596_54,0.416793008865621,0.017921625583592626,0.08056053851463792
Class-36-788_30,0.36867335535558904,0.9864851441750309,0.7977705557820168
