label,c1,c2,c3
pis,0.959203043009166,0.0010928812359960642,0.039704075754838065
Class-4-753_0,0.014575434236394944,0.2610964142661936,0.138528067827017
Class-32-486,0.9878073953278357,0.10448172124556067,0.9997269159394658
Class-9-599_0,2.9707054322109523E-6,0.20939165563493312,0.06483313623934497
Class-0-593_70,8.881438594876607E-4,0.1708862242510357,0.23712354859164847
Class-41-591,5.667606574169864E-4,0.05615259817749689,0.04123812784286399
Class-31-780_6,0.0026906293171841604,0.10007082826352137,0.03676524917324282
Class-24-596_54,5.101823328684202E-4,0.10139195382196295,0.06269398369567868
Class-36-788_30,5.000261048935168E-4,0.1427070344343834,0.04162232327035154
