label,c1,c2,c3
pis,0.6943847710415029,0.2973905551985709,0.008224673759926368
Class-4-753_0,0.0071577963608294975,0.018991356387939296,0.059568596738098153
Class-32-486,4.706811918782358E-4,0.016801894238185906,0.03484849673252733
Class-9-599_0,0.9344870636686228,0.9980630539486309,0.06441758155936594
Class-0-593_70,0.0029689941447610287,4.639282243613779E-4,0.12533122579449613
Class-41-591,0.005159817723637156,0.0025382802942262523,0.06526953480309478
Class-31-780_6,0.002050082795497787,0.010854578691057718,0.03359475326496492
Class-24-596_54,0.01582021085959904,0.016053324461753882,0.034113996053068946
Class-36-788_30,0.004343304448331531,0.01361388402982765,0.05448555151518658
