label,c1,c2,c3
pis,0.911237073031105,0.022424023516088295,0.06633890345280669
Class-4-753_0,0.007332011995183516,0.1012846276787628,0.011993599729893582
Class-32-486,3.2948405390911226E-5,0.10448172124556067,0.016530045530087138
Class-9-599_0,0.013132047490661526,0.20939165563493312,0.06483313623934497
Class-0-593_70,0.0024639842504589993,0.14653075595611756,0.11557201256441624
Class-41-591,0.005180057148959892,0.03290679169413081,0.04383595453468688
Class-31-780_6,0.00844433730474379,0.04982061766203845,0.04402370857275017
Class-24-596_54,0.0033006653068703984,0.10139195382196295,0.032634192713339234
Class-36-788_30,0.004856778970705204,0.10967213453589233,0.06998299466383562
