label,c1,c2,c3
pis,0.053750915606439256,0.44732743732423697,0.49892164706932385
Class-4-753_0,0.08257712881155091,0.027063642322405913,0.010146190145234652
Class-32-486,0.07077743323775375,0.020436295186156344,0.0067029241842462405
Class-9-599_0,0.9855069741206823,0.9993715810439807,0.06139881254549423
Class-0-593_70,0.8249963112207732,0.8148939292249533,0.29102567468712875
Class-41-591,0.41658931684844425,0.021111227358155422,0.006972869167798181
Class-31-780_6,0.18291864786708512,0.0752154155401695,0.003341247978163458
Class-24-596_54,0.3000109095188005,0.02878800895468941,0.0040538741514695295
Class-36-788_30,0.43307959366738547,0.0324378055531672,0.007066932204120904
