label,c1,c2,c3
pis,0.0012652363452237527,0.9968286225835822,0.001906141071194486
Class-4-753_0,0.9525960344449093,0.9957049069313304,0.08091680579188272
Class-32-486,0.04018452544728347,2.4349106585088492E-4,0.11481902328148849
Class-9-599_0,0.026950843806467697,0.0022591102981895993,0.024393440820793377
Class-0-593_70,0.01088906183265213,0.002452281521554432,0.33060764589722874
Class-41-591,0.0018806760604032553,3.878967833379752E-4,0.005426738968779092
Class-31-780_6,0.00444590805150492,2.281513200500233E-4,0.019202572822704277
Class-24-596_54,0.0014742854611834112,7.290136093529545E-4,0.0851311700212059
Class-36-788_30,0.0014811166656774405,0.0011083565210854576,0.07183827863728331
