label,c1,c2,c3
pis,0.03810987749493173,0.87814215734703,0.08374796515803827
Class-4-753_0,5.255808280396566E-4,0.2034764263336458,0.10816153913367751
Class-32-486,6.225074597656757E-5,0.007222222668435385,0.020547808209516013
Class-9-599_0,0.12012823224056829,0.021299786655336328,0.09740974803610974
Class-0-593_70,0.08123678348046949,0.010326260629654813,0.07839803142650864
Class-41-591,0.08936242757872198,0.011425732955355478,0.06903729975840174
Class-31-780_6,0.9981935923807932,0.012639423152142906,0.04416806442118563
Class-24-596_54,0.09479409725047754,0.01909343813664606,0.04696194475080033
Class-36-788_30,0.09314607073677457,0.016830002835588633,0.07902847872587312
