label,c1,c2,c3
pis,0.0033072221217185153,0.902309963305633,0.09438281457264827
Class-4-753_0,0.9910602600899728,0.9939660895579141,0.4948969932820045
Class-32-486,0.49532062398444465,0.01599603448865009,0.49454366535721944
Class-9-599_0,0.4958170899220839,0.04379369007258453,0.49387677006585257
Class-0-593_70,0.4956437073173451,0.04207548135109405,0.4945578278170471
Class-41-591,0.4956822019969452,0.04327220120578847,0.49438695647965014
Class-31-780_6,0.07581655339884234,9.791969646316241E-6,0.49410320546586056
Class-24-596_54,0.49576484075884764,0.025078985091256122,0.49394966837965953
Class-36-788_30,0.4958600172872427,0.023717130541521532,0.4941133568353166
