label,c1,c2,c3
pis,0.050273990208750625,0.9010807266412127,0.048645283150036626
Class-4-753_0,0.019026492809751574,0.006317449774972247,0.18538470163882054
Class-32-486,0.0024546137717971514,0.0018890191724391782,0.09272489611701021
Class-9-599_0,0.009377716389098314,0.007101273422993771,0.009139197956713122
Class-0-593_70,0.023255553209102147,0.08982882977814341,0.3505146045594606
Class-41-591,0.020870567562854117,0.01070438624748505,0.042428521977536555
Class-31-780_6,0.004791447113845509,0.004450945584939189,0.04345625810654128
Class-24-596_54,0.03227469433653007,0.004538748273229127,0.04142883116246727
Class-36-788_30,0.026887084242930463,0.005801558633165092,0.05531727710530732
