label,c1,c2,c3
pis,0.5166396161224547,0.3503878293023678,0.13297255457517748
Class-4-753_0,1.0979352916152014E-4,0.005296780247137346,0.04446709737272971
Class-32-486,0.06667381582807874,0.0665045050885773,0.7514723837296982
Class-9-599_0,0.003512951672334418,0.004915258205459998,0.010452926458989814
Class-0-593_70,0.004607445088538746,0.02043575492709865,0.020713865024076673
Class-41-591,0.005682951587129282,0.0048182130143703435,0.01665560866343306
Class-31-780_6,0.9593423181549761,0.03474164620820665,0.009126362255942952
Class-24-596_54,0.005684981149338983,0.008854516635572105,0.006254530527252381
Class-36-788_30,0.0057855664455585595,0.0134087091215089,0.01847027907755149
