label,c1,c2,c3
pis,0.03350369894735935,0.1436398919068836,0.822856409145757
Class-4-753_0,0.32996186910720987,0.26007139069531526,0.05891121302568039
Class-32-486,0.25810501741308645,0.07503897747398756,0.021579200397971388
Class-9-599_0,0.4958170899220839,0.17648530491071032,0.11515269158311066
Class-0-593_70,0.7785704087723387,0.8824736589405279,0.047083986166828885
Class-41-591,0.4389315613273182,0.19368910931932629,0.08195877974151694
Class-31-780_6,0.26033541717742176,0.18124757070769082,0.030978552926021388
Class-24-596_54,0.42769781168523324,0.12306736142195433,0.034527287964844514
Class-36-788_30,0.45088717238209913,0.9983213595537356,0.6871010607843917
