label,c1,c2,c3
pis,0.1581041542716743,0.6112813996972638,0.23061444603106188
Class-4-753_0,0.04853839785866136,0.0013276295685347686,0.031479192639501045
Class-32-486,0.010132260903336276,0.005552461184874085,0.040978354748359806
Class-9-599_0,0.12688162498485375,0.06180047544371775,0.14596947663681767
Class-0-593_70,0.4151681014502229,0.16586883801099572,0.15453044633967877
Class-41-591,0.11546926061990413,0.12787291163557582,0.16317032667703804
Class-31-780_6,0.09818284244715215,0.004390131233136141,0.054547590592101944
Class-24-596_54,0.23083856104594042,0.015130533982118444,0.06521579226538515
Class-36-788_30,0.26920827052141255,0.01927319327080554,0.14871148374958126
