label,c1,c2,c3
pis,0.7985718880065217,0.10290652285279754,0.09852158914068078
Class-4-753_0,0.9971010322147128,0.6349392329708611,0.9998446377412411
Class-32-486,0.02289328802445425,0.029250730463815672,0.042607367050528346
Class-9-599_0,0.004548099434960359,0.06514223222558968,0.0025781963761108773
Class-0-593_70,0.006764576123361545,0.02005937188310852,0.006114198576886218
Class-41-591,0.005395156699599182,0.055503917477608675,0.006136067845357207
Class-31-780_6,0.00975982733620115,0.08518009030878083,0.005310843768982814
Class-24-596_54,0.005397085593853848,0.02552093416716778,0.006205766870914972
Class-36-788_30,0.005493562468585152,0.018108025160368583,0.006184194023342238
