label,c1,c2,c3
pis,0.018046581054910086,0.8824100042653779,0.09954341467971195
Class-4-753_0,0.026440908965048155,0.0031855332259596277,0.04969839988417794
Class-32-486,0.05723843737388099,8.818989285533281E-4,0.03692305593903205
Class-9-599_0,0.08485946394282477,0.0012815916636785103,0.013760260188121006
Class-0-593_70,0.2032571488281599,0.007297982097781755,0.09901567108238087
Class-41-591,0.0651359090936496,0.8707032652095958,0.7698467781929106
Class-31-780_6,0.011918325141048404,0.001971687486998581,0.017603194574397876
Class-24-596_54,0.11063535847325554,0.0035752898499718214,0.01681813205872217
Class-36-788_30,0.0962397841617892,0.0034754717819918328,0.03323146052232255
