label,c1,c2,c3
pis,0.183479064914416,0.018627910872951153,0.7978930242126329
Class-4-753_0,0.024475652314701956,0.017625761780529218,0.9878296986845517
Class-32-486,0.06932960739560094,0.029341385693195613,0.8555738507227066
Class-9-599_0,0.006087039875141313,0.0651419884116972,0.0011968435364437123
Class-0-593_70,0.015109682107314141,0.03164506637725389,0.0012776759893206615
Class-41-591,0.025161122969300582,0.012323792009790368,0.00357803314990904
Class-31-780_6,0.9329290877371395,0.8189844717414524,0.001250974670146802
Class-24-596_54,0.025169727683965602,0.04006767446046911,0.0017790742998118898
Class-36-788_30,0.025480358530062523,0.029930125201878193,0.0014336977581099677
