label,c1,c2,c3
pis,0.9962119933456518,8.320715119739338E-4,0.002955935142374167
Class-4-753_0,0.9879690987530437,0.5633220957790535,0.9991504523832964
Class-32-486,0.0032565518007520145,0.057798656223487066,0.005434980869583316
Class-9-599_0,6.671083631187807E-5,0.02475443591090595,2.4585875162893135E-4
Class-0-593_70,8.686104311074407E-5,0.03639674577774011,5.159551900599902E-4
Class-41-591,1.7566734317087707E-5,0.006014945129979545,7.107303955328155E-5
Class-31-780_6,0.006715812397324958,0.10007082826352137,8.72949865740603E-4
Class-24-596_54,1.4632256865912433E-5,0.02118978196201001,6.192304403609865E-4
Class-36-788_30,1.4994995437388799E-5,0.035972707835198646,5.132396997185553E-4
