label,c1,c2,c3
pis,0.004769223289737601,0.11988751723924337,0.8753432594710189
Class-4-753_0,0.9979643944198151,0.509527107418284,0.9976945540996053
Class-32-486,0.4585559870299099,0.033006001066369695,0.01882499568032583
Class-9-599_0,0.008429253328812622,0.09777083728663721,0.003390103311079956
Class-0-593_70,0.495437163913302,0.02877120954451661,0.0036275628762688123
Class-41-591,0.4956822019969452,0.06763693419130196,0.0027086143414511003
Class-31-780_6,0.029088631294548993,0.12676608123542144,0.013026316983346699
Class-24-596_54,0.49576484075884764,0.04962679796095734,0.0029382440844655027
Class-36-788_30,0.4958600172872427,0.029238312792395624,0.00332809506007332
