label,c1,c2,c3
pis,0.9654368137500884,0.03339596553368843,0.001167220716223604
Class-4-753_0,0.003953333381252025,0.14541547624526693,0.17723846093776213
Class-32-486,0.012573700965675375,0.045131215685481056,0.17882228543972095
Class-9-599_0,5.411818311525291E-4,0.0010592616198596228,0.024330717846023038
Class-0-593_70,0.0021156060062754506,0.041738977558332536,0.5485807439340008
Class-41-591,8.642107716589171E-4,0.005081913740851839,0.07093126173773971
Class-31-780_6,0.0018852724281467012,0.037066433806906184,0.21858002151380815
Class-24-596_54,0.9982054713474795,0.9998799869879125,0.18329036338680976
Class-36-788_30,4.024742451213785E-4,0.11200838489519525,0.16685629628744483
