label,c1,c2,c3
pis,0.3132330378836669,0.6846315058224635,0.002135456293869595
Class-4-753_0,0.018030232996569265,0.0010160336487333907,0.4948969932820045
Class-32-486,0.060929770436800076,0.005415939919556734,0.49454366535721944
Class-9-599_0,0.03264520273608238,0.0739684056370764,0.4017467363140836
Class-0-593_70,0.9992215015847687,0.9990512693900945,0.4945578278170471
Class-41-591,0.07467547670228303,0.044838081462415795,0.3395696347675196
Class-31-780_6,0.050662003432192515,7.120817700162038E-4,0.49410320546586056
Class-24-596_54,0.2615790501349024,0.016044787765290322,0.49394966837965953
Class-36-788_30,0.2669391235899538,0.011806947263122983,0.4941133568353166
