label,c1,c2,c3
pis,0.7103866813560178,0.0759244360060024,0.21368888263797986
Class-4-753_0,0.9896504767868315,0.4511034810550413,0.9993060804625296
Class-32-486,0.9705193304123307,0.05699342885352426,0.9914065115852434
Class-9-599_0,8.083480514014831E-5,0.11529115489542772,0.021713183464399752
Class-0-593_70,0.011046400773649327,0.043099876797035246,0.008720888370553702
Class-41-591,0.015113627148721345,0.06302182077510422,0.01671777643614743
Class-31-780_6,0.043241110532353785,0.2467505745475321,0.005798852377266335
Class-24-596_54,0.015118891978993099,0.0656492914543662,0.010079427560500093
Class-36-788_30,0.015333729622332596,0.04981390344279352,0.008767741496236084
