label,c1,c2,c3
pis,0.8192974458713338,0.15260264198891713,0.02809991213974899
Class-4-753_0,1.4475170247569115E-4,0.02649218858864286,0.18368312619468719
Class-32-486,5.329929349993333E-4,0.23075823481832347,0.08600809682790399
Class-9-599_0,0.005733331055486896,0.10378359189303932,0.046784304473317204
Class-0-593_70,0.02104867464483228,0.15173715271286797,0.015317865621898562
Class-41-591,0.025161122969300582,0.02492745944362065,0.136783099398359
Class-31-780_6,0.9924015395916053,0.9084476471360311,0.11939600676230891
Class-24-596_54,0.025169727683965602,0.1374291586028998,0.11543366601386798
Class-36-788_30,0.025480358530062523,0.142739038083859,0.16850037273447196
