label,c1,c2,c3
pis,0.7581502711610225,0.092797553180847,0.14905217565813061
Class-4-753_0,0.03560027643019067,0.12730198598166106,0.9552256650432615
Class-32-486,0.05142231761823661,0.05278375545213129,0.7094272414207763
Class-9-599_0,0.005538174615915894,0.07137579203188618,0.015440867140787556
Class-0-593_70,0.009612169602342376,0.030438008330109474,0.011649583860780256
Class-41-591,0.0107692422212604,0.03453425912168653,0.015328154617916659
Class-31-780_6,0.8671383577539754,0.7956553430643916,0.00578048027437232
Class-24-596_54,0.010773030517545497,0.048568588092292184,0.007335695991593885
Class-36-788_30,0.010939246480000097,0.04464007754981358,0.007631113780916999
