label,c1,c2,c3
pis,0.009750514223322834,0.023858847625339085,0.9663906381513381
Class-4-753_0,0.9999087717889378,0.7419616247395683,0.9999714316516922
Class-32-486,0.49532062398444465,0.3958180050714035,0.011085236402649364
Class-9-599_0,0.47064744113947865,0.09115683543031645,0.0024088322764519183
Class-0-593_70,0.4956437073173451,0.32453675229896223,0.007698147892698469
Class-41-591,0.4956822019969452,0.4945776825913341,0.0054113454990170175
Class-31-780_6,0.2788972909090406,0.16377888047667602,0.008276346714834645
Class-24-596_54,0.49576484075884764,0.3181518909834153,0.003754497197719515
Class-36-788_30,0.4958600172872427,0.48644302331691097,0.00546550897171508
