label,c1,c2,c3
pis,0.17763191679103688,0.8155312460741768,0.00683683713478643
Class-4-753_0,0.0014651568382314005,0.2691350882255282,0.15553796749074675
Class-32-486,3.4296034256754444E-4,0.01623212955986801,0.10338442220779903
Class-9-599_0,0.013201487572304186,0.010966409037538585,0.14356718203257854
Class-0-593_70,0.018091188776249413,0.01541894886268901,0.1338401797882246
Class-41-591,0.015113627148721345,0.006081663249584998,0.11474004195785914
Class-31-780_6,0.9780346108287526,0.012213027428133632,0.09977523808611807
Class-24-596_54,0.015118891978993099,0.010772106431306765,0.08925986038141163
Class-36-788_30,0.015333729622332596,0.010910216375930995,0.13931742171869013
