label,c1,c2,c3
pis,0.15860381554723468,0.8286494036127947,0.012746780839970474
Class-4-753_0,0.014979131876422096,0.0034020160668548523,0.03700355861959119
Class-32-486,0.034362225794912514,0.005117156054510215,0.04011179809449439
Class-9-599_0,0.5933310998962552,0.920259544940065,0.03189911839774258
Class-0-593_70,0.0732848725599732,0.2247167336080848,0.964740224726456
Class-41-591,0.005904453557554261,0.001474455110163482,0.010378453187473524
Class-31-780_6,0.008551366129696977,0.0024717999005630896,0.038595726458903974
Class-24-596_54,0.0224202266414228,0.00404817668414709,0.03277081002359805
Class-36-788_30,0.007708688605516085,0.09993350795038097,0.030140396694563826
