label,c1,c2,c3
pis,0.06034201249946478,0.0021817841175134564,0.9374762033830217
Class-4-753_0,0.9981769895205821,0.5647733805553882,0.9998878631779767
Class-32-486,0.9957066481468158,0.03555339135784177,0.9916003263600751
Class-9-599_0,0.08026433006161872,0.44362138596695433,0.00854581904102009
Class-0-593_70,0.04516366811365102,0.07909851140190273,0.0023602382353644148
Class-41-591,0.08936242757872198,0.2830169970564167,0.005820182504817753
Class-31-780_6,0.010777814902134005,0.3553241952691144,0.0011633656047672352
Class-24-596_54,0.09479409725047754,0.12591272750982052,0.002897961720842449
Class-36-788_30,0.09314607073677457,0.08068328624140977,0.0022619930819055786
