label,c1,c2,c3
pis,0.08692818931233505,0.8092934795670352,0.10377833112062973
Class-4-753_0,0.0509906077721558,0.004494572330152114,0.020993779880927495
Class-32-486,0.04953773678750189,0.0037871936556469967,0.11637418388294496
Class-9-599_0,0.034514764993549864,0.04514783249798702,0.0640987112417669
Class-0-593_70,0.3815595333207569,0.9888557697286401,0.9955714407104617
Class-41-591,0.012181059959266884,9.984448509333505E-4,0.002678379749796372
Class-31-780_6,0.015202861313536925,0.005138299924893003,0.02718752668964368
Class-24-596_54,0.022358379390904196,0.008293259305036332,0.026909060090944816
Class-36-788_30,0.022713010645261843,0.015880526787792216,0.016811548242016985
