label,c1,c2,c3
pis,0.17241699668941035,0.8020664784484037,0.025516524862185745
Class-4-753_0,0.012395123895319982,0.003582424500531343,0.019208998011118503
Class-32-486,1.319861678532893E-4,0.0030067905557553524,0.008703187242232945
Class-9-599_0,0.978203247081596,0.999867703594441,0.021624869628383673
Class-0-593_70,0.0048862824435366905,3.341806082521386E-5,0.059177083089872816
Class-41-591,0.012317584397247068,7.46375075903876E-4,0.022034764597566286
Class-31-780_6,0.004979437660848678,0.002057935532112302,0.008254017104455053
Class-24-596_54,0.004500934402743409,0.002817161445047191,0.008443953977986127
Class-36-788_30,0.011679336098110947,0.002815721828330685,0.016844283413499615
