label,c1,c2,c3
pis,0.884941988803598,0.03380526497857773,0.08125274621782427
Class-4-753_0,0.06249699281160258,0.005239122488134496,0.9996954138838687
Class-32-486,0.05005490834915363,0.07732044842286324,0.9985549911323682
Class-9-599_0,0.002911904007271378,0.01125226053546227,0.015960761990969605
Class-0-593_70,0.003637591709339718,0.03365845062261708,0.0036744509529769926
Class-41-591,0.005395156699599182,0.021814672591572392,0.005410110790709126
Class-31-780_6,0.9904847036232307,0.9796286981738451,0.003444666829999767
Class-24-596_54,0.005397085593853848,0.03132634114720293,0.006098231537109072
Class-36-788_30,0.005493562468585152,0.02961969428545773,0.005672354186884411
