label,c1,c2,c3
pis,0.653611571839172,0.33734940270542696,0.009039025455401273
Class-4-753_0,0.003560699327293341,0.005667998271683929,0.04107288362536509
Class-32-486,8.866653455506212E-5,0.004410964232842608,0.009266124533324947
Class-9-599_0,0.9432816349572934,0.9979047025959356,0.012741361546958473
Class-0-593_70,0.0012988113068143428,1.668347043305565E-4,0.09820498007703245
Class-41-591,0.0024459269989969747,6.361922211236781E-4,0.03680087830920985
Class-31-780_6,8.49904612216279E-4,0.010502579765509546,0.00972993020207601
Class-24-596_54,0.008852403346367164,0.002965107082760365,0.009424810409972806
Class-36-788_30,0.002007618204448096,0.003046396351814239,0.024575815664794918
