label,c1,c2,c3
pis,7.575927355501592E-4,0.00970650617188359,0.9895359010925662
Class-4-753_0,0.15500150788411243,0.02286546926161262,0.9824296269056834
Class-32-486,0.003726314656932371,0.12588625635113598,0.010258244441812208
Class-9-599_0,0.015161386501937178,0.08754159201802188,0.002719397877230498
Class-0-593_70,0.4956437073173451,0.09147145429871785,0.002274576330523208
Class-41-591,0.4956822019969452,0.017807744896837174,0.0013974611502829122
Class-31-780_6,0.8692091734958713,0.012676937620192915,0.006528909126600854
Class-24-596_54,0.49576484075884764,0.08892649968295165,0.0031517834570047106
Class-36-788_30,0.4958600172872427,0.03036152856237543,0.0034305809974912727
