label,c1,c2,c3
pis,0.19115319977597717,0.05586734473552273,0.7529794554885002
Class-4-753_0,0.8555566556004243,0.540572287850341,0.946184852330527
Class-32-486,0.9315458097329231,0.3124145214306266,0.5003096025164984
Class-9-599_0,0.0756706556059131,0.20962287376155764,0.02346712623640361
Class-0-593_70,0.13361615261489454,0.1694689612166283,0.04838330455513221
Class-41-591,0.21070039853814038,0.1771013341492785,0.04846638442909822
Class-31-780_6,0.10765327362750379,0.06934053950245604,0.052233252472297584
Class-24-596_54,0.21020177202512877,0.3267847266350698,0.043835550977297424
Class-36-788_30,0.21137382884832714,0.30993548391009407,0.04734848074637725
