label,c1,c2,c3
pis,0.191959990482283,0.8005394741612502,0.00750053535646684
Class-4-753_0,0.013057666408342482,0.002990615371983247,0.10225975758256182
Class-32-486,0.03321690043947681,0.002677612627752798,0.015263385964069611
Class-9-599_0,0.11137901732060344,0.03418648805723935,0.01311368254738505
Class-0-593_70,0.0639504123396553,2.668800293083341E-4,0.176250137043732
Class-41-591,0.04706088179617547,0.01595379648012339,0.14083656140803325
Class-31-780_6,0.015230709290506805,0.0040497703219795796,0.02297333296184647
Class-24-596_54,0.24297526605553638,0.005211052912154272,0.02265215458235265
Class-36-788_30,0.052921807933715315,0.9849361921463067,0.6513352064208086
