label,c1,c2,c3
pis,0.03386974176490888,0.05092030610634913,0.915209952128742
Class-4-753_0,0.9885554381018145,0.34423066578164996,0.9890533501335274
Class-32-486,0.1488780653431185,0.0169166756609658,0.010543429655404103
Class-9-599_0,0.10733813404931904,0.17210385231467118,0.0010953292297136302
Class-0-593_70,0.09414331144859557,0.04722555445452012,0.0027139968331563644
Class-41-591,0.041258807249317256,0.0455529104102836,6.411470897719482E-4
Class-31-780_6,0.010355367217608843,0.07129475854871192,0.0015331434694327273
Class-24-596_54,0.03670227611717535,0.04772393127886987,0.001527950794539609
Class-36-788_30,0.036790951629196864,0.04187821245388712,0.0013818027403650038
