label,c1,c2,c3
pis,0.7526484027910008,0.2449901587786627,0.0023614384303365338
Class-4-753_0,0.00966658555242075,0.010809670518540605,0.4948969932820045
Class-32-486,0.019089259443748854,0.03263333565235526,0.28878711200893437
Class-9-599_0,0.0465457159554446,0.029286291573956322,0.199034090531091
Class-0-593_70,0.025202703347172794,0.3234276873386871,0.5378267006224152
Class-41-591,0.008141458447821926,0.017946798858313035,0.3612833101724175
Class-31-780_6,0.00869872100533115,0.01945397347471543,0.3077566802214628
Class-24-596_54,0.21275716192514482,0.045098394226073396,0.2969963210140178
Class-36-788_30,0.009899035566314,0.036337580084795505,0.39018306403596364
