label,c1,c2,c3
pis,0.29613179670536044,0.02550311058307234,0.6783650927115672
Class-4-753_0,0.008310447022904134,0.013281103709716576,0.9845984502941799
Class-32-486,0.018982969112378317,0.01040275795614717,0.7075075953569676
Class-9-599_0,0.0015745418553367657,0.038452318366457135,0.0010087669220706827
Class-0-593_70,0.0021465935227456497,0.009967464924465295,2.078569091031862E-4
Class-41-591,0.0027321891971349263,0.012077481005695976,4.3297022916243027E-4
Class-31-780_6,0.9451143240390921,0.9449334689252074,8.744593218234693E-5
Class-24-596_54,0.0027331789543808323,0.012179654456779277,1.621977868438941E-4
Class-36-788_30,0.0027885313561144334,0.01064608730242374,2.6617153778295597E-4
