label,c1,c2,c3
pis,0.2078815751571173,0.731570545204155,0.06054787963872769
Class-4-753_0,0.01933305548081955,0.017442605663554118,0.060151014471002656
Class-32-486,0.06866197942374164,0.01227372083314617,0.08110093504654033
Class-9-599_0,0.2743278700850151,0.10240789592156058,0.13111099024270506
Class-0-593_70,0.09316897747626686,0.05545870321571753,0.12189821522025263
Class-41-591,0.04706088179617547,0.975575078230881,0.9091709015610282
Class-31-780_6,0.048993285443862306,0.027262283970382543,0.04357823285184563
Class-24-596_54,0.33500512514854236,0.041749820636364086,0.04393589222219951
Class-36-788_30,0.06454145747115558,0.0412823334166685,0.08022761863089657
