label,c1,c2,c3
pis,0.3442152793933353,0.5953012390359708,0.060483481570694025
Class-4-753_0,3.130891767745255E-4,3.118369297248722E-4,0.002013820518527837
Class-32-486,3.6681543921369306E-5,5.34513533230844E-4,0.0017746817505921622
Class-9-599_0,0.034514764993549864,0.011350842286089919,0.004722681094637745
Class-0-593_70,0.001283730259789763,0.020023748389872656,0.01842936871185165
Class-41-591,7.020927256889111E-4,0.28963517571212494,0.8610259750749738
Class-31-780_6,0.0011327168038914078,0.0011306489215133384,0.0017180308410016428
Class-24-596_54,0.008848954802608666,0.001282244649152158,0.0013443649710400964
Class-36-788_30,0.0012225165909084544,0.0013420305440133328,0.00747607918796319
