label,c1,c2,c3
pis,0.08143153435525927,0.21334306025007002,0.7052254053946708
Class-4-753_0,0.005402463514435473,0.030196471513260853,0.0059437644914969705
Class-32-486,0.0011619532701198964,0.010327441139824934,0.0029100103919423147
Class-9-599_0,0.20499464119339478,0.057317658383156576,0.0027309670818170756
Class-0-593_70,0.06324876011309248,0.99893523823346,0.946223598561281
Class-41-591,0.01085216141095748,0.004744271397288336,0.0025250673943722456
Class-31-780_6,0.028838181098519572,0.07678299454978114,0.0013848278891934699
Class-24-596_54,0.04068549700176906,0.017920818206115935,0.0015056653597216483
Class-36-788_30,0.009370839876936344,0.020480270408669607,0.0023844555834326184
