label,c1,c2,c3
pis,0.23544010815189806,0.34474533087098025,0.4198145609771218
Class-4-753_0,0.9052209016522891,0.21780641568228645,0.9769807761937908
Class-32-486,0.10306778631118545,0.02595195916187881,0.038710765138415676
Class-9-599_0,0.024367115251867993,0.014379472468374854,0.012316635220538464
Class-0-593_70,0.02395190024538018,0.016702010274386475,0.06760162123826438
Class-41-591,0.022551494601089187,0.10272137942431978,0.058345998860168474
Class-31-780_6,0.06636164974272217,0.07687837894059801,0.015110742440675846
Class-24-596_54,0.023283081509350247,0.02364040637707167,0.01986237895109204
Class-36-788_30,0.02326555086522779,0.03644900104694556,0.027972582655736083
