label,c1,c2,c3
pis,0.06955090407085675,0.865786725397052,0.0646623705320913
Class-4-753_0,0.9995986471050442,0.9501711267665652,0.9976945540996053
Class-32-486,0.09579446462689574,0.001888044709182652,0.0224754926845062
Class-9-599_0,0.013201487572304186,0.005602652423786691,0.00213501947657967
Class-0-593_70,0.0180765173874544,0.003396340426583329,0.0036275628762688123
Class-41-591,0.015113627148721345,0.006412522788491634,0.0027839818506615885
Class-31-780_6,0.048039278967206514,0.05697430662284441,0.013026316983346699
Class-24-596_54,0.015118891978993099,0.001997319173480925,0.0029382440844655027
Class-36-788_30,0.015333729622332596,0.002266421542035259,0.0020119023088777583
