label,c1,c2,c3
pis,0.007977983574540517,0.04636268963232125,0.9456593267931381
Class-4-753_0,0.20573968968891035,0.14405396186579553,0.013610535021637843
Class-32-486,0.21211052309669154,0.017901583503784346,0.016897214900513362
Class-9-599_0,0.1556153604692749,0.1383083902344766,0.006214528191098236
Class-0-593_70,0.15415160445278983,0.04509018209829345,0.016747601099901994
Class-41-591,0.0859880485673562,0.11263552285575282,0.0071616897234837084
Class-31-780_6,0.04941684865594092,0.08162099164307654,0.0038429394247916425
Class-24-596_54,0.07908255594098151,0.035268345293588,0.006003009598116244
Class-36-788_30,0.07922644613163003,0.03979418284469599,0.0039074473369449724
