label,c1,c2,c3
pis,0.9568275051270153,0.03277589498895127,0.010396599884033707
Class-4-753_0,0.00405240682078076,0.15177187431302763,0.0433609417149753
Class-32-486,2.914455858229353E-4,0.02208574563672003,0.03484849673252733
Class-9-599_0,0.07400961948829585,0.14161075404474793,0.03987224296070002
Class-0-593_70,0.0015537938503373196,0.006203917471885003,0.12533122579449613
Class-41-591,0.0020915442565594125,0.019297214909471564,0.06526953480309478
Class-31-780_6,8.894871741082792E-4,0.029437467700575565,0.02832003861600119
Class-24-596_54,0.0212975588312753,0.06772013220108478,0.033876803694758935
Class-36-788_30,0.00166375414739345,0.04095601604706167,0.035077165070343516
