label,c1,c2,c3
pis,0.9623696532741636,0.036648380718033065,9.819660078034841E-4
Class-4-753_0,0.003560699327293341,0.01623229715655014,0.04984620224237313
Class-32-486,1.5802598572384516E-4,0.06749530198640624,0.02998044497034518
Class-9-599_0,0.9543409396648527,0.9994258593033123,0.139269033727056
Class-0-593_70,0.0012998834837657334,6.274007828867007E-4,0.20359831706477396
Class-41-591,0.0024459269989969747,9.78844907278145E-4,0.08981024339352418
Class-31-780_6,0.00484658027136012,0.016989949549188588,0.0642316730079716
Class-24-596_54,0.008852403346367164,0.040336231832564566,0.06178092178259656
Class-36-788_30,0.002007618204448096,0.026920202097409904,0.1251860205249562
