label,c1,c2,c3
pis,0.945111804014533,0.025568876642232514,0.029319319343234368
Class-4-753_0,0.07518639509606957,0.4785452855204534,0.19857778632939163
Class-32-486,0.03411958106153247,0.12234712405301763,0.11520790101143176
Class-9-599_0,1.9185349984217535E-4,0.08704646370208802,0.05761672198308999
Class-0-593_70,0.007318402096343702,0.03297744543607957,0.1773832283363621
Class-41-591,0.007798375413227812,0.08895979024927328,0.2777856278630463
Class-31-780_6,0.21992291139572806,0.24788953357251062,0.17347051357545984
Class-24-596_54,0.008055352316292248,0.12415509655220848,0.2051844871490845
Class-36-788_30,0.008078073414050344,0.10811623172663877,0.18760875679731212
