label,c1,c2,c3
pis,0.9980726510045645,8.914389987455544E-5,0.0018382050955608495
Class-4-753_0,0.9998927413743537,0.8468642254571797,0.9999996850665783
Class-32-486,0.9993261234902049,0.29334725553007385,0.9999912012187737
Class-9-599_0,8.892644996863518E-5,0.04954892186940643,0.006323934096057674
Class-0-593_70,1.2715107774157508E-4,0.09207345630851044,4.3573990102314757E-4
Class-41-591,2.395311951404488E-4,0.044398530794846264,0.0020790063619072975
Class-31-780_6,0.06369326650214434,0.49499702418741287,0.0012132480535810152
Class-24-596_54,2.3962141963538764E-4,0.0974988312386101,0.002351979607931068
Class-36-788_30,2.4649179477378487E-4,0.11725602642544188,0.0016906864134815943
