label,c1,c2,c3
pis,0.0760414640816188,0.9184005856642734,0.005557950254107858
Class-4-753_0,0.017549408413150953,0.001921199907022944,0.17723846093776213
Class-32-486,0.024409091386465832,0.0018396447856668513,0.17882228543972095
Class-9-599_0,0.0042863050241948066,1.8255364758980452E-4,0.011109728907165209
Class-0-593_70,0.02942524253978215,0.028113136726458637,0.4945578278170471
Class-41-591,0.004110041824539862,0.0028712960128048745,0.04860531146042832
Class-31-780_6,0.005433450792079574,1.4647563286785623E-4,0.21858002151380815
Class-24-596_54,0.008852247372887896,0.0026578054288005286,0.18329036338680976
Class-36-788_30,0.009029721761703292,0.022009946882181608,0.16685629628744483
