label,c1,c2,c3
pis,0.10036227534250856,0.09052642641117445,0.8091112982463169
Class-4-753_0,0.13763122005713035,0.6962027219872061,0.04244338255162143
Class-32-486,0.16659103627418492,0.03477385354397628,0.04340160886798419
Class-9-599_0,0.13522405442666754,0.20580562574875647,0.015429124530228606
Class-0-593_70,0.12097459434726758,0.06709756025416883,0.0365656117346104
Class-41-591,0.05982198783020439,0.06508955063153223,0.017335277731797404
Class-31-780_6,0.010286007647981639,0.09547037492016262,0.021796802825519605
Class-24-596_54,0.05410520731987016,0.06772013220108478,0.021963415266988848
Class-36-788_30,0.05421994279750595,0.060537857669403915,0.01887787939870521
