label,c1,c2,c3
pis,0.09607804360154329,0.032358300839185485,0.8715636555592711
Class-4-753_0,0.9217189040650475,0.6337856586789753,0.9412612993264425
Class-32-486,0.8861392531652232,0.08820096537281848,0.8559498516438373
Class-9-599_0,0.15496358161816512,0.32745984566247516,0.023896321468964768
Class-0-593_70,0.13520639075779814,0.11825202190932836,0.08490287199620737
Class-41-591,0.09713735136758608,0.07521458384810586,0.027348011287787837
Class-31-780_6,0.025549216929875548,0.21818564942059926,0.03729128258084081
Class-24-596_54,0.08985145284863387,0.14104183753081956,0.0416204637227524
Class-36-788_30,0.09000555788190824,0.08372278236969775,0.028626695137606052
