label,c1,c2,c3
pis,0.225304032246909,0.04570172547780632,0.7289942422752848
Class-4-753_0,0.04386669548400404,0.12742431797302542,0.07701329745462614
Class-32-486,0.9993003411366197,0.0013250731907923107,0.9999136031504898
Class-9-599_0,0.02260385931215297,0.14436919998156283,0.004834789665605957
Class-0-593_70,0.007975161515403706,0.005281847189372163,0.06516930868573649
Class-41-591,0.004102203880240535,0.010357951410942695,0.004961800038807716
Class-31-780_6,2.9557456782559004E-4,0.03340217347947918,0.0015768983988758394
Class-24-596_54,0.003316706497344706,0.005375804428591999,0.0033157732288863913
Class-36-788_30,0.003330282839396602,0.004238777172676035,0.002315315246585871
