label,c1,c2,c3
pis,0.7482175545893477,0.04287696312225591,0.20890548228839653
Class-4-753_0,0.0254052022108496,0.22953649581207258,0.00764736494253559
Class-32-486,0.05060563263974681,0.07566326749031194,0.02646736919633001
Class-9-599_0,0.024260580266600582,0.1523026259554554,0.005026431154543216
Class-0-593_70,0.018935588958822122,0.13726049477838503,0.038297717257159025
Class-41-591,0.004102203880240535,0.03596463834423379,0.0031489577712932133
Class-31-780_6,0.914106334184893,0.07181248762996802,0.030968287780253904
Class-24-596_54,0.003316706497344706,0.07300039020864647,0.014018183828570703
Class-36-788_30,0.003330282839396602,0.11030042048530922,0.011842471014736696
