label,c1,c2,c3
pis,0.514569624581051,0.4644713155088737,0.020959059910075305
Class-4-753_0,0.009998167997628371,0.02664321155442757,0.0438355616188877
Class-32-486,0.0018891202926621716,0.010208333544701098,0.0332370269370476
Class-9-599_0,0.049413678544158374,0.9450588555617007,0.02363951281239431
Class-0-593_70,0.007288573458431942,4.3897218081469377E-4,0.19877073353737218
Class-41-591,0.010219441692873392,0.006737912667275019,0.08048474125400958
Class-31-780_6,0.007321305223382488,0.011234954953886088,0.0317557105836342
Class-24-596_54,0.021951277997184607,0.013587310666414465,0.03385022896582174
Class-36-788_30,0.008769388093283271,0.9737228799148041,0.6217474055977646
