label,c1,c2,c3
pis,0.5445502742607877,0.1338159638163126,0.32163376192289955
Class-4-753_0,0.06249699281160258,0.0018661666194133497,0.9996954138838687
Class-32-486,0.05005490834915363,0.04623447953017512,0.9975907293813718
Class-9-599_0,0.002911904007271378,0.0023322338185078175,0.0032014080072345365
Class-0-593_70,0.003637591709339718,0.019847856485819517,0.0036744509529769926
Class-41-591,0.005395156699599182,0.01284166333224406,0.005410110790709126
Class-31-780_6,0.995018461470627,0.9784182759926063,0.0027938965409642857
Class-24-596_54,0.005397085593853848,0.00793429856462958,0.0037794715766175566
Class-36-788_30,0.005493562468585152,0.009818642766546369,0.00436159189919936
