label,c1,c2,c3
pis,0.2324591903634847,0.39110881318243496,0.3764319964540803
Class-4-753_0,0.9705898278329571,0.4866485344022117,0.9847465776579339
Class-32-486,0.14198528646320754,0.035220058450209965,0.008907790409418422
Class-9-599_0,0.03769567603914137,0.044585032487454386,0.006626193540355859
Class-0-593_70,0.047401879947134115,0.0064691443515855155,0.011089387091892574
Class-41-591,0.0416059797257666,0.039392316848225424,0.004356064090229495
Class-31-780_6,0.0958824819550404,0.07854577731677467,0.006291744689737553
Class-24-596_54,0.0416198532651476,0.045401914581542586,0.0035910620813638383
Class-36-788_30,0.04205443863311607,0.032006749789103034,0.005812282225396815
