label,c1,c2,c3
pis,0.02929406118533582,0.2560251438695095,0.7146807949451546
Class-4-753_0,0.008050523615724725,0.002689640494082086,0.012388434356425854
Class-32-486,6.963436262546361E-4,0.0037741796537235648,0.0018713254155388183
Class-9-599_0,0.21733195017714074,0.05548036333968985,0.008874429152252093
Class-0-593_70,0.1791881285704811,0.07506652673485018,0.02367038823411231
Class-41-591,0.19324994416073224,0.0034525410877757536,0.06370161670966877
Class-31-780_6,0.07197974298192836,0.014438479140010174,0.0034235507781711764
Class-24-596_54,0.2593250386370771,0.012779519651695371,0.003539418008196795
Class-36-788_30,0.3176927224040243,0.009697885971866046,0.018619375294763926
