label,c1,c2,c3
pis,0.9667074583559716,0.032423770903062504,8.687707409661473E-4
Class-4-753_0,0.003560699327293341,0.024198694827417093,0.04984620224237313
Class-32-486,1.8312584730171432E-4,0.09178997114316105,0.06115644303674235
Class-9-599_0,0.9543409396648527,0.9995427578943156,0.14338726564615797
Class-0-593_70,0.0012998834837657334,0.0016373836497229827,0.20359831706477396
Class-41-591,0.0024459269989969747,0.0034351578157018115,0.11279862917866096
Class-31-780_6,0.00484658027136012,0.016989949549188588,0.11305927380885494
Class-24-596_54,0.008852403346367164,0.040336231832564566,0.09384678558311321
Class-36-788_30,0.002007618204448096,0.04904838826000346,0.15027026023027729
