label,c1,c2,c3
pis,0.08128573659025004,0.30694467295008276,0.6117695904596672
Class-4-753_0,0.014194596575196908,0.0013242965294547224,0.0058810817605895295
Class-32-486,0.006797440148281826,0.0047525600250530806,0.004291260926930262
Class-9-599_0,0.17560688275839278,0.10152493318264422,0.08121989785720639
Class-0-593_70,0.43104278694251724,0.17599761792124233,0.040739337507465286
Class-41-591,0.14386500557912285,0.17649797700138994,0.1221938333410391
Class-31-780_6,0.12975126962266095,0.010732162152864762,0.00727776994863261
Class-24-596_54,0.2408454085650027,0.016276559702385063,0.007570648497551749
Class-36-788_30,0.2845772209801849,0.02694166511805436,0.03290329507520775
