label,c1,c2,c3
pis,0.46512772409648295,0.19842013856501903,0.336452137338498
Class-4-753_0,0.030418822080818964,0.018762890700644803,0.9963196607262174
Class-32-486,1.5719396994319369E-4,0.018062633440219765,0.009637005873204428
Class-9-599_0,0.013201487572304186,0.06757723111613,0.0037984294977388595
Class-0-593_70,0.0180765173874544,0.019723935418008404,0.002670503183266093
Class-41-591,0.015113627148721345,0.02246412886345767,0.0022486305492506204
Class-31-780_6,0.9764362769030184,0.9449334689252074,0.0017143636884930182
Class-24-596_54,0.015118891978993099,0.025916569151666995,0.0017191843553855176
Class-36-788_30,0.015333729622332596,0.018489633547930838,0.0028268064425536516
