label,c1,c2,c3
pis,0.008048966758312187,0.005127031347336548,0.9868240018943514
Class-4-753_0,0.08520892205557816,0.1323151481375097,0.0041382807060481
Class-32-486,0.9944222674730595,0.008676607365001211,0.9695047997883826
Class-9-599_0,0.0371443720154526,0.12236945306896721,9.434315176093524E-4
Class-0-593_70,0.030760626010423925,0.022999307851634714,0.0010316740561558274
Class-41-591,0.019305370515847024,0.021936994600772728,5.242116205995925E-4
Class-31-780_6,0.0029913982058015934,0.03902643606870113,2.2600587909797228E-4
Class-24-596_54,0.016623586130462636,0.023299072946039192,6.182299081000101E-4
Class-36-788_30,0.016673294885053615,0.0197133227144598,4.3247812849435933E-4
