label,c1,c2,c3
pis,0.1195004030403314,0.43009118743977237,0.4504084095198962
Class-4-753_0,0.030418822080818964,0.0044025099858863515,0.9963196607262174
Class-32-486,1.5719396994319369E-4,0.011732658915552075,0.007052279864742777
Class-9-599_0,0.013201487572304186,0.01328899265492446,0.0010426960561854704
Class-0-593_70,0.0180765173874544,0.014592289200048776,0.002670503183266093
Class-41-591,0.015113627148721345,0.009643191235821138,0.0022486305492506204
Class-31-780_6,0.9609401911924939,0.8984495413051806,0.001449578736161513
Class-24-596_54,0.015118891978993099,0.008625964318982006,0.0011709356439646658
Class-36-788_30,0.015333729622332596,0.007604605130826861,0.002289694749169169
