label,c1,c2,c3
pis,0.7231143356242143,0.27583700159178226,0.001048662784003205
Class-4-753_0,0.0013168757783885068,0.006462651862638825,0.2270254635435165
Class-32-486,3.8917436667621467E-4,0.006422660967655941,0.30077273904554597
Class-9-599_0,0.029665856846322888,0.001050222506862377,0.13473283065730202
Class-0-593_70,0.001283730259789763,0.05955189981455347,0.5378267006224152
Class-41-591,0.0010112277788636246,0.004914796324933698,0.08441272235645185
Class-31-780_6,0.0015345504577198767,0.0030524358756626527,0.2754888611681136
Class-24-596_54,0.013658065362391485,0.012251445554098255,0.23158286333668474
Class-36-788_30,0.001164710319354366,0.020583796869685464,0.2156551647262926
