label,c1,c2,c3
pis,0.8589284140251351,0.07348220466452121,0.06758938131034375
Class-4-753_0,0.9991002237577635,0.6609276976899046,0.9999818876232741
Class-32-486,0.027144065331529892,0.014800399639976541,0.023424754937953624
Class-9-599_0,0.0015579291355257686,0.08160830861621322,0.003336210675395325
Class-0-593_70,0.0025133134000685986,0.009591813872500604,0.0022270310748805098
Class-41-591,0.0019137814658090947,0.032398771758263945,0.0022369359233955152
Class-31-780_6,0.05812742294953276,0.3294093162527943,0.0018801950075806747
Class-24-596_54,0.0019144790968210154,0.0185008142142387,0.002268374324336012
Class-36-788_30,0.001955617553596398,0.01200774115510694,0.0022585825737448943
