label,c1,c2,c3
pis,0.7980462536838716,0.19792402912468943,0.004029717191438971
Class-4-753_0,0.009336165780652803,0.006887099994965508,0.17319619597310815
Class-32-486,0.010696972978684272,0.010764894223362626,0.14700009862142854
Class-9-599_0,0.0018936046202244158,0.007809879585119886,0.012866017965318728
Class-0-593_70,0.018402365241710624,0.1135558866756363,0.24703456066087084
Class-41-591,0.00381769483300448,0.11964459364035483,0.8698439988383361
Class-31-780_6,0.004276153026611818,0.0023903655353574517,0.1564293455884839
Class-24-596_54,0.9624776019957137,0.960935122542348,0.1420600207250822
Class-36-788_30,0.005356510832716712,0.011163768434813754,0.20468197372893412
