label,c1,c2,c3
pis,0.015878138997481486,0.00457622024386511,0.9795456407586532
Class-4-753_0,0.2096167382380526,0.20670166515627625,0.047730914997408655
Class-32-486,0.15093315696006013,0.3613752458438153,0.017836664684608865
Class-9-599_0,0.12012823224056829,0.16735497088000972,0.026838230678077564
Class-0-593_70,0.08123678348046949,0.36318062579449883,0.034638241756488976
Class-41-591,0.08936242757872198,0.36338333750830976,0.05973710116045771
Class-31-780_6,0.29434927862457244,0.48655780069895344,0.039280001806030564
Class-24-596_54,0.09479409725047754,0.19447850103713749,0.04798738281917824
Class-36-788_30,0.09314607073677457,0.24063502024231942,0.054003314788684864
