label,c1,c2,c3
pis,0.20259160623477032,0.20904695559772163,0.5883614381675082
Class-4-753_0,0.9896504767868315,0.14432576527958724,0.9976945540996053
Class-32-486,0.9705193304123307,0.02822767424007325,0.9568993134854783
Class-9-599_0,0.009265286528881339,0.025141863876976894,0.0031642125063518173
Class-0-593_70,0.011046400773649327,0.00946715988584615,0.0013403161192393773
Class-41-591,0.015113627148721345,0.015561211827545912,0.0015579080229678824
Class-31-780_6,0.024132125164364762,0.03880390337712007,0.0018465372106160171
Class-24-596_54,0.015118891978993099,0.017074160983234082,0.0017464060542119787
Class-36-788_30,0.015333729622332596,0.010992197630342863,0.001723733492784038
