label,c1,c2,c3
pis,0.010607254690738343,0.9173888136851726,0.0720039316240891
Class-4-753_0,0.04760599070451934,0.0028691968456707193,0.08827689911051544
Class-32-486,0.04681324431583454,9.04000867222748E-4,0.06223686773156409
Class-9-599_0,0.06786762400710908,0.004174133099336701,0.00809094559504922
Class-0-593_70,0.13038797123428217,0.018216793453574232,0.6833528500661685
Class-41-591,0.03553584662078388,0.0029860624206289902,0.03228731794883463
Class-31-780_6,0.010190280157406794,0.007279285752881224,0.019946307780416197
Class-24-596_54,0.0553210452631613,0.0021939680285044316,0.021839242406223806
Class-36-788_30,0.04400176118039079,0.002345513237520029,0.021740250312651706
