label,c1,c2,c3
pis,0.0017762085907936562,0.9630596490231603,0.03516414238604631
Class-4-753_0,0.0022000179138251283,6.034964778523747E-4,0.11497981399288136
Class-32-486,0.007366024612073251,0.004384613064800032,0.08153699963777325
Class-9-599_0,0.4958170899220839,0.0020108288838894183,0.04338401916099074
Class-0-593_70,0.4954887996210664,0.009553082094690179,0.09624648700771643
Class-41-591,0.4956822019969452,0.008752391784679176,0.09361689107212325
Class-31-780_6,0.9628969548180581,0.09263165048918999,0.047989702621996415
Class-24-596_54,0.49576484075884764,0.007786491307321812,0.05163466750717227
Class-36-788_30,0.4958600172872427,0.011104328043291995,0.05243515848845184
