label,c1,c2,c3
pis,0.429581543610406,0.30637094520056,0.26404751118903386
Class-4-753_0,0.0058609440271782335,0.004556762468811536,0.03528167431880671
Class-32-486,0.0542941897465575,0.0028548967689627407,0.01854487753537247
Class-9-599_0,0.5042692346070179,0.23781218637230264,0.22567757618747683
Class-0-593_70,0.01643449611062485,0.04866327963392749,0.00815706013702589
Class-41-591,0.010500336330465874,0.01153694451994185,0.05639036136769181
Class-31-780_6,0.011400731100908076,0.009954882023704115,0.008189523625598712
Class-24-596_54,0.04122217507048712,0.007632967911529081,0.009873157709425737
Class-36-788_30,0.015723295671893265,0.008134544503725978,0.016185503004803564
