label,c1,c2,c3
pis,0.012269348696242782,0.6112371430456376,0.3764935082581198
Class-4-753_0,0.24980369717420556,0.06651032021260955,0.013590297745363076
Class-32-486,0.07369754379531619,0.014374569090849956,0.006733084779668656
Class-9-599_0,0.4736560644716129,0.0021233818763802727,0.024530416540929696
Class-0-593_70,0.4954887996210664,0.013374919502360864,0.058508735805018745
Class-41-591,0.42772359087727446,0.9919681061456797,0.9520733247627569
Class-31-780_6,0.21471834158300926,0.11166361442062091,0.011176286704963298
Class-24-596_54,0.4143255453958483,0.027379376959970038,0.012221526283636744
Class-36-788_30,0.3807899561662874,0.02598832365850501,0.026940923822653045
