label,c1,c2,c3
pis,0.20295883452672314,0.01063977394527941,0.7864013915279975
Class-4-753_0,0.06253320690818948,0.33204005099432204,0.026507346888439788
Class-32-486,0.049132462285552014,0.19160664474532682,0.023704625111813194
Class-9-599_0,0.032889367113535184,0.2904939244296333,0.03406324772316728
Class-0-593_70,0.014922879380490481,0.2570011913806312,0.06498600631379435
Class-41-591,0.006765739608760751,0.13141661202224605,0.014070974752824237
Class-31-780_6,0.03785062770092239,0.18679632432547122,0.03430294264782049
Class-24-596_54,0.006310968762483121,0.18807259150898673,0.03971316977816518
Class-36-788_30,0.006228200040863005,0.23083444929358474,0.03384224485374786
