label,c1,c2,c3
pis,0.039008939290830595,5.899737034587494E-4,0.9604010870057107
Class-4-753_0,0.999876398586457,0.7822064252342736,0.9998604730761058
Class-32-486,0.9998509177484908,0.3958180050714035,0.9989796552892187
Class-9-599_0,0.26332509558827705,0.44680659544674134,0.003449421083959801
Class-0-593_70,0.31715219219005664,0.29646949568975334,1.9289996542739903E-4
Class-41-591,0.4956822019969452,0.4945776825913341,0.001189517284640064
Class-31-780_6,0.11713391222644445,0.49499702418741287,8.598916347914283E-4
Class-24-596_54,0.49576484075884764,0.49398970299792394,0.0016492317093542888
Class-36-788_30,0.4958600172872427,0.4795853069103509,0.001276829657430148
