label,c1,c2,c3
pis,0.0713364343263764,0.20012400437147268,0.7285395613021509
Class-4-753_0,0.023312304456439607,0.015895078217556084,0.005231611786515353
Class-32-486,3.950557983201092E-4,0.031837437737433895,0.011993932069848839
Class-9-599_0,0.1416593262124025,0.013050153948575222,0.019640211658397685
Class-0-593_70,0.01784286497002688,0.018358273673061424,0.035843303105149604
Class-41-591,0.025033771896090892,0.9930060794429452,0.9649168643666772
Class-31-780_6,0.04134724720701271,0.023140451726745455,0.01759453229594868
Class-24-596_54,0.01808669270573969,0.018151810053780203,0.013366022457570848
Class-36-788_30,0.024758812091596454,0.9997592932941701,0.9217174692939686
