label,c1,c2,c3
pis,0.9971269670677686,0.0028655142165386325,7.518715692514372E-6
Class-4-753_0,0.0014359183535253446,0.056050734425448154,0.003842034202364847
Class-32-486,4.876004314055301E-4,0.005526755830304636,0.01603362801409155
Class-9-599_0,2.7209564586190863E-6,6.368897879517777E-6,0.0023760515535810483
Class-0-593_70,3.869647176702464E-6,0.0016940701581377245,0.02458615521298706
Class-41-591,4.593020924079747E-7,4.3284022687902586E-4,0.0013903248210275709
Class-31-780_6,0.00444590805150492,0.021129753584986952,0.009955081179173042
Class-24-596_54,3.5992274264909284E-7,0.0010429491354769242,0.007710460950433695
Class-36-788_30,3.718214207964315E-7,0.012416961291049343,0.006350775243101589
