label,c1,c2,c3
pis,0.8586061539997655,0.14132963211136942,6.421388886523672E-5
Class-4-753_0,0.004403682983018183,0.0014705991601616719,0.2270254635435165
Class-32-486,0.009259783058667722,0.007484221785508118,0.30077273904554597
Class-9-599_0,0.15735258595444357,0.9948262953665445,0.04750230836354178
Class-0-593_70,0.005712093359148088,7.600648135270426E-4,0.49132118942273595
Class-41-591,0.0010112277788636246,0.0010945301423923592,0.08441272235645185
Class-31-780_6,0.01642763041092461,2.700587083989508E-4,0.2754888611681136
Class-24-596_54,0.9825899030531344,0.9818117207476922,0.23158286333668474
Class-36-788_30,0.0016312467028002302,0.009947031906870341,0.2156551647262926
