label,c1,c2,c3
pis,0.5820168758018437,0.32500197492231936,0.09298114927583694
Class-4-753_0,5.406878113402473E-5,0.005083729434794194,0.04899984556488044
Class-32-486,7.173872483237309E-5,0.04570621058573376,0.03998980472554096
Class-9-599_0,0.004799185443959368,0.0106789102674288,0.0844412554961787
Class-0-593_70,0.007115943921517068,0.04424654991239216,0.11048482074808955
Class-41-591,0.005682951587129282,0.038385213530008414,0.10598305032011382
Class-31-780_6,0.9924015395916053,0.9373286162129573,0.023193440909134565
Class-24-596_54,0.005684981149338983,0.023115316024558307,0.022297910269975674
Class-36-788_30,0.00431317463244197,0.029762672259551908,0.044513350023321165
