label,c1,c2,c3
pis,0.04363829757795848,0.8697629258362363,0.08659877658580527
Class-4-753_0,0.21721832833661883,0.005909914408343171,0.1948523829528946
Class-32-486,0.17881708974700755,0.0014858321557802972,0.0012322029745752345
Class-9-599_0,0.9122399939805741,0.8021100220189655,0.927501122470432
Class-0-593_70,0.4308401675078009,0.03768033281433093,0.008733635138849373
Class-41-591,0.21974856862225012,0.00663228086670988,0.2107953546499041
Class-31-780_6,0.0384894280239727,0.013714464909442205,0.04881184505659321
Class-24-596_54,0.37113300388025633,0.007567600260745682,0.06806898203502568
Class-36-788_30,0.3744005224785273,0.00758102820701743,0.0769291884353614
