label,c1,c2,c3
pis,0.8058096022794533,0.08587083442554332,0.10831956329500354
Class-4-753_0,0.05882291664599787,0.11707897687827072,0.4948969932820045
Class-32-486,0.9674703331022093,0.9934041723192287,0.1938474242082407
Class-9-599_0,0.04305750991698403,0.4945585447364092,0.49387677006585257
Class-0-593_70,0.051793528064065036,0.4874413074469335,0.4540442083649886
Class-41-591,0.05828932458540761,0.4945776825913341,0.47844899613470027
Class-31-780_6,0.017332651278975823,0.10396700790899202,0.39637934659743607
Class-24-596_54,0.05603662260141949,0.3967914256176007,0.4601384175958905
Class-36-788_30,0.05765491173349057,0.4009511329791898,0.4388327221797228
