label,c1,c2,c3
pis,0.1000911001244524,0.6151460627061482,0.2847628371693992
Class-4-753_0,0.04912862838409722,0.0011624243397900323,0.03780387964553525
Class-32-486,0.08864346098771785,0.002572391373198118,0.07318842858427163
Class-9-599_0,0.0901968862891123,0.08021546539260621,0.14492671099028268
Class-0-593_70,0.40947014440658075,0.9701399056001218,0.8760686954197883
Class-41-591,0.1310094959622797,0.03686819066466054,0.04074483167313613
Class-31-780_6,0.09958009509183913,0.003849847210311039,0.02624836039726551
Class-24-596_54,0.17544976471267268,0.010819909678778354,0.028207768872636502
Class-36-788_30,0.3182564338890763,0.9965029906106506,0.6662535016047821
