label,c1,c2,c3
pis,0.005479170135349166,0.06357744932721464,0.9309433805374363
Class-4-753_0,0.411369603784096,0.37247046847623383,0.05669242345123045
Class-32-486,0.471880623094359,0.04268669748887684,0.04968621246682151
Class-9-599_0,0.4958170899220839,0.15820470328748396,0.015567537440170543
Class-0-593_70,0.495437163913302,0.06947128709216148,0.02217407825736604
Class-41-591,0.4956822019969452,0.18697279024441815,0.024249110965093926
Class-31-780_6,0.05289259852701243,0.07282258449631836,0.03900488778800133
Class-24-596_54,0.49576484075884764,0.04962679796095734,0.024609071272620436
Class-36-788_30,0.4958600172872427,0.05316785463082257,0.015744322403731557
