label,c1,c2,c3
pis,0.9617749639511941,0.030510582791245196,0.0077144532575607475
Class-4-753_0,0.9936326303132219,0.6349392329708611,0.9998878631779767
Class-32-486,0.015699495587272815,0.02697005569580571,0.042607367050528346
Class-9-599_0,4.934767523102597E-4,0.05929334879016194,0.00854581904102009
Class-0-593_70,8.681783402601863E-4,0.009886324247912762,0.006114198576886218
Class-41-591,6.29108729503052E-4,0.02600465625264743,0.006136067845357207
Class-31-780_6,0.07379860918645316,0.3553241952691144,0.005310843768982814
Class-24-596_54,6.293422366858119E-4,0.0201682245111194,0.006205766870914972
Class-36-788_30,6.452872364577264E-4,0.014840942557966393,0.006184194023342238
