label,c1,c2,c3
pis,0.19577310064498485,0.7562148320351848,0.048012067319830445
Class-4-753_0,0.029134889590864143,0.010924380663411311,0.04107288362536509
Class-32-486,7.843356870085232E-4,0.0068180086387796095,0.012651906555540104
Class-9-599_0,0.9543409396648527,0.9991028536435357,0.04502195283578274
Class-0-593_70,0.013972055366516972,2.5189104108448056E-4,0.09820498007703245
Class-41-591,0.029003088069265746,0.0018410266511237347,0.03680087830920985
Class-31-780_6,0.008471785526606709,0.00702523914260828,0.011489828356600769
Class-24-596_54,0.013092257635253512,0.009011762967499485,0.01378430757272464
Class-36-788_30,0.027817968408594303,0.009006669539127739,0.030182606231453937
