label,c1,c2,c3
pis,0.025020972929955535,0.1312544390062623,0.8437245880637823
Class-4-753_0,0.016409570830666506,0.037957237748952107,0.0018744475208246826
Class-32-486,7.077513327831685E-5,0.002481487225654956,0.004128721840542835
Class-9-599_0,0.09554052406374045,0.001693722499960735,0.003746226552802815
Class-0-593_70,0.0789814442610351,0.9710271142408388,0.8654962671328565
Class-41-591,0.012317584397247068,0.0026703149330921773,8.773105358912464E-4
Class-31-780_6,0.003978685222172354,0.026415879456051106,0.001373506063854793
Class-24-596_54,0.00848084850618424,0.007867062770234521,0.0015805902432662491
Class-36-788_30,0.011679336098110947,0.01540597187201536,0.001710661999927993
