label,c1,c2,c3
pis,0.014277987561414516,0.9654356663530346,0.020286346085550955
Class-4-753_0,0.0354569564240639,0.0044979762930220935,0.11428419214098795
Class-32-486,0.11043479629756431,0.010725202972486426,0.22314547604358503
Class-9-599_0,0.03190770712368275,1.1933315431687302E-4,0.05458140490874774
Class-0-593_70,0.8655091555585173,0.9982917068430651,0.9920205128562687
Class-41-591,0.17085251032961643,0.005928031341559535,0.024865430492293762
Class-31-780_6,0.13734080571409152,8.976634613507636E-4,0.1306747791037798
Class-24-596_54,0.3418718161706988,0.013410178114567486,0.15345295308332754
Class-36-788_30,0.2574500540375227,0.04169622813940276,0.08899613471420245
