label,c1,c2,c3
pis,0.2075226425663353,0.4068084135161831,0.38566894391748163
Class-4-753_0,0.9907012252520815,0.36881753842922005,0.9993060804625296
Class-32-486,0.08376243696467216,0.023749490218397933,0.026405284443357276
Class-9-599_0,0.013201487572304186,0.011782657027183459,0.0034393808815469133
Class-0-593_70,0.0180765173874544,0.018985895120693302,0.01667284060140941
Class-41-591,0.015113627148721345,0.03062782420173492,0.012200687146257994
Class-31-780_6,0.017293316732583962,0.047256256376035026,0.005302282092796087
Class-24-596_54,0.015118891978993099,0.010680587350709819,0.006116101991367212
Class-36-788_30,0.015333729622332596,0.01600762771347694,0.010160358423392836
