label,c1,c2,c3
pis,0.05074336389395123,0.8606654075077702,0.08859122859827848
Class-4-753_0,0.039068497029551036,0.004032602350834713,0.0727670139440297
Class-32-486,0.11213910290948656,0.0031547883831038377,0.06137625213300569
Class-9-599_0,0.16257538512818603,0.026935233011613526,0.08756811553458539
Class-0-593_70,0.4271765998117006,0.032185873125609644,0.06377802855122972
Class-41-591,0.20702553362163523,0.16350554095183012,0.2036433250586831
Class-31-780_6,0.5566809605852959,0.007914098939104308,0.03881190019490472
Class-24-596_54,0.36393596415107426,0.019631071461401795,0.037540640005942975
Class-36-788_30,0.3107691022877297,0.9978496288951941,0.8197042026815242
