label,c1,c2,c3
pis,0.01987773494298286,0.3507716059110397,0.6293506591459774
Class-4-753_0,0.14156997584242428,0.2236917633707451,0.08271639128987802
Class-32-486,0.22025069505812309,0.026831899748351807,0.04092183996774818
Class-9-599_0,0.13393045709396678,0.014170348882577273,0.006093259167555689
Class-0-593_70,0.435255520355953,0.012301199342364868,0.12131350410528706
Class-41-591,0.4956822019969452,0.9812477938348517,0.9184207506054181
Class-31-780_6,0.22370958798645024,0.04265906089245999,0.024566524996113233
Class-24-596_54,0.49576484075884764,0.0790141967752487,0.02829999774510643
Class-36-788_30,0.42269197532728114,0.047110071439517995,0.05063162716604559
