label,c1,c2,c3
pis,0.05112729480833906,0.9212141428629649,0.02765856232869598
Class-4-753_0,0.015931464572840535,0.003936319435223544,0.05404481724411447
Class-32-486,0.019348803744967037,0.001112582151604357,0.08129419521977106
Class-9-599_0,0.011861788870297292,0.0015663515708829493,0.007675274172010335
Class-0-593_70,0.20532091003285163,0.9549977026085996,0.9696837519969613
Class-41-591,0.009366471329383915,1.4903220319186967E-4,0.002456498716508662
Class-31-780_6,0.00416912178347761,0.0010201570951744933,0.029917896067356613
Class-24-596_54,0.017879048831931837,0.004122959433550555,0.030969582053420708
Class-36-788_30,0.014174478017149826,0.00584812145128773,0.019693060948227297
