label,c1,c2,c3
pis,0.2940207375052534,0.061858458070686524,0.6441208044240602
Class-4-753_0,0.02209815623674234,0.2127067142265979,0.03471470150646746
Class-32-486,5.526782727311283E-4,0.17413521482693955,0.02710411027650485
Class-9-599_0,0.03519586159472699,0.27590026668435513,0.020384108509895586
Class-0-593_70,0.006855283520153357,0.24102381769845418,0.1115966743045893
Class-41-591,0.023505866270963283,0.028856217803881416,0.04664431965142478
Class-31-780_6,0.03898020306973285,0.06706701655869965,0.05821610538411264
Class-24-596_54,0.0170171207508034,0.1706102887930241,0.05748418274316751
Class-36-788_30,0.02213043458225426,0.18568121965448248,0.08419512488497767
