label,c1,c2,c3
pis,0.026399725993125876,0.18665124325568452,0.7869490307511897
Class-4-753_0,0.4951657596661761,0.4497500708446266,0.04108185365586948
Class-32-486,0.49532062398444465,0.49449230394733484,0.06106186786134999
Class-9-599_0,0.4958170899220839,0.10669760088235683,0.04032209471145848
Class-0-593_70,0.9264345514141461,0.9993846283105702,0.9898252234261302
Class-41-591,0.4956822019969452,0.16421533856234058,0.023001199547955202
Class-31-780_6,0.4960425879576517,0.20391838945271026,0.04499933450394229
Class-24-596_54,0.49576484075884764,0.34541865877898165,0.03792930248100485
Class-36-788_30,0.4958600172872427,0.48766706292724593,0.015488825824949556
