label,c1,c2,c3
pis,0.009925297921348929,0.017120992956274155,0.972953709122377
Class-4-753_0,0.9977324953811028,0.5845927205201621,0.9981169139014481
Class-32-486,0.9971785235646089,0.26464333860409317,0.9831547324533962
Class-9-599_0,0.4073894841040026,0.1581156739578479,0.01114473808642047
Class-0-593_70,0.373537924521395,0.16904095017901946,0.0031407970984260757
Class-41-591,0.4956822019969452,0.18697279024441815,0.004125034821228896
Class-31-780_6,0.01578533121428642,0.029137769600965722,0.010806633808271566
Class-24-596_54,0.49576484075884764,0.15647526035512566,0.008174789275634552
Class-36-788_30,0.4958600172872427,0.13858370543035675,0.007876953164239309
