label,c1,c2,c3
pis,0.0016418134764033883,0.09587047802893803,0.9024877084946586
Class-4-753_0,0.015188550856478536,0.007012100273613899,0.004483721750501635
Class-32-486,1.3243176499795262E-4,0.0012401169602687802,0.0015993583966675796
Class-9-599_0,0.07304139936874762,0.013543719874509037,0.002004835460170976
Class-0-593_70,0.003463573101799501,0.00857722694221722,0.026503487788000737
Class-41-591,0.00810784945329857,0.004941560953404677,0.004640392496942223
Class-31-780_6,0.0046856004021348695,0.019745675170648704,6.7077155057727E-4
Class-24-596_54,0.005470396896774026,0.0021994009041308737,8.468590591203037E-4
Class-36-788_30,0.007395825857714688,0.0029447837491293543,0.0022309153750047018
