label,c1,c2,c3
pis,0.6235578574523476,0.3754723434131769,9.697991344753729E-4
Class-4-753_0,0.8692544160486348,0.98125591678075,0.12181210740582195
Class-32-486,0.05724936867259578,0.02562924659705872,0.17450839359544676
Class-9-599_0,0.003066041484635291,0.011104904472622938,0.1707293197263022
Class-0-593_70,0.006771518847869505,0.019748262114046546,0.09041422725958252
Class-41-591,0.005395156699599182,0.01111508278234346,0.1723706563064332
Class-31-780_6,0.0459004744800525,0.02531471210937028,0.153886835556721
Class-24-596_54,0.005397085593853848,0.011773234179300079,0.17136506434144722
Class-36-788_30,0.005493562468585152,0.012764415243700608,0.1704686472894333
