label,c1,c2,c3
pis,0.025208827329821007,0.017195417472575397,0.9575957551976035
Class-4-753_0,0.9838720761530408,0.49932954478623937,0.1507738042423984
Class-32-486,0.24114909553543276,0.2147149387000305,0.014775156375444763
Class-9-599_0,0.42707408844637657,0.4666349418719855,0.010852758457736445
Class-0-593_70,0.4956437073173451,0.4398783636014284,0.0040358851913518115
Class-41-591,0.4956822019969452,0.1932054916017026,0.009742840800770718
Class-31-780_6,0.3633794189530821,0.49499702418741287,0.005503883993536263
Class-24-596_54,0.49576484075884764,0.3349913294125434,0.0049582962366739305
Class-36-788_30,0.4958600172872427,0.21386098430920342,0.007452659318164325
