label,c1,c2,c3
pis,0.3034497112891022,0.14349387465732955,0.5530564140535682
Class-4-753_0,0.9778159776911677,0.5078252668669293,0.997171396881363
Class-32-486,0.10176752944887818,0.06007325541345408,0.04609655418469251
Class-9-599_0,3.582380218398764E-4,0.13070397253599772,0.02352363489023429
Class-0-593_70,0.02937730704182505,0.0315094644860836,0.011291076313137674
Class-41-591,0.025161122969300582,0.05574215337539811,0.014778743910121057
Class-31-780_6,0.09693224304102259,0.005743236532817754,0.011704235031790368
Class-24-596_54,0.025169727683965602,0.0889446259098291,0.013953811639878667
Class-36-788_30,0.025480358530062523,0.06810992460357015,0.015674147203813465
