label,c1,c2,c3
pis,0.9940933823763778,0.001447576321804514,0.004459041301817905
Class-4-753_0,0.0011656384586024064,0.13920362546410364,0.019434642363184092
Class-32-486,2.4742944676299115E-5,0.14258333474218174,6.14340390285079E-5
Class-9-599_0,0.9316193313342672,0.9020609952895823,0.9363019117083635
Class-0-593_70,3.382780853296058E-4,0.18963506598357552,0.0014710281370180706
Class-41-591,5.476727385553184E-4,0.015583151654470228,0.07093126173773971
Class-31-780_6,0.0012900003329555012,0.06217000507682419,0.07116464237593542
Class-24-596_54,0.005189311420527987,0.13916793507176367,0.055809673780067855
Class-36-788_30,4.276166713217951E-4,0.12053581255044733,0.10342671133770916
