label,c1,c2,c3
pis,0.45581699422319183,0.46078603145964003,0.08339697431716811
Class-4-753_0,1.5592068474504732E-4,0.007992565851431346,0.13429391280586106
Class-32-486,3.743867068651675E-4,0.04028805724078226,0.04209105005742594
Class-9-599_0,0.02155964350567296,0.018568686613864675,0.028079550154715267
Class-0-593_70,0.02839226995222591,0.022458015740555618,0.10097190083742523
Class-41-591,0.024270485561124357,0.022949020180858686,0.06534277475239157
Class-31-780_6,0.9787773938396048,0.931663434289326,0.02472889541621657
Class-24-596_54,0.024278798129297736,0.02901352755513145,0.02783874812589848
Class-36-788_30,0.020002318601839625,0.022584605679020722,0.04072926540601586
