label,c1,c2,c3
pis,0.4953618998195324,0.026825150054187823,0.47781295012627995
Class-4-753_0,0.9837618530007906,0.9239597192578702,0.9958649558827485
Class-32-486,0.06947139736930634,0.18298403499029126,0.05764657604345848
Class-9-599_0,8.100505495250524E-4,0.30770947968283546,0.022558625619715365
Class-0-593_70,0.02488537864884506,0.192303986450043,0.05125300195370737
Class-41-591,0.012522618349656935,0.16041534486181086,0.009224221184202817
Class-31-780_6,0.007943684749567328,0.07348399063290906,0.04019117517671649
Class-24-596_54,0.011787467166902247,0.18048409654131953,0.03517303430951748
Class-36-788_30,0.011653373000889242,0.21262974203419563,0.030274736636115487
