label,c1,c2,c3
pis,0.028633771867642863,0.782678048303264,0.1886881798290931
Class-4-753_0,0.0026702124944770244,0.0011027218677246136,0.07217361272518615
Class-32-486,0.006949874290030633,0.005875775345201593,0.01666286662621899
Class-9-599_0,0.19171443205655947,0.013164856096221195,0.024966730180108334
Class-0-593_70,0.18801104557034082,0.0032967150497266993,0.07108623945970349
Class-41-591,0.19785175883032588,0.02221347839055965,0.07428353371181128
Class-31-780_6,0.912941869851232,0.12109231969520427,0.0226404595565247
Class-24-596_54,0.20413475837174863,0.007952650733263523,0.028880475440716213
Class-36-788_30,0.20227891012975846,0.006322805939821186,0.044176233342370995
