label,c1,c2,c3
pis,0.7841724505722867,0.009292935182580082,0.2065346142451333
Class-4-753_0,0.0055841688218483,0.0076022505437058985,0.9983320980969812
Class-32-486,0.02686465272677054,0.06533934676578466,0.9703234433263535
Class-9-599_0,0.002911904007271378,0.04274866281889555,0.0022829398448685214
Class-0-593_70,0.003637591709339718,0.07076660210244783,4.1242462537305173E-4
Class-41-591,0.005395156699599182,0.021814672591572392,0.0010257450171481028
Class-31-780_6,0.995018461470627,0.984232679754452,3.185149332500506E-4
Class-24-596_54,0.005397085593853848,0.047190107795223375,3.8818753134925747E-4
Class-36-788_30,0.005493562468585152,0.06098583857429667,7.654076722498381E-4
