label,c1,c2,c3
pis,0.22027943664769625,0.1926457552077346,0.5870748081445691
Class-4-753_0,0.9794755419824773,0.38035740410967506,0.9967527872403984
Class-32-486,0.14435754045537305,0.07156482403889168,0.01853647292768647
Class-9-599_0,0.022669531750637812,0.05556281634508486,0.0061590172849240316
Class-0-593_70,0.02395190024538018,0.026293733727026165,0.008865187510374874
Class-41-591,0.022551494601089187,0.06897620287139203,0.0057305072874644855
Class-31-780_6,0.02363472723284503,0.05587656587283076,0.011017178237352244
Class-24-596_54,0.023283081509350247,0.03213373176369316,0.01002268504900357
Class-36-788_30,0.02326555086522779,0.027274784259825754,0.011549961720211378
