label,c1,c2,c3
pis,0.10043781372365118,0.09814715310699229,0.8014150331693566
Class-4-753_0,0.3523494130882485,0.49590947984291606,0.10674631290256767
Class-32-486,0.45722035023791324,0.21345495981406382,0.07070793389887899
Class-9-599_0,0.4958170899220839,0.054336214595044285,0.035337907301462385
Class-0-593_70,0.4956437073173451,0.0607089720662424,0.062154135582736976
Class-41-591,0.4956822019969452,0.07203212213859848,0.03796917071280344
Class-31-780_6,0.9940486919707323,0.19089035022626305,0.8449962014044955
Class-24-596_54,0.49576484075884764,0.07801941703679471,0.04283948373988234
Class-36-788_30,0.4958600172872427,0.060690271022406456,0.05302715051056985
