label,c1,c2,c3
pis,0.09252502695570586,0.011771051092000157,0.8957039219522941
Class-4-753_0,0.9996587058245587,0.5743998340968601,0.9999831077725593
Class-32-486,0.05847280587404113,0.0487770861072827,0.019284109463551434
Class-9-599_0,0.04147880906598283,0.14022097513095327,5.455624976607613E-4
Class-0-593_70,0.018935588958822122,0.13726049477838503,0.003592539815653707
Class-41-591,0.004102203880240535,0.03596463834423379,1.26531420239156E-4
Class-31-780_6,0.0029392057682383174,0.07181248762996802,0.0028447401932347816
Class-24-596_54,0.003316706497344706,0.07300039020864647,0.0015923424078060585
Class-36-788_30,0.003330282839396602,0.11030042048530922,0.001291783541115643
