label,c1,c2,c3
pis,0.060659487587588046,0.07364370221639038,0.8656968101960216
Class-4-753_0,0.9685008103080871,0.4866485344022117,0.9432839097132316
Class-32-486,0.14198528646320754,0.03820985236485103,0.009360340700189231
Class-9-599_0,0.029965897301196618,0.036756428624149046,0.0020275171279839454
Class-0-593_70,0.047401879947134115,0.006346895549138697,0.0010216698922657639
Class-41-591,0.0416059797257666,0.05757986123777236,0.0011996137830227595
Class-31-780_6,0.011590047194927134,0.022827559931881448,0.002841042535391459
Class-24-596_54,0.0416198532651476,0.03757413652558421,0.0025376109244395384
Class-36-788_30,0.04205443863311607,0.02740671292354593,0.0018019010386111226
