label,c1,c2,c3
pis,0.03137546700461935,0.011083084541266967,0.9575414484541136
Class-4-753_0,0.9872653354752866,0.8597693232326566,0.9890533501335274
Class-32-486,0.9843723088519336,0.012173596418781263,0.8943524561074898
Class-9-599_0,0.0775393238737802,0.15507888203398087,0.0010953292297136302
Class-0-593_70,0.059317238432557526,0.04563478820995102,0.0014100354096426837
Class-41-591,0.041258807249317256,0.027281647819575133,5.115385358927558E-4
Class-31-780_6,0.0030350055267987764,0.07129475854871192,3.1857800887034855E-4
Class-24-596_54,0.03670227611717535,0.04772393127886987,5.77289371733749E-4
Class-36-788_30,0.036790951629196864,0.04187821245388712,5.78654003643066E-4
