label,c1,c2,c3
pis,0.276261257000867,0.33606711182758026,0.3876716311715527
Class-4-753_0,1.1587014597283382E-4,0.01197608150145199,0.12284385120234055
Class-32-486,5.542353598513922E-4,0.2154748433461288,0.0833466610982084
Class-9-599_0,0.060661858421850436,0.10763784987563384,0.058422995311421644
Class-0-593_70,0.10487428429296464,0.11721200466178536,0.1338401797882246
Class-41-591,0.10937895188802514,0.05990466365753393,0.10681948948760615
Class-31-780_6,0.9962057590062365,0.09551788929709758,0.08544077571940291
Class-24-596_54,0.10941228276706466,0.17574388483469547,0.08875353357310718
Class-36-788_30,0.11013096375340647,0.1728196619123238,0.10035593265422697
