label,c1,c2,c3
pis,0.29854527275367704,0.6284736829300693,0.07298104431625368
Class-4-753_0,0.006823909908483819,0.005674010523311988,0.013310757807947073
Class-32-486,0.016991648171931783,0.00589317405498774,0.03204275350602273
Class-9-599_0,0.012674950451628792,0.018777371364919197,0.04316230297229906
Class-0-593_70,0.5894789601347628,0.9999995537948917,0.9999104024303823
Class-41-591,0.004110041824539862,0.0028462525685989544,5.242963729406272E-4
Class-31-780_6,0.005433450792079574,0.0013401619919367188,0.03440584086308651
Class-24-596_54,0.008852247372887896,0.008310406882775524,0.026389828592578653
Class-36-788_30,0.005941483769820424,0.010113610817791963,0.019197412060428472
