label,c1,c2,c3
pis,0.00998291299435723,0.9179408307766695,0.07207625622897326
Class-4-753_0,0.2756191067815704,0.006290110446209622,0.10341644844461274
Class-32-486,0.2616545132742219,0.01130072194153204,0.0731967359596146
Class-9-599_0,0.23794436646661385,0.010015112117937689,0.07882938576974745
Class-0-593_70,0.44706046531230303,0.04562626935884419,0.18585100660460713
Class-41-591,0.2779472188019109,0.9973484304897977,0.9945125322107317
Class-31-780_6,0.24808265096345125,0.01847559424934348,0.07723886057157936
Class-24-596_54,0.40137127636840464,0.012370464035479544,0.07929007361680267
Class-36-788_30,0.40391514315398136,0.012061731318486847,0.18776488687077802
