label,c1,c2,c3
pis,0.20261410003225128,0.6425120379909858,0.15487386197676287
Class-4-753_0,0.22616114439049373,0.06613819387279839,0.10939148365694139
Class-32-486,0.19410476182522868,0.052532298194205226,0.17400852312511852
Class-9-599_0,0.14198594861492145,0.01551851559284561,0.06270945465124218
Class-0-593_70,0.15423242109313556,0.02409143207550188,0.16974111915663975
Class-41-591,0.0859880485673562,0.04340068709256236,0.06907426936801864
Class-31-780_6,0.03621066807052248,0.004076618250738721,0.14936147758799442
Class-24-596_54,0.07908255594098151,0.04203303299338324,0.13744614380308331
Class-36-788_30,0.06262560793412815,0.03876223721112406,0.12903478183088748
