label,c1,c2,c3
pis,0.13146671871104249,0.3879782441696192,0.4805550371193384
Class-4-753_0,0.05359866016049097,0.05127299941250673,0.059568596738098153
Class-32-486,0.002113866348769484,0.01800798887327541,0.016450713204586305
Class-9-599_0,0.07400961948829585,0.0771204137524886,0.021681404132994124
Class-0-593_70,0.02902817980370461,0.045509987909065075,0.10259158834044471
Class-41-591,0.04418348820477671,0.021184103878698495,0.05419474267154906
Class-31-780_6,0.01522954007526556,0.061317673734397504,0.01715986675878223
Class-24-596_54,0.034287618370257913,0.026590842923623417,0.016690274855881114
Class-36-788_30,0.042627281060733144,0.024015790838495872,0.03827563564705808
