label,c1,c2,c3
pis,0.7271289690347182,0.04479385407355185,0.22807717689172988
Class-4-753_0,0.09330984256226785,0.335761843584148,7.615956176072603E-4
Class-32-486,0.05820168822195151,0.3334705941453907,0.03994765282167369
Class-9-599_0,0.00935948166326869,0.028149559479805544,0.027944601915282603
Class-0-593_70,0.011602638471963408,0.07921117594123063,0.025121369907174042
Class-41-591,0.010776858359417218,0.08721212748309744,0.0463123887131193
Class-31-780_6,0.13951879087070163,0.03980280652866376,0.0924390511322896
Class-24-596_54,0.011202244068734053,0.09391656234982466,0.06899462411865148
Class-36-788_30,0.011191155622097895,0.1244886022870524,0.04699176207162568
