label,c1,c2,c3
pis,0.8071169870036233,0.04136785926040353,0.15151515373597324
Class-4-753_0,0.9725110803930211,0.4639556568803173,0.9949790191243101
Class-32-486,0.004971632232518086,0.05699342885352426,0.012349575176475395
Class-9-599_0,0.012353989876414503,0.10570245750127674,0.00839768773281116
Class-0-593_70,0.0180765173874544,0.04244147063504384,0.004410504594423447
Class-41-591,0.010538831041371781,0.09349433938042692,0.01671777643614743
Class-31-780_6,0.017934617911972775,0.08284086920159749,0.005047623734928429
Class-24-596_54,0.009800523941493573,0.051235320007705344,0.005859400494302606
Class-36-788_30,0.011531319488313348,0.03228893926672518,0.01088237729980887
