label,c1,c2,c3
pis,0.002429116452192811,0.962951884650019,0.034618998897788265
Class-4-753_0,0.4951657596661761,0.020383590345853048,0.14470445652417982
Class-32-486,0.4494193370915333,0.0019713051768435767,0.04019822270562471
Class-9-599_0,0.4958170899220839,0.022543565362318146,0.01883746309007742
Class-0-593_70,0.49538552830287064,0.0022534846919958326,0.04690956227471625
Class-41-591,0.4956822019969452,0.003970511944267021,0.02831714022766846
Class-31-780_6,0.04970106851946185,0.007432221987167407,0.0820787193294248
Class-24-596_54,0.49576484075884764,0.0026154086266993444,0.015317916146906892
Class-36-788_30,0.4958600172872427,9.033374722647004E-4,0.01847530993979564
