label,c1,c2,c3
pis,0.14419631715983738,0.015013432237102992,0.8407902506030597
Class-4-753_0,0.5887737617970926,0.009273411350698564,0.9997959859492495
Class-32-486,0.36944378452053006,0.0733412328341464,0.9993427251274154
Class-9-599_0,0.00799846308418873,0.004594645446289569,0.0013538767995621185
Class-0-593_70,0.009007267298599532,0.047534962138626645,0.002272544397590173
Class-41-591,0.015113627148721345,0.02994336834336275,0.004279110116929401
Class-31-780_6,0.970709362503136,0.9555286451630562,0.0022553185642234254
Class-24-596_54,0.015118891978993099,0.02047859494453594,0.003293973443494364
Class-36-788_30,0.015333729622332596,0.02422485411435968,0.0034504165313623196
