label,c1,c2,c3
pis,0.5389635536526206,0.4335127301962806,0.02752371615109885
Class-4-753_0,0.029134889590864143,0.010924380663411311,0.04984620224237313
Class-32-486,7.843356870085232E-4,0.09178997114316105,0.05155468375003529
Class-9-599_0,0.9543409396648527,0.999231141463398,0.139269033727056
Class-0-593_70,0.013983442903783618,7.226612276401655E-4,0.20359831706477396
Class-41-591,0.029003088069265746,0.003128817160706595,0.11007371045165613
Class-31-780_6,0.028223346318770794,0.011089199967834472,0.11305927380885494
Class-24-596_54,0.013092257635253512,0.040336231832564566,0.09384678558311321
Class-36-788_30,0.027817968408594303,0.03238709998678443,0.15027026023027729
