label,c1,c2,c3
pis,0.006089499986242402,0.9787283657667658,0.015182134246991705
Class-4-753_0,0.010574138555321428,2.5453320700401146E-4,0.015717616340589005
Class-32-486,0.025126641965847244,2.212563293293333E-4,0.015683636969651967
Class-9-599_0,0.03013885688600787,5.9488142660672436E-5,0.0075575378901550395
Class-0-593_70,0.09075450281074426,0.00976347939770785,0.0571111344425049
Class-41-591,0.013369500863647143,0.9907597928802686,0.9684864983536619
Class-31-780_6,0.01507140623024239,6.702827745556478E-4,0.0092113431205907
Class-24-596_54,0.029517465092413254,6.803380184118277E-4,0.0073028313264997995
Class-36-788_30,0.022556407350905115,0.0013012261805669164,0.019952087216776875
