label,c1,c2,c3
pis,0.316612500096999,0.557265074787009,0.12612242511599203
Class-4-753_0,0.004859659360677549,0.007620168957635094,0.02686846392762575
Class-32-486,0.012378362607626328,0.009576553360656458,0.02332331278400361
Class-9-599_0,0.0334314556782887,0.013572523529029906,0.003199020048160796
Class-0-593_70,0.08583996907619662,0.962963939597759,0.8760686954197883
Class-41-591,0.005618805097577328,0.003079400871671418,0.009782993906873493
Class-31-780_6,0.006708382195160066,0.012225737897132891,0.015851018447219554
Class-24-596_54,0.041710143498332596,0.013535072733226605,0.012283068039561846
Class-36-788_30,0.006244884409717515,0.021140689218640145,0.016517926644493346
