label,c1,c2,c3
pis,0.6474325051480698,0.3468167196249066,0.005750775227023594
Class-4-753_0,0.00594475334937905,0.013023824855129653,0.04107288362536509
Class-32-486,0.003159227395090166,0.0068180086387796095,0.012651906555540104
Class-9-599_0,0.9543409396648527,0.9991028536435357,0.04502195283578274
Class-0-593_70,0.007390842791947471,2.2667211932519442E-4,0.09820498007703245
Class-41-591,0.0024459269989969747,9.265109357487348E-4,0.03680087830920985
Class-31-780_6,8.49904612216279E-4,0.0057430615954939465,0.011489828356600769
Class-24-596_54,0.009833652291890066,0.009011762967499485,0.01378430757272464
Class-36-788_30,0.002007618204448096,0.007455945695730376,0.030182606231453937
