label,c1,c2,c3
pis,0.005212291378629427,0.005338835099951957,0.9894488735214185
Class-4-753_0,0.11470800298667999,0.027935971600019188,0.9963196607262174
Class-32-486,0.37803141019440506,0.021157705539436293,0.9524967845959009
Class-9-599_0,0.4073894841040026,0.25242110182658567,0.0023925380795817965
Class-0-593_70,0.37334459865585695,0.1358228085151734,0.001387409559300182
Class-41-591,0.4956822019969452,0.1790041650763954,0.002311228617916898
Class-31-780_6,0.9234052508447554,0.9449334689252074,6.614492197176726E-4
Class-24-596_54,0.49576484075884764,0.07405746470381767,0.0010213262071831466
Class-36-788_30,0.4958600172872427,0.08690425926762535,8.842095246798089E-4
