label,c1,c2,c3
pis,0.038477678738599204,0.9028727428977585,0.05864957836364209
Class-4-753_0,0.02502328271044333,0.005946204704693122,0.030187703414003456
Class-32-486,0.03193240594213129,0.004268813712448097,0.007143115546140484
Class-9-599_0,0.9737710939535499,0.9735177428702835,0.03738556526063711
Class-0-593_70,0.1197215628574424,4.1992525398547466E-4,0.06928419272824206
Class-41-591,0.10283483433230121,0.01527565045243626,0.16362362784254011
Class-31-780_6,0.008987940907034683,0.010199092693348864,0.005090528050717886
Class-24-596_54,0.2639875397857673,0.005982995875508435,0.005930649384560242
Class-36-788_30,0.09758120002569087,0.008583188459790987,0.020516374184518987
