label,c1,c2,c3
pis,0.34734518153329663,0.48160368266819703,0.17105113579850625
Class-4-753_0,0.006000370196024086,0.004718723661346737,0.021983268174671527
Class-32-486,0.024409091386465832,0.0064427320995940575,1.9089483718824846E-4
Class-9-599_0,0.3134770104792227,0.2586425250316015,0.29820305395668545
Class-0-593_70,0.27980239850723027,0.9980582511449873,0.44254369523585
Class-41-591,0.004110041824539862,0.001040632070814627,0.0019870496077673866
Class-31-780_6,0.09730466032935112,2.592709811853765E-4,0.04418378630987159
Class-24-596_54,0.008852247372887896,0.006726101829424247,0.040049622496556025
Class-36-788_30,0.009029721761703292,0.01373119318364094,0.01963753189529152
