label,c1,c2,c3
pis,0.022806141485971928,0.7704859324360913,0.2067079260779368
Class-4-753_0,0.034581233498911776,0.013360085731509486,0.049104433373929814
Class-32-486,0.1647926398516158,0.005063864499198621,0.026709093374089613
Class-9-599_0,0.21733195017714074,0.06482130576055287,0.03579461087272213
Class-0-593_70,0.4469072871733544,0.032804687258416926,0.056953856063918305
Class-41-591,0.2779472188019109,0.9759591946707349,0.9518233587472084
Class-31-780_6,0.11644734685461001,0.011888120486354648,0.012563625169103088
Class-24-596_54,0.40137127636840464,0.024386671520174184,0.01278131030314704
Class-36-788_30,0.40391514315398136,0.004962314318468334,0.029235708113703244
