label,c1,c2,c3
pis,0.8705185574934922,0.01901897305179884,0.11046246945470908
Class-4-753_0,0.005096158476839257,0.12047236275555186,0.04083319707209164
Class-32-486,0.0499000458077617,0.03477385354397628,0.19995629567078047
Class-9-599_0,0.8190587095763568,0.6494120527217434,0.48059460320575814
Class-0-593_70,0.004659090565577599,0.6242912073114818,0.015259272700614607
Class-41-591,0.005159817723637156,0.019490326935467452,0.06526953480309478
Class-31-780_6,7.603935806546046E-4,0.053931713300150654,0.014869613112196993
Class-24-596_54,0.02288579178001477,0.06772013220108478,0.021889747758142
Class-36-788_30,0.0041793843891389125,0.04375585671836921,0.03134450538889747
