label,c1,c2,c3
pis,0.8419164845090035,0.031021316708542152,0.12706219878245445
Class-4-753_0,0.9966217022852139,0.5852083047338704,0.9998858125073941
Class-32-486,0.9044918508091281,0.06827744718973777,0.9744322335506408
Class-9-599_0,0.003512951672334418,0.08971136165202362,0.009172428365409198
Class-0-593_70,0.0046041306272291025,0.037960703645051566,0.004942813605835666
Class-41-591,0.005682951587129282,0.05133193634134278,0.009169488653682488
Class-31-780_6,0.04387233514643294,0.2730867450889151,0.004628295748000932
Class-24-596_54,0.005684981149338983,0.06148512226942488,0.007247803593944214
Class-36-788_30,0.0057855664455585595,0.05000932549980091,0.004092776839336897
