label,c1,c2,c3
pis,0.014856774863363191,0.055246827077316374,0.9298963980593205
Class-4-753_0,0.9430496775320247,0.1402734254939833,0.962611957493806
Class-32-486,0.13129645899400932,0.01739154985946471,0.00976636668202513
Class-9-599_0,0.008454547247758957,0.20576443176502257,0.007490948609751945
Class-0-593_70,0.18801104557034082,0.08327788521706124,0.0019469561767880708
Class-41-591,0.19785175883032588,0.3620671972791822,0.02093941675384964
Class-31-780_6,0.1270590691499274,0.3723937940136644,0.002850653921739057
Class-24-596_54,0.20413475837174863,0.05748163129325799,0.003579611329269057
Class-36-788_30,0.20227891012975846,0.07138554196853313,0.0053882749338921435
