label,c1,c2,c3
pis,0.9779713084637928,0.0028808763520574462,0.019147815184149628
Class-4-753_0,0.9966829227168437,0.7432154809874845,0.9999129691081904
Class-32-486,0.9896113623409013,0.36406803806127325,0.9993025422842602
Class-9-599_0,0.002911904007271378,0.13535739490866777,0.04031606744619088
Class-0-593_70,0.003637591709339718,0.19152113873625048,0.00781060271051564
Class-41-591,0.005395156699599182,0.12715592111427956,0.020491616526426427
Class-31-780_6,0.06700220003450806,0.49499702418741287,0.01470692331342916
Class-24-596_54,0.005397085593853848,0.1978404140097893,0.022087346776324766
Class-36-788_30,0.005493562468585152,0.21908803033431073,0.018040855626940053
