label,c1,c2,c3
pis,0.7870488999625653,0.029981109208485734,0.182969990828949
Class-4-753_0,0.029548571667176223,0.200754916986106,0.003842034202364847
Class-32-486,0.04018452544728347,0.054311524490457515,0.01603362801409155
Class-9-599_0,0.014489782871467285,0.12359903235169709,0.0023760515535810483
Class-0-593_70,0.01088906183265213,0.1093785086811365,0.02458615521298706
Class-41-591,0.0018806760604032553,0.022858866451925454,0.0013903248210275709
Class-31-780_6,0.00444590805150492,0.051080898140483846,0.009955081179173042
Class-24-596_54,0.0014742854611834112,0.052098052263790176,0.007710460950433695
Class-36-788_30,0.0014811166656774405,0.08452727246728778,0.006350775243101589
