label,c1,c2,c3
pis,0.3954088252232691,0.5151310560805481,0.08946011869618287
Class-4-753_0,0.002716363209978394,0.003614575555253325,0.010256667107830996
Class-32-486,1.9532168551228377E-4,0.006422660967655941,0.02385316644150989
Class-9-599_0,0.010791202126397056,0.0011855007822627564,0.029776864117537143
Class-0-593_70,0.07552588498877413,0.9893023582279996,0.9249619148779303
Class-41-591,0.008486284154769272,0.0017588832507425,0.006828604425521872
Class-31-780_6,0.011262248228590654,0.0015095690899827466,0.027733203332645378
Class-24-596_54,0.013087179222006248,0.012251445554098255,0.026226705942716307
Class-36-788_30,0.012272763005944308,0.020378729438228226,0.027267643049264368
