label,c1,c2,c3
pis,0.011796955144663647,0.12097420259812362,0.8672288422572128
Class-4-753_0,0.30023869007943094,0.09978876378874535,0.015218622555026907
Class-32-486,0.14957651167328123,0.14092776734030987,0.018890082185578323
Class-9-599_0,0.4832216242664481,0.06357905049405424,0.07886107921638397
Class-0-593_70,0.8898886778316777,0.9980210771806919,0.16345129897190078
Class-41-591,0.42772359087727446,0.9438668214972848,0.8640612829093618
Class-31-780_6,0.3073492509117283,0.20731495042387305,0.023684784881542107
Class-24-596_54,0.4143255453958483,0.10327468982372676,0.02589299613880032
Class-36-788_30,0.44196472822424376,0.04157659546623496,0.0417489899873684
