label,c1,c2,c3
pis,0.6370583876634182,0.12268453636467103,0.2402570759719107
Class-4-753_0,0.03733588681590175,0.13418372623558675,0.00707323730258008
Class-32-486,0.019575631264894526,0.1737485775747687,0.04339604725241357
Class-9-599_0,0.03898013494681868,0.10079513818642698,0.21326800106209245
Class-0-593_70,0.416701933479837,0.9864880716258988,0.8996005602383375
Class-41-591,0.053030622932198034,0.9762048217100511,0.8735582301742868
Class-31-780_6,0.06742832150272167,0.15191636421702856,0.019869162223937007
Class-24-596_54,0.9996163027194456,0.9997045470878949,0.025446704326252814
Class-36-788_30,0.04925015952558498,0.0831780518015065,0.037599889017329184
