label,c1,c2,c3
pis,0.6495350188998592,0.11298683765240707,0.2374781434477337
Class-4-753_0,0.8778174269515958,0.44541039157374696,0.954052592987783
Class-32-486,0.10776168935851653,0.031081346390093682,0.027060717436465917
Class-9-599_0,0.008119135072648798,0.04927842284514904,0.009146099145237917
Class-0-593_70,0.00599333369956685,0.01397245680760447,0.021896810420099916
Class-41-591,0.0032545306838850092,0.045397555186288574,0.004352505636804964
Class-31-780_6,0.004724833461958475,0.02081200737239203,0.016288986777921514
Class-24-596_54,0.003116000646122007,0.02644949822851775,0.011636089893918755
Class-36-788_30,0.0031177302048902965,0.033910242805813236,0.0114584440291989
