label,c1,c2,c3
pis,0.07620324316491925,0.7019669863695236,0.22182977046555732
Class-4-753_0,0.05084936851387353,0.028309457329731034,0.057724115616316296
Class-32-486,0.10687241332192816,0.025144283517184472,0.003562587532409669
Class-9-599_0,0.761747226947522,0.04614077220567184,0.3676040786268336
Class-0-593_70,0.207230285058701,0.07032748016888792,0.023910112852528427
Class-41-591,0.130995822419324,0.949946492091789,0.8331382156145953
Class-31-780_6,0.12044922420821039,0.03569337508237086,0.06228782183213348
Class-24-596_54,0.3846257974156347,0.03965462263382866,0.057802624713854917
Class-36-788_30,0.1690408678231491,0.08804591409762877,0.11425638264020976
