label,c1,c2,c3
pis,0.014120142743337664,0.02790775252213276,0.9579721047345298
Class-4-753_0,0.995148178318392,0.3664504086781765,0.9982750852468558
Class-32-486,0.9933261460494834,0.047777505631054915,0.9671484343229474
Class-9-599_0,0.41823740639727586,0.2006999380325436,0.011333911040666708
Class-0-593_70,0.3880927744040742,0.11508181117741396,0.015606521450084392
Class-41-591,0.4956822019969452,0.4171675156993215,0.022628708609253523
Class-31-780_6,0.024012411363909986,0.1555899955768997,0.005525433201749295
Class-24-596_54,0.49576484075884764,0.07097418024096898,0.008581548050259711
Class-36-788_30,0.4958600172872427,0.06195496643913787,0.010879347131030991
