label,c1,c2,c3
pis,0.0022588941514892834,0.0022570585729685144,0.9954840472755425
Class-4-753_0,0.4951657596661761,0.49590947984291606,0.0150322591610178
Class-32-486,0.49532062398444465,0.49449230394733484,0.031833512435012215
Class-9-599_0,0.4958170899220839,0.4945585447364092,0.06008560498150676
Class-0-593_70,0.4956437073173451,0.4934697861023262,0.011428114208502657
Class-41-591,0.4956822019969452,0.4945776825913341,0.022416884075965034
Class-31-780_6,0.4960425879576517,0.49499702418741287,0.023913482722281554
Class-24-596_54,0.49576484075884764,0.49398970299792394,0.03416497085317811
Class-36-788_30,0.4958600172872427,0.4937891831282697,0.03324882611470017
