label,c1,c2,c3
pis,0.014903840722133594,0.02596342208937015,0.9591327371884961
Class-4-753_0,0.9962350436427997,0.42745371243055336,0.9964411286446633
Class-32-486,0.12022447308708957,0.003205688933057448,0.004297562417308655
Class-9-599_0,0.06638476213910992,0.061751159622829135,2.0941986172307047E-4
Class-0-593_70,0.05594991926652361,0.011929152976652115,6.24567286862256E-4
Class-41-591,0.019305370515847024,0.05267283907015353,1.0626174774639398E-4
Class-31-780_6,0.001747931998849694,0.01600048353760188,3.0566076100720937E-4
Class-24-596_54,0.016623586130462636,0.023299072946039192,3.0441238366492226E-4
Class-36-788_30,0.016673294885053615,0.041971616042660975,2.68378837080745E-4
