label,c1,c2,c3
pis,0.055372964383774995,0.015042123670782231,0.9295849119454428
Class-4-753_0,0.06763310299812056,0.2610964142661936,0.00496678143214667
Class-32-486,0.08435274742886135,0.10448172124556067,0.012689233503674156
Class-9-599_0,0.04035028810733807,0.1862554440352988,0.0013943604049391585
Class-0-593_70,0.03273137382503612,0.1708862242510357,0.0078032380647785424
Class-41-591,0.008924423695750363,0.05615259817749689,0.0010839262702854225
Class-31-780_6,0.01691584470532053,0.10007082826352137,0.005826184018150996
Class-24-596_54,0.007444443217867932,0.10139195382196295,0.006811067860748985
Class-36-788_30,0.007470849673561879,0.1427070344343834,0.0052857940602023526
