label,c1,c2,c3
pis,0.2774051267999174,0.6741519180204287,0.04844295517965384
Class-4-753_0,0.0393019383759352,0.00961052967093172,0.2545316434712147
Class-32-486,0.06996177034435987,0.014647673744653379,0.14705955502931822
Class-9-599_0,0.012832237402636726,0.03904400532254862,0.05930440348554687
Class-0-593_70,0.09884173097039925,0.07686821275614271,0.4945578278170471
Class-41-591,0.020870567562854117,0.021323949532529113,0.09225615684948149
Class-31-780_6,0.025294171083706653,0.006780725216946694,0.17687140121528427
Class-24-596_54,0.02926500186176067,0.017106021208229114,0.14365536280499533
Class-36-788_30,0.035788565329387005,0.02254726872773401,0.18200288621493887
