label,c1,c2,c3
pis,0.9377330106602941,0.057145894807775356,0.005121094531930521
Class-4-753_0,0.007332011995183516,0.003921861760030166,0.011993599729893582
Class-32-486,2.769266082515639E-5,0.03146395523694337,0.016530045530087138
Class-9-599_0,0.0019421102699342676,0.20939165563493312,0.06483313623934497
Class-0-593_70,0.0017007462760673143,7.882604272785681E-5,0.11557201256441624
Class-41-591,0.005180057148959892,0.011080959712862099,0.04383595453468688
Class-31-780_6,0.010787989218452688,0.003101450939245141,0.04402370857275017
Class-24-596_54,0.001104047829446688,0.008645972372966156,0.032634192713339234
Class-36-788_30,0.004856778970705204,0.08593926994551533,0.06998299466383562
