label,c1,c2,c3
pis,0.09077161345366697,0.2762048194353602,0.6330235671109727
Class-4-753_0,9.955608480869278E-6,0.0019580279174493307,0.08439125114660251
Class-32-486,1.2082941855358231E-4,0.1539041966105913,0.04539458433523571
Class-9-599_0,0.4958170899220839,0.40307376120464505,0.07477168911070707
Class-0-593_70,0.4956437073173451,0.23762814938316099,0.06711228024477404
Class-41-591,0.4956822019969452,0.06157426728952443,0.05313915295091292
Class-31-780_6,0.9996235655622446,0.9908029140603504,0.04306150435869493
Class-24-596_54,0.49576484075884764,0.1982337527018554,0.03644669329971933
Class-36-788_30,0.4958600172872427,0.18659047547725316,0.07139285260601436
