label,c1,c2,c3
pis,0.898323982474059,0.05082411436063853,0.05085190316530245
Class-4-753_0,0.004467167854880615,0.13374605421519775,0.04107288362536509
Class-32-486,1.774331418501655E-4,0.021985647158589566,0.02203967400463023
Class-9-599_0,0.03644473299284769,0.26382812651643534,0.04502195283578274
Class-0-593_70,0.0016631877835823004,0.04269826609147036,0.09820498007703245
Class-41-591,0.0024459269989969747,0.017169377525108855,0.04570466667568736
Class-31-780_6,0.001430709326988637,0.06688692764383422,0.021129458124025762
Class-24-596_54,0.011777863334297565,0.04772393127886987,0.02150983862941628
Class-36-788_30,0.002007618204448096,0.028707607229707312,0.0370363979063094
