label,c1,c2,c3
pis,0.01303140617470876,0.77119987778412,0.21576871604117112
Class-4-753_0,0.7661972610038775,0.7312333251623739,0.13541705617882155
Class-32-486,0.5641857273576573,0.03673213363271598,0.10055208522089694
Class-9-599_0,0.35294419542092725,0.010069167698073674,0.042962617861770996
Class-0-593_70,0.46541248180922434,0.05783031733852835,0.1618186830911462
Class-41-591,0.4956822019969452,0.06985375682115152,0.15348652076472125
Class-31-780_6,0.36370211684236764,0.06950285829380548,0.09907103154377517
Class-24-596_54,0.49576484075884764,0.034624049741168936,0.08708942378804435
Class-36-788_30,0.4958600172872427,0.06016963904907603,0.08089827031793048
