label,c1,c2,c3
pis,0.6776326038770192,0.18090882428818922,0.14145857183479152
Class-4-753_0,5.633245292409676E-5,0.005369647455257454,0.062132808239446655
Class-32-486,0.05358128337084562,0.023466787053470235,0.9823749189719642
Class-9-599_0,0.009265286528881339,0.046946026214483794,0.027904802714347882
Class-0-593_70,0.011046400773649327,0.019723935418008404,0.0330248361005068
Class-41-591,0.015113627148721345,0.014765332663288461,0.04655189574230428
Class-31-780_6,0.9742607353600735,0.9008879703815835,0.007181725750751353
Class-24-596_54,0.015118891978993099,0.025916569151666995,0.012199233399781809
Class-36-788_30,0.015333729622332596,0.018489633547930838,0.010870663119221864
