label,c1,c2,c3
pis,0.9902725642506494,9.096274319029152E-4,0.008817808317447806
Class-4-753_0,0.9977283571010002,0.7822064252342736,0.9999866379021382
Class-32-486,0.9958133652004529,0.33964095542559963,0.9998375876818478
Class-9-599_0,9.11149357480233E-4,0.0978871921064311,0.021904271994082593
Class-0-593_70,0.0037639536031286534,0.977989316582922,0.05453141404349831
Class-41-591,0.0019137814658090947,0.09052236057663009,0.009603751516046193
Class-31-780_6,0.007639923710415009,0.10396700790899202,0.0064268241438858575
Class-24-596_54,0.0016988264654191822,0.11206517336326391,0.010522533322855307
Class-36-788_30,0.0018305162472051777,0.13046236779445983,0.00823099488178776
