label,c1,c2,c3
pis,0.08431877536808635,0.32016910063811066,0.5955121239938029
Class-4-753_0,0.011200965373970759,0.017892503334650974,0.012791481619455454
Class-32-486,0.055720113115785196,0.010519998066062906,0.022316295040064726
Class-9-599_0,0.06786762400710908,0.03399949918457592,0.028287257988363092
Class-0-593_70,0.5523368449827392,0.9996014484965189,0.9894495525163944
Class-41-591,0.03553584662078388,0.5375639191979575,0.0844759818586999
Class-31-780_6,0.04179954865815105,0.012271935700047332,0.00890409148598647
Class-24-596_54,0.0553210452631613,0.031082028861667433,0.00803399675904117
Class-36-788_30,0.04400176118039079,0.022608338067339123,0.011718168239540704
