label,c1,c2,c3
pis,0.7815467781192663,0.006392936456623636,0.21206028542411
Class-4-753_0,0.020322054239625603,0.2610964142661936,0.015164296283714757
Class-32-486,0.9984140073258166,0.10448172124556067,0.9995780565614846
Class-9-599_0,0.0190655341002575,0.1472563728016223,0.010601771883010912
Class-0-593_70,0.015741208825564155,0.1708862242510357,0.022974620050173544
Class-41-591,0.008924423695750363,0.05615259817749689,0.007116246255538499
Class-31-780_6,0.005867967578436364,0.10007082826352137,0.007496644986029088
Class-24-596_54,0.007444443217867932,0.08436688805015004,0.011759106258456633
Class-36-788_30,0.007470849673561879,0.08554462572220028,0.008286830601380097
