label,c1,c2,c3
pis,0.13878526100800706,0.8558730625446416,0.005341676447351428
Class-4-753_0,0.0014651568382314005,0.7890432584574419,0.15553796749074675
Class-32-486,1.8216170340265483E-4,0.01623212955986801,0.10338442220779903
Class-9-599_0,0.006770862092089897,0.010966409037538585,0.14356718203257854
Class-0-593_70,0.018091188776249413,0.017754347082077248,0.1338401797882246
Class-41-591,0.015113627148721345,0.006081663249584998,0.11474004195785914
Class-31-780_6,0.9962057590062365,0.04972609958692502,0.09977523808611807
Class-24-596_54,0.015118891978993099,0.01397022785725013,0.08925986038141163
Class-36-788_30,0.015333729622332596,0.013980957690635966,0.13931742171869013
