label,c1,c2,c3
pis,0.07384687167012709,0.19142620973522273,0.7347269185946502
Class-4-753_0,0.4951657596661761,0.5512683145538259,0.09388741870672529
Class-32-486,0.38235632092463806,0.3888262965725494,0.0406157304143523
Class-9-599_0,0.4832216242664481,0.10861860594293617,0.04049736451684957
Class-0-593_70,0.4956437073173451,0.21695615598540455,0.1832733972879266
Class-41-591,0.4956822019969452,0.9994615332632726,0.9942448049509123
Class-31-780_6,0.4623085251007031,0.24846260968747183,0.12513696867602425
Class-24-596_54,0.49576484075884764,0.4096954114290609,0.12300768946098513
Class-36-788_30,0.4958600172872427,0.2858483936830609,0.18133475568451704
