label,c1,c2,c3
pis,0.990939885311397,0.007665857615037652,0.0013942570735653939
Class-4-753_0,0.06102606801723126,0.5695093330856349,0.4948969932820045
Class-32-486,0.026295295450633624,0.45429110711288545,0.2773970826791247
Class-9-599_0,0.0027491136569539683,0.1888833735667658,0.35492406604749627
Class-0-593_70,0.002676243973523248,0.2391492173883281,0.4642855946075569
Class-41-591,0.002423132995813808,0.17574985574140442,0.4837583796911404
Class-31-780_6,0.8638892961760519,0.49499702418741287,0.4284334284035733
Class-24-596_54,0.002552344788489708,0.24514311903575456,0.47138352632555336
Class-36-788_30,0.0025486247118663846,0.2646847206218679,0.45715953479597427
