label,c1,c2,c3
pis,0.9816009765239287,0.017987638193801576,4.113852822696908E-4
Class-4-753_0,0.05013153722674945,0.4887599041339428,0.4948969932820045
Class-32-486,0.03363680969336947,0.2564380986896029,0.49454366535721944
Class-9-599_0,0.0015579291355257686,0.011271208432598287,0.49387677006585257
Class-0-593_70,0.002516422385514578,0.0047520276912334,0.4945578278170471
Class-41-591,0.0019137814658090947,0.07272563141023237,0.49438695647965014
Class-31-780_6,0.013199251044721482,0.037245684793461076,0.49410320546586056
Class-24-596_54,0.0019144790968210154,0.11206517336326391,0.49394966837965953
Class-36-788_30,0.001955617553596398,0.13046236779445983,0.4941133568353166
