label,c1,c2,c3
pis,0.0453683487668902,0.4350558129743126,0.5195758382587973
Class-4-753_0,0.037351269259647435,0.005813857680864281,0.015363286689548474
Class-32-486,0.01977748453009277,0.0034020857254046986,0.015045536040468337
Class-9-599_0,0.039077753411796354,0.027324809477858227,0.012365931921600305
Class-0-593_70,0.487348887824747,0.9954954091920825,0.9636290518507205
Class-41-591,0.035381841604842756,0.01036887364744721,0.011194427755322471
Class-31-780_6,0.015810346184765817,0.0033671761445640794,0.014216204853246671
Class-24-596_54,0.05874463216855473,0.009456463613322258,0.016229616070469806
Class-36-788_30,0.05328492455674113,0.010400759882670233,0.022038291053602884
