label,c1,c2,c3
pis,0.2826938054696899,0.7146069296569116,0.002699264873398357
Class-4-753_0,0.011268611981286116,0.008745824145385245,0.4444309717219551
Class-32-486,0.03158638682388819,0.0025238640801033005,0.2528938433765248
Class-9-599_0,0.007457788513191034,5.607867310988456E-4,0.12680615238919635
Class-0-593_70,0.06496077428879905,0.01570265958861819,0.33141787740037004
Class-41-591,0.022596746489236263,0.02193316151270856,0.2107953546499041
Class-31-780_6,0.006667840709919874,0.002809467083929623,0.1419175960389233
Class-24-596_54,0.9995878658181281,0.9899182044569425,0.1716244566799477
Class-36-788_30,0.029151635827325623,0.009661545816782375,0.175204851522754
