label,c1,c2,c3
pis,0.07375374527525205,0.9096026305396424,0.01664362418510573
Class-4-753_0,0.016751338589809175,0.0011737411640250549,0.029038605244690353
Class-32-486,0.016991648171931783,9.482802555614084E-4,0.14451976426723281
Class-9-599_0,0.015369649264843263,0.0016103894646209839,0.03380485625858904
Class-0-593_70,0.041095030896997474,0.019981895379883353,0.17941720851206444
Class-41-591,0.004110041824539862,0.9950650067020383,0.9769504670538993
Class-31-780_6,0.005433450792079574,5.200723395476416E-4,0.0531481507277023
Class-24-596_54,0.008852247372887896,0.0025376650211535374,0.04733814962533694
Class-36-788_30,0.005941483769820424,0.0014483837779569726,0.05854532396790658
