label,c1,c2,c3
pis,0.508411099374911,0.02780216934339586,0.46378673128169323
Class-4-753_0,0.06402736576537987,0.06499627759349927,0.9717314397563794
Class-32-486,0.07526062772721637,0.22519898443215042,0.939796437066817
Class-9-599_0,0.02907664954202215,0.09451490268735419,0.018790568496422327
Class-0-593_70,0.033097373565927665,0.18559217131792596,0.013392108598882686
Class-41-591,0.0416059797257666,0.0919089739846588,0.020943283051612412
Class-31-780_6,0.9542030606549046,0.9221804906150428,0.01530262622078902
Class-24-596_54,0.0416198532651476,0.1711013030597741,0.01784882259559639
Class-36-788_30,0.04205443863311607,0.17651054740752653,0.022851253747548973
