label,c1,c2,c3
pis,0.4114891554714778,0.48209407083293976,0.10641677369558238
Class-4-753_0,0.02287133784335409,0.02605292726296008,0.0763014255446921
Class-32-486,0.05488106813072481,0.028375406690877868,0.1363137473986974
Class-9-599_0,0.01878940510165558,0.05305212644440647,0.04515785228755463
Class-0-593_70,0.3391606222610029,0.9892724049787649,0.9925147792512982
Class-41-591,0.020870567562854117,0.0011659251503008884,0.005581584908557278
Class-31-780_6,0.025294171083706653,0.007320897866273757,0.10349115967506302
Class-24-596_54,0.03530399617929323,0.04423132392389198,0.09700150097151387
Class-36-788_30,0.026887084242930463,0.038566219755850055,0.06040368725764949
