label,c1,c2,c3
pis,0.851629922868895,0.013666807214774769,0.13470326991633022
Class-4-753_0,0.8053895522276413,0.36762883017909126,0.8160978846331112
Class-32-486,0.760760249124044,0.11449351876849344,0.4283063549654645
Class-9-599_0,0.0025046990659967554,0.05833659113670164,0.005191514230590789
Class-0-593_70,0.0024621379425801247,0.04849766062210258,0.008007039761947941
Class-41-591,0.0014505506325666162,0.028494920630675828,0.002148123816346363
Class-31-780_6,0.0027933133045537264,0.02583389025258076,0.007866863564955843
Class-24-596_54,0.0013455496136953844,0.0383315625889623,0.006087603766745419
Class-36-788_30,0.0013470374607957218,0.05520537362715495,0.006536935181821993
