label,c1,c2,c3
pis,0.003780487851674976,0.021150536020810722,0.9750689761275143
Class-4-753_0,0.46572948714548373,0.37153302977335395,1.2887757382969162E-5
Class-32-486,0.27466429918684676,0.04896502676159488,0.019233435601969925
Class-9-599_0,0.39830278268426816,0.2783221245922249,0.0048630589710605115
Class-0-593_70,0.49538552830287064,0.07909851140190273,0.006010811000084987
Class-41-591,0.4956822019969452,0.2830169970564167,0.01258598226258195
Class-31-780_6,0.1454661351791109,0.3553241952691144,0.004832635147818201
Class-24-596_54,0.49576484075884764,0.12591272750982052,0.009713630629237656
Class-36-788_30,0.4958600172872427,0.08068328624140977,0.009094353329879616
