label,c1,c2,c3
pis,0.9020082877471522,0.09757074989471941,4.2096235812819446E-4
Class-4-753_0,1.4649403034474255E-5,0.002393620388801575,0.16806491911490637
Class-32-486,4.921192577079619E-6,0.09719624443667853,0.32060270302604493
Class-9-599_0,4.934767523102597E-4,0.002947501830125444,0.10151296254219248
Class-0-593_70,8.690746776805128E-4,0.01902178728304658,0.24923821311725014
Class-41-591,6.29108729503052E-4,0.010030443939943201,0.20270402150458083
Class-31-780_6,0.9988207223164042,0.9796286981738451,0.18445591784202153
Class-24-596_54,6.293422366858119E-4,0.017962463203880782,0.20958535202388764
Class-36-788_30,6.452872364577264E-4,0.01789075561927884,0.23270506095343654
