label,c1,c2,c3
pis,0.2938107036788378,0.0018152465188561095,0.7043740498023062
Class-4-753_0,0.015222163299178392,0.200754916986106,0.0012405503429093235
Class-32-486,0.033536290545487485,0.054311524490457515,0.007256522537878281
Class-9-599_0,0.014489782871467285,0.12359903235169709,9.735213223940756E-4
Class-0-593_70,0.01088906183265213,0.1093785086811365,0.0031957383116775467
Class-41-591,0.0018806760604032553,0.022858866451925454,7.116951488145034E-4
Class-31-780_6,0.00444590805150492,0.051080898140483846,0.005983821940816525
Class-24-596_54,0.0014742854611834112,0.052098052263790176,0.003888137327424236
Class-36-788_30,0.0014811166656774405,0.08452727246728778,0.00260257795568178
