label,c1,c2,c3
pis,0.009235507355189215,0.4556193645695472,0.5351451280752636
Class-4-753_0,0.014748593513108628,0.001275657048531284,0.006146114268202485
Class-32-486,0.010693872988900637,6.038262452098259E-4,0.0031731235219787275
Class-9-599_0,0.030203527995085362,0.008316922718388624,0.0020187087068857766
Class-0-593_70,0.46495033150784804,0.989386400968923,0.9633549474198885
Class-41-591,0.035381841604842756,1.8368235862967786E-4,0.0032345750399797183
Class-31-780_6,0.016998640133595623,0.0031265817324707384,0.0014623870663630848
Class-24-596_54,0.05874463216855473,0.0025053737132337485,0.0017865462495826828
Class-36-788_30,0.05328492455674113,0.9080084144835502,0.08471997834565778
