label,c1,c2,c3
pis,0.2211494184590639,0.0756966327466189,0.7031539487943171
Class-4-753_0,1.6072731829977442E-4,0.027198465162710638,0.020100575964707785
Class-32-486,9.30047818441235E-4,0.023640253316644745,0.006386767705485525
Class-9-599_0,0.011838655597849577,0.04358779392998664,0.011689569660581744
Class-0-593_70,0.011595534126927919,0.027846440114675252,0.011666174577589516
Class-41-591,0.010776858359417218,0.0330338905098238,0.014751981619619568
Class-31-780_6,0.8362303409400584,0.1128466527629449,0.015411435846347153
Class-24-596_54,0.011202244068734053,0.017828517434811158,0.005109326333204004
Class-36-788_30,0.011191155622097895,0.022062452856646108,0.008606500957976148
