label,c1,c2,c3
pis,0.006426809273259847,0.880208187356313,0.11336500337042721
Class-4-753_0,0.01719656164383917,0.0018466714787036137,0.008764185420203647
Class-32-486,0.04002813080483237,0.0015015789201177103,0.025103908946981657
Class-9-599_0,0.06786762400710908,8.570732921432821E-4,0.004642335149467138
Class-0-593_70,0.13045825089824534,0.014509199390983111,0.11468156284347099
Class-41-591,0.03553584662078388,0.9207856090445524,0.7961275398289258
Class-31-780_6,0.036706866272463806,0.004132851452921135,0.009928338454220146
Class-24-596_54,0.0553210452631613,0.0019379762193163477,0.008704088428569894
Class-36-788_30,0.04400176118039079,0.0030717291248308605,0.020734361503884295
