label,c1,c2,c3
pis,0.032097892867060204,0.011891323178091728,0.9560107839548483
Class-4-753_0,0.11188590733686382,0.1164258799643477,0.007960150647730488
Class-32-486,0.059615453040222414,0.04031100528207788,0.03009956601090257
Class-9-599_0,0.09554052406374045,0.14757598791262086,0.004589752809052409
Class-0-593_70,0.05600449625519974,0.2107373530380082,0.03946537450718241
Class-41-591,0.019305370515847024,0.03462135044863654,0.005204289095583803
Class-31-780_6,0.02625279872714326,0.0442009732151349,0.021138272559461685
Class-24-596_54,0.016623586130462636,0.0449748484461719,0.020574774477133875
Class-36-788_30,0.016673294885053615,0.05834241270874161,0.0180155458769994
