label,c1,c2,c3
pis,0.9847107946210957,0.014902389192493603,3.868161864108358E-4
Class-4-753_0,0.002023301068667105,0.02605292726296008,0.25288339553370687
Class-32-486,0.01024647729842294,0.028375406690877868,0.22945391248525662
Class-9-599_0,7.296525108645612E-4,0.13236110797835113,0.02891012988907102
Class-0-593_70,0.00403669830818677,0.2103708664375228,0.4945578278170471
Class-41-591,9.655294222195134E-4,0.004999095714018221,0.11020260531561343
Class-31-780_6,0.001491670724950371,0.005110107590004744,0.2850629123938558
Class-24-596_54,0.9787468129702132,0.9949980180257314,0.25855268367173895
Class-36-788_30,0.0013873141555755552,0.038492483974028296,0.17160784346291905
