label,c1,c2,c3
pis,0.26718504864872605,0.11515417964380928,0.6176607717074647
Class-4-753_0,0.016409570830666506,0.08857146530109918,0.019208998011118503
Class-32-486,1.5255021292275825E-4,0.008676607365001211,0.008703187242232945
Class-9-599_0,0.01647404010536316,0.21801605000164828,0.021624869628383673
Class-0-593_70,0.006647394038937089,0.022999307851634714,0.059177083089872816
Class-41-591,0.012317584397247068,0.02346158021293611,0.022034764597566286
Class-31-780_6,0.0026012068585090963,0.04583050520241342,0.008254017104455053
Class-24-596_54,0.006442673003466032,0.023299072946039192,0.008443953977986127
Class-36-788_30,0.011679336098110947,0.01540597187201536,0.016844283413499615
