label,c1,c2,c3
pis,0.9998530200132951,7.365038770799716E-5,7.332959899731964E-5
Class-4-753_0,7.892662704341061E-5,0.07282093196134884,0.00580546490292428
Class-32-486,3.581775314084417E-7,0.07566326749031194,0.008465503491654003
Class-9-599_0,1.6332944386437457E-4,0.1756066566518646,0.04271120539906219
Class-0-593_70,1.3938309030610605E-5,0.11682074812107546,0.08544274831416769
Class-41-591,2.7368510797993407E-5,0.003031907564587751,0.02679240917852481
Class-31-780_6,9.084919700692595E-5,0.022071067787114262,0.02693369322639688
Class-24-596_54,0.9996303991730486,0.9999993126971,0.018890003808757473
Class-36-788_30,1.934661356390537E-5,0.058835391661835906,0.046789167205920364
