label,c1,c2,c3
pis,0.018993002694984582,0.94294042653932,0.03806657076569542
Class-4-753_0,0.00576534058442761,8.30994505673319E-4,0.01251567462028639
Class-32-486,0.0019458390073452013,4.2015679186915985E-4,0.018420020777147352
Class-9-599_0,0.05796662403115075,0.007574756169601289,0.005713493892783452
Class-0-593_70,0.046921148428819205,0.810825810168174,0.36525552405374323
Class-41-591,0.007479629727768958,0.058003165654477565,0.11379403951501912
Class-31-780_6,0.0026654105681353187,0.0018075062228708842,0.003623027506460375
Class-24-596_54,0.05143258224694612,0.0017153360524770503,0.003861074452447512
Class-36-788_30,0.011488584848685021,0.0014583988870405427,0.00578404712961511
