label,c1,c2,c3
pis,0.018894235580813153,0.9231842208485027,0.057921543570684124
Class-4-753_0,0.08716516879632115,0.012169036958490767,0.07542173713757212
Class-32-486,0.17841389731390703,0.0011781792948278836,0.06517594492514163
Class-9-599_0,0.20502297847922765,0.0023571717783740184,0.036563832163664586
Class-0-593_70,0.43885770376803496,0.009297824047327007,0.00415220629484906
Class-41-591,0.24770321354968047,0.9928207155167389,0.9396642425549169
Class-31-780_6,0.0563679571574269,0.005016389153726792,0.021712370233238736
Class-24-596_54,0.3861423462319165,0.011336743357712549,0.02812154106544201
Class-36-788_30,0.3890561884525808,0.02186236162503757,0.03254879505710272
