label,c1,c2,c3
pis,0.5364684946675872,0.11422761810660124,0.34930388722581157
Class-4-753_0,0.17084593611376178,0.06038245835916828,0.9954599024249963
Class-32-486,6.242994343457223E-4,0.0291715718689451,0.01012666586543586
Class-9-599_0,0.010203003026124877,0.07444985628376545,0.003131761003719002
Class-0-593_70,0.014260236692252518,0.025684816192609296,0.0029376029994818763
Class-41-591,0.011782875701082047,0.03527669477787386,0.002942694018667059
Class-31-780_6,0.930586471160358,0.8882535390430135,0.0020251197398164903
Class-24-596_54,0.011787010440911017,0.035474879071794814,0.0018938274087839544
Class-36-788_30,0.011965074904531223,0.032136273016113465,0.0021833829878340934
