label,c1,c2,c3
pis,0.04329486640851768,0.8183440364443235,0.13836109714715888
Class-4-753_0,0.04529036103380126,0.002503684699792756,0.01858001836999075
Class-32-486,0.0020547403614672986,0.0034611835809573934,0.037529024316461004
Class-9-599_0,0.15807174119411993,0.016105875287363347,0.055229410492259705
Class-0-593_70,0.4758359506933222,0.9673018077168266,0.8588933124648049
Class-41-591,0.1553753892938816,0.03160748159442559,0.03661786333674807
Class-31-780_6,0.020273448299931995,0.002229396393034024,0.015368882791523266
Class-24-596_54,0.2643001608161332,0.01142259632802391,0.024009632701789945
Class-36-788_30,0.23597555381867394,0.008185910538163912,0.02445952534680142
