label,c1,c2,c3
pis,0.141484313776049,0.8293895332456483,0.029126152978302587
Class-4-753_0,0.7472270541615709,0.9748217218808687,0.00723129257110569
Class-32-486,0.03341985490126826,8.029502493091712E-4,0.026500547804668272
Class-9-599_0,0.013681569242630497,0.006196522671989296,0.003570659673974617
Class-0-593_70,0.008313632691528862,0.005731025886542536,0.05919208543400607
Class-41-591,0.0012874669276736216,8.613987246058462E-4,0.0020137601471528358
Class-31-780_6,0.0032089213802950884,0.004864518566806544,0.01726297951353372
Class-24-596_54,9.943085240792246E-4,0.0018018792000262006,0.01237897815269761
Class-36-788_30,9.991751874364417E-4,0.002896287198033207,0.010119792522955293
