label,c1,c2,c3
pis,0.005969132981904454,0.0765771236255022,0.9174537433925934
Class-4-753_0,0.9995687924346642,0.5129300867355022,0.9998878631779767
Class-32-486,0.4494193370915333,0.03555339135784177,0.042607367050528346
Class-9-599_0,0.4958170899220839,0.3213855935541596,0.00854581904102009
Class-0-593_70,0.49538552830287064,0.07909851140190273,0.006114198576886218
Class-41-591,0.4956822019969452,0.1878717936274061,0.006136067845357207
Class-31-780_6,0.08918187823510224,0.19940457871951797,0.005310843768982814
Class-24-596_54,0.49576484075884764,0.12591272750982052,0.006205766870914972
Class-36-788_30,0.4958600172872427,0.08068328624140977,0.006184194023342238
