label,c1,c2,c3
pis,0.6324704989041547,0.3508756216666431,0.01665387942920215
Class-4-753_0,0.008849963914850096,0.007713035996310547,0.12437646085402705
Class-32-486,0.01408432267164236,0.00755061088311068,0.217382915690165
Class-9-599_0,0.00331289618703358,0.008461948932280932,0.07965001629934017
Class-0-593_70,0.013386994901210097,0.07713311710415933,0.16995251693906355
Class-41-591,0.00238590036288667,0.019619215334858112,0.11020260531561343
Class-31-780_6,0.0034352889470307896,0.003246316699300591,0.1331915880611245
Class-24-596_54,0.981533411976873,0.976940776216682,0.1229536103741084
Class-36-788_30,0.002699668901332953,0.01743750575522412,0.12440059223103705
