label,c1,c2,c3
pis,0.4123742667311234,0.5328484466667605,0.054777286602116164
Class-4-753_0,0.029134889590864143,0.01623229715655014,0.04107288362536509
Class-32-486,7.843356870085232E-4,0.009494498425209223,0.01670166704517789
Class-9-599_0,0.9543409396648527,0.9994776555426349,0.04502195283578274
Class-0-593_70,0.013972055366516972,2.6110443283283724E-4,0.09820498007703245
Class-41-591,0.029003088069265746,0.004789711199676475,0.04570466667568736
Class-31-780_6,0.014187244700252701,0.013180435147791221,0.021129458124025762
Class-24-596_54,0.013092257635253512,0.009011762967499485,0.02150983862941628
Class-36-788_30,0.027817968408594303,0.009006669539127739,0.0370363979063094
