label,c1,c2,c3
pis,0.011720503741674736,0.011814992521974498,0.9764645037363507
Class-4-753_0,0.9896490240973634,0.45858710825068316,0.9935557034234862
Class-32-486,0.9878244194643111,0.27864816877595805,0.963487666171308
Class-9-599_0,0.4291649917497322,0.17806670580136408,0.030623815517119544
Class-0-593_70,0.40319793143399885,0.20587836475272053,0.018796989155917293
Class-41-591,0.4956822019969452,0.41457075737011045,0.036504719174610525
Class-31-780_6,0.3552925709598066,0.3567602901585768,0.029306980026981542
Class-24-596_54,0.49576484075884764,0.2968553073529114,0.03772421147160969
Class-36-788_30,0.4958600172872427,0.33193229840442845,0.03602034497591522
