label,c1,c2,c3
pis,0.007870673462587892,0.9913486339327022,7.806926047096092E-4
Class-4-753_0,0.02913369601950181,3.346101234215882E-4,0.14004217121973
Class-32-486,0.0019505146202833698,4.981467035438488E-4,0.12508435612809948
Class-9-599_0,0.7890637302930131,0.36844165113284716,0.005371296732407793
Class-0-593_70,0.01881002330818244,1.9030118462526777E-4,0.3505146045594606
Class-41-591,0.020870567562854117,7.730804756138866E-4,0.0500712437564188
Class-31-780_6,0.004791447113845509,5.766919871250374E-4,0.061445790686975504
Class-24-596_54,0.02089893253713304,5.328333452651632E-4,0.05994837380569884
Class-36-788_30,0.026887084242930463,0.0014262647450282817,0.04256577814266795
