label,c1,c2,c3
pis,0.15396702984149155,0.012355680836835227,0.8336772893216733
Class-4-753_0,0.9962350436427997,0.5521808165508377,0.9972357788745236
Class-32-486,0.12022447308708957,0.10639818604894564,0.012807353908463942
Class-9-599_0,1.8738473630439267E-4,0.2191481751579556,9.77528274294313E-4
Class-0-593_70,0.05600449625519974,0.2107373530380082,0.0018127295345231025
Class-41-591,0.019305370515847024,0.08665402291465099,3.4780579147373125E-4
Class-31-780_6,0.015270687230515256,0.13779805210291565,0.0028068058980230018
Class-24-596_54,0.016623586130462636,0.13916793507176367,0.002109108616011056
Class-36-788_30,0.016673294885053615,0.18267985656691127,0.001804252192619824
