label,c1,c2,c3
pis,0.06297385765724688,0.0011129470051753254,0.9359131953375778
Class-4-753_0,0.9998685559296339,0.7133474912896235,0.9999200007360397
Class-32-486,0.04018452544728347,0.032556002043711785,9.686314766660726E-4
Class-9-599_0,0.014489782871467285,0.11712316083053849,1.553325332324336E-5
Class-0-593_70,0.01088906183265213,0.1093785086811365,4.171076701584033E-5
Class-41-591,0.0018806760604032553,0.022858866451925454,2.9664029374389863E-6
Class-31-780_6,0.001283612228058306,0.051080898140483846,8.417884695498399E-5
Class-24-596_54,0.0014742854611834112,0.052098052263790176,5.3248693654208944E-5
Class-36-788_30,0.0014811166656774405,0.08452727246728778,4.144274081757798E-5
