label,c1,c2,c3
pis,0.025779104517664662,0.8256365031276143,0.14858439235472115
Class-4-753_0,0.3507598988845274,0.026432003916988404,0.19567540361996613
Class-32-486,0.4543087788047406,0.031353285265471834,0.11646265225545425
Class-9-599_0,0.9484066041831781,0.99207893608389,0.17376209590210237
Class-0-593_70,0.45692597532241197,0.003061164818360113,0.08628751136697811
Class-41-591,0.4956822019969452,0.025135528119787878,0.33860026884986366
Class-31-780_6,0.12798455599630945,0.06147157765957855,0.0883749815982182
Class-24-596_54,0.4168527355316246,0.02310999669707621,0.10615921267083428
Class-36-788_30,0.4958600172872427,0.030477763778201265,0.10721929272213662
