label,c1,c2,c3
pis,0.9673248430157068,0.02199553405884358,0.010679622925449522
Class-4-753_0,0.0020404248051171274,0.182461791932279,0.018562345790617066
Class-32-486,0.03037228732112058,0.10873431060391209,0.022666656201970323
Class-9-599_0,0.003698579713040922,0.13017499492589563,0.038323398101471985
Class-0-593_70,0.0148164207127929,0.10406977361898677,0.010036261999535976
Class-41-591,0.012222201296214428,0.9999899408525865,0.9995635655269437
Class-31-780_6,0.017071389150333304,0.1477865242760561,0.01579713241783596
Class-24-596_54,0.9999995178445137,0.9999997917715632,0.012941120721134161
Class-36-788_30,0.009352660405909466,0.07949648591178025,0.0403476428180265
