label,c1,c2,c3
pis,0.07920866963051962,0.16387006356827105,0.7569212668012094
Class-4-753_0,0.033606511980072494,0.12199888637638302,0.006584289032176914
Class-32-486,7.745115671318423E-4,0.03402413684258159,0.00811559424770218
Class-9-599_0,0.05888470636604632,0.1110723359948663,0.0039653367523766764
Class-0-593_70,0.08694713599744607,0.9992152838580095,0.9782606698771673
Class-41-591,0.026354601413446362,0.007921465184603266,0.003450828954189903
Class-31-780_6,0.010465601175419668,0.03575944767931074,0.008914354322134072
Class-24-596_54,0.01971575780774543,0.05024816609659734,0.01085160216580691
Class-36-788_30,0.02463358831597866,0.05362536356829283,0.008186543174931836
