label,c1,c2,c3
pis,0.07512741183963197,3.454577923759037E-4,0.9245271303679921
Class-4-753_0,0.9985512225444685,0.5633220957790535,0.06660805557149345
Class-32-486,0.9960231327087226,0.07247488635052952,0.9965084154305401
Class-9-599_0,0.02398560943317342,0.09179178615813628,5.795816273167691E-5
Class-0-593_70,0.015741208825564155,0.1708862242510357,1.9289996542739903E-4
Class-41-591,0.008924423695750363,0.05615259817749689,7.107303955328155E-5
Class-31-780_6,0.001766627600016825,0.10007082826352137,2.0901689712745503E-4
Class-24-596_54,0.007444443217867932,0.10139195382196295,2.8333879322529556E-4
Class-36-788_30,0.007470849673561879,0.1427070344343834,1.9090797896315252E-4
