label,c1,c2,c3
pis,0.41623093014085344,0.567721362689408,0.016047707169738492
Class-4-753_0,0.0118593920385803,0.0073351350653812,0.22234984498272192
Class-32-486,0.016006061387213142,0.0018890191724391782,0.06376948453383288
Class-9-599_0,0.0513229881237141,0.04524869945220589,0.02037922163564438
Class-0-593_70,0.013377449568138928,0.036120494816746215,0.3168094672737263
Class-41-591,0.00238590036288667,0.004543908903575545,0.04146087870913246
Class-31-780_6,0.0011803049214603818,0.006485871142346133,0.04345625810654128
Class-24-596_54,0.025234533922894296,0.005105192373514484,0.04142883116246727
Class-36-788_30,0.0036232613462380144,0.005038281985168201,0.05531727710530732
