label,c1,c2,c3
pis,0.885345328149744,0.11292180743278205,0.001732864417473873
Class-4-753_0,0.0021818998770129563,0.0073351350653812,0.22234984498272192
Class-32-486,0.00697518442154428,0.0018890191724391782,0.08023523320484499
Class-9-599_0,9.11971566813906E-4,0.016155204608978454,0.02037922163564438
Class-0-593_70,0.0056729648060387,0.037143997660904156,0.3505146045594606
Class-41-591,9.655294222195134E-4,0.003098866911139239,0.04146087870913246
Class-31-780_6,3.2441443931424105E-4,0.006028999521070149,0.04345625810654128
Class-24-596_54,0.9990789084236016,0.9984073158043806,0.04142883116246727
Class-36-788_30,0.0010330879647849416,0.0026656723405618804,0.05531727710530732
