label,c1,c2,c3
pis,0.16301717477682542,0.7218787405670458,0.11510408465612869
Class-4-753_0,0.029134889590864143,0.003801230430558564,0.02647836739266819
Class-32-486,4.24428240957312E-4,0.006148389899833565,1.0742283048801973E-4
Class-9-599_0,0.9990205268421147,0.9996726908777153,0.20088113796402843
Class-0-593_70,0.013972055366516972,1.701432478960346E-4,0.0022966906201914716
Class-41-591,0.029003088069265746,0.0020350821927665906,0.04570466667568736
Class-31-780_6,0.006013767686935918,0.006839271193313039,0.017919823130018837
Class-24-596_54,0.013092257635253512,0.002965107082760365,0.014743551295556063
Class-36-788_30,0.027817968408594303,0.0036834041775717086,0.03019607258634282
