label,c1,c2,c3
pis,0.060297852204909456,0.05387329901483402,0.8858288487802565
Class-4-753_0,0.9922207871341315,0.509527107418284,0.999301185016042
Class-32-486,0.17755173963671222,0.06630890330050469,0.02166996092681253
Class-9-599_0,0.06035990431122702,0.35382167295827005,0.006837632981635801
Class-0-593_70,0.0978147776623113,0.12250153305996653,0.014985941383357553
Class-41-591,0.13463196527895407,0.1211224006512382,0.01603273907669765
Class-31-780_6,0.08439724886405366,0.168658172009403,0.01085242695215573
Class-24-596_54,0.14081317148701525,0.17438235635743715,0.015414908250650639
Class-36-788_30,0.1389591425013134,0.12439552203745387,0.014534498599705294
