label,c1,c2,c3
pis,0.003037921203349937,0.9788749052906436,0.018087173506006582
Class-4-753_0,0.4455710684763298,0.012612779177232684,0.25447506466563413
Class-32-486,0.47001349856078795,0.006533907969940819,0.1710581692515412
Class-9-599_0,0.9855069741206823,0.9879684148323712,0.07182496256736874
Class-0-593_70,0.44155743124305363,3.6901007726545995E-4,0.3168094672737263
Class-41-591,0.4956822019969452,0.05579686920200788,0.2988794646919991
Class-31-780_6,0.1761534891897284,0.030071718762171493,0.06017142291398509
Class-24-596_54,0.38622388209661,0.006249369427484599,0.06728315871319462
Class-36-788_30,0.4958600172872427,0.01600067201844435,0.08611504316886458
