label,c1,c2,c3
pis,0.6057096756174751,0.39275397162955994,0.0015363527529650785
Class-4-753_0,0.0022867263652256477,0.005144085472283776,0.09074319348465111
Class-32-486,0.004874693458248063,5.70299512506788E-4,0.027325432216660155
Class-9-599_0,3.9957597571272605E-4,0.0017256744823300892,0.00388768678642585
Class-0-593_70,0.005543774258272754,0.01192971738663596,0.29418482239019206
Class-41-591,0.0010112277788636246,0.0015456459301300277,0.03356427429278796
Class-31-780_6,3.7740721074996854E-4,9.854742425546715E-4,0.04457704039467788
Class-24-596_54,0.9894723495242628,0.9650694301306667,0.04327268961663976
Class-36-788_30,0.0016312467028002302,0.003982325458199837,0.05642307895664191
