label,c1,c2,c3
pis,0.019378749077134078,0.011070050271954516,0.9695512006509115
Class-4-753_0,0.04180312879693819,0.10436408871061391,0.0010831985431341365
Class-32-486,0.0740937910025706,0.037419973952853854,0.0020945368080547222
Class-9-599_0,0.04035028810733807,0.01975362506903349,2.9639121415261726E-4
Class-0-593_70,0.03273137382503612,0.019748878106745263,7.978077508383329E-4
Class-41-591,0.008924423695750363,0.006732466283902964,1.205147491531209E-4
Class-31-780_6,0.0031756771309804296,0.005007731871917984,0.0038229955507619604
Class-24-596_54,0.007444443217867932,0.013680394813964733,0.0011042586470264375
Class-36-788_30,0.007470849673561879,0.01598933214908845,9.88953580952924E-4
