label,c1,c2,c3
pis,0.045664003178847196,0.3801792596525559,0.5741567371685968
Class-4-753_0,0.9705898278329571,0.2993164985784359,0.9848430603218106
Class-32-486,0.14198528646320754,0.020505965271889838,0.012683161504088561
Class-9-599_0,0.03769567603914137,0.010796920355319765,0.0018893198068117346
Class-0-593_70,0.047401879947134115,0.004345445679359517,0.006320591580641825
Class-41-591,0.0416059797257666,0.018573388232383536,0.0031280379860407063
Class-31-780_6,0.014392320429311125,0.01469200003567296,0.006982819193783582
Class-24-596_54,0.0416198532651476,0.010819290512024347,0.0038664187511295916
Class-36-788_30,0.04205443863311607,0.008786849058456118,0.00412874576668526
