label,c1,c2,c3
pis,0.9468308825972552,0.04862775668250533,0.004541360720239211
Class-4-753_0,0.001855096619898389,0.04784604566479439,0.03194314106831594
Class-32-486,4.942250181128112E-5,0.008150141724503476,0.02203967400463023
Class-9-599_0,0.0018140330549967067,0.003972396448330186,0.017670666995696714
Class-0-593_70,6.190815649417713E-4,0.015317095354272028,0.09820498007703245
Class-41-591,8.697801253310151E-4,0.004564524946326972,0.04570466667568736
Class-31-780_6,4.5989473802590983E-4,0.021628603834461715,0.021129458124025762
Class-24-596_54,0.9996493229479843,0.9999353807929474,0.02150983862941628
Class-36-788_30,6.693680409806094E-4,0.02658715238198071,0.0370363979063094
