label,c1,c2,c3
pis,0.8179208094581071,0.17904148865011157,0.003037701891781391
Class-4-753_0,0.006357404578363551,0.005491453158633372,0.2270254635435165
Class-32-486,0.010385365676386977,0.00477050096688522,0.1514752930636196
Class-9-599_0,0.7695653375792216,0.015016991091160876,0.04088354144168082
Class-0-593_70,0.007305542037862704,0.025888736270735912,0.4945578278170471
Class-41-591,0.0010112277788636246,0.004364198341892941,0.06850952196623988
Class-31-780_6,0.0015345504577198767,0.0022577851373372306,0.14754468548882654
Class-24-596_54,0.015163850532038508,0.011081857574349575,0.11538942093905882
Class-36-788_30,0.0016312467028002302,0.016133735501704067,0.152624507074272
