label,c1,c2,c3
pis,0.9624131496943676,0.037224987537845845,3.6186276778643064E-4
Class-4-753_0,0.002642996256570834,0.007370705798335613,0.2270254635435165
Class-32-486,0.0053740777185595995,0.008107575280417738,0.1514752930636196
Class-9-599_0,0.0014723023390381005,0.03394106705841334,0.04088354144168082
Class-0-593_70,0.002728994479911049,0.13582482716617286,0.4945578278170471
Class-41-591,3.5926314730077045E-4,5.652096710301912E-4,0.06850952196623988
Class-31-780_6,5.907154892616711E-4,0.0046279230696551375,0.14754468548882654
Class-24-596_54,0.9876209802860128,0.9937557382093041,0.11538942093905882
Class-36-788_30,5.437438174198803E-4,0.004997094060713156,0.152624507074272
