label,c1,c2,c3
pis,0.24088697844492507,0.7490819531908882,0.010031068364186851
Class-4-753_0,0.0025408744739612407,4.1351539979386125E-4,0.138528067827017
Class-32-486,0.007647261170925961,0.0012313127504718642,0.15099515179709588
Class-9-599_0,0.005361692648640257,0.0013023378702492557,0.008830443977095613
Class-0-593_70,0.8802659073554807,0.9649482819806364,0.5592896078599117
Class-41-591,0.0013793125272175183,0.003183567433360947,0.02753048574399354
Class-31-780_6,0.0019295964540110816,4.921242872632691E-4,0.15568616152239861
Class-24-596_54,0.0034758218990837524,9.794694237793304E-4,0.08596842459048792
Class-36-788_30,0.0021492333996108322,0.0010639434948006197,0.09605221158902631
