label,c1,c2,c3
pis,0.0235207334429649,0.9764200913208642,5.9175236170833895E-5
Class-4-753_0,4.6293417173518594E-4,0.10248461582702141,0.17888755858497393
Class-32-486,4.296184257691729E-6,0.0012704030127807674,0.2897005616289318
Class-9-599_0,0.0015579291355257686,7.227213869881516E-5,0.23748669357310023
Class-0-593_70,0.002516422385514578,9.511745780407465E-4,0.2825889220861756
Class-41-591,0.0019137814658090947,4.8362347785769057E-4,0.16261692720271506
Class-31-780_6,0.9997668555430488,0.918989064442849,0.14442465852347425
Class-24-596_54,0.0019144790968210154,6.393445188316305E-4,0.16965542167409975
Class-36-788_30,0.001955617553596398,5.537847683437797E-4,0.19356503551169943
