label,c1,c2,c3
pis,0.30851751521643345,0.016200260617662453,0.6752822241659042
Class-4-753_0,0.027386898649949053,0.027935971600019188,0.9969931431317112
Class-32-486,0.0615692765536429,0.16244439664419835,0.9727827734003888
Class-9-599_0,0.009265286528881339,0.07646780518001528,0.013357093374517574
Class-0-593_70,0.01105543057198918,0.11167894748844022,0.0032509464261374745
Class-41-591,0.015113627148721345,0.04535447741023211,0.0059471531038217855
Class-31-780_6,0.9294284656762606,0.052608468864161,0.0038934817498373626
Class-24-596_54,0.015118891978993099,0.0863544789747022,0.004793563805821203
Class-36-788_30,0.015333729622332596,0.09142282593466661,0.006695103147951403
