label,c1,c2,c3
pis,0.9947837593068675,0.002611677576188482,0.002604563116943826
Class-4-753_0,3.034116958549194E-4,0.1012846276787628,0.0050276284115368525
Class-32-486,2.9770012658698265E-6,0.10448172124556067,0.016530045530087138
Class-9-599_0,0.06332845050946327,0.05030641289865961,0.03362889777184585
Class-0-593_70,6.867341526256585E-5,0.045968470955510383,0.016409748273863253
Class-41-591,1.224497390644175E-4,0.998500516349359,0.9931912072583521
Class-31-780_6,3.4245754123344224E-4,0.011741195267474061,0.03437986303218247
Class-24-596_54,0.0018260844087969509,0.10139195382196295,0.025684495510122782
Class-36-788_30,9.096773071699517E-5,0.025589858531818055,0.06998299466383562
