label,c1,c2,c3
pis,0.500982465264092,0.28802993560932233,0.21098759912658563
Class-4-753_0,0.0034305046985894437,0.002196998083032575,0.001141714757825144
Class-32-486,3.3586705401990305E-5,0.0037489858613983006,7.923618895667421E-4
Class-9-599_0,0.015369649264843263,0.06929408619676981,0.03965784577531015
Class-0-593_70,0.13951468112986257,0.9999898698659929,0.9963469086895352
Class-41-591,0.002607742837213273,9.210879095069347E-4,0.0014988271875422646
Class-31-780_6,0.003722024191196604,6.337674321015567E-4,0.0036414592328655854
Class-24-596_54,0.004498733078378248,0.00832916009638665,0.003373804617859008
Class-36-788_30,0.006310461770620295,0.01762886394624976,0.00877719252876071
