label,c1,c2,c3
pis,0.005433542703456161,0.9128993107953698,0.08166714650117382
Class-4-753_0,0.04325144111926294,0.0012304220538406183,0.019215944961590375
Class-32-486,0.11213910290948656,0.0010416893579781505,0.010629477976987737
Class-9-599_0,0.16257538512818603,0.002431375343856789,0.028489147925331398
Class-0-593_70,0.4271765998117006,0.007756432577577369,0.06528996274509173
Class-41-591,0.20702553362163523,0.9968503388525214,0.9847798086134185
Class-31-780_6,0.17341514897722257,0.0028573039054612614,0.0105178616493272
Class-24-596_54,0.36393596415107426,0.004370520906625556,0.009662400913982004
Class-36-788_30,0.3107691022877297,0.005130036112185453,0.03770070445741506
