label,c1,c2,c3
pis,0.9425546356701133,0.02429804657820388,0.033147317751682844
Class-4-753_0,0.0012104233138836213,0.10616237304489841,0.009669830717143547
Class-32-486,0.0028526632944971425,0.0672858309093094,0.004463824687215831
Class-9-599_0,0.01283550674264664,0.2904939244296333,0.008075051560759845
Class-0-593_70,0.006411564972992542,0.1956897039600059,0.0689444800114736
Class-41-591,0.0024459269989969747,0.016480714833560797,0.0471732483701428
Class-31-780_6,0.00484658027136012,0.054548219318964065,0.013170445480208706
Class-24-596_54,0.016269857970527365,0.09807862467673056,0.010280212735651254
Class-36-788_30,0.002007618204448096,0.12456960146871143,0.02847318485310964
