label,c1,c2,c3
pis,0.020433782914496844,0.001491246253955259,0.9780749708315478
Class-4-753_0,0.9602040892766316,0.8954776682419634,0.9937927823625008
Class-32-486,0.9881511357051553,0.2147149387000305,0.9095298355083511
Class-9-599_0,0.1528847591741749,0.4878692930118236,0.03157691202428766
Class-0-593_70,0.10523382819904827,0.4398783636014284,0.010184538985473432
Class-41-591,0.16380395306179826,0.4945776825913341,0.027222127261670868
Class-31-780_6,0.16225415659667297,0.49499702418741287,0.006144678588109079
Class-24-596_54,0.17014484735124366,0.3349913294125434,0.00857041459060633
Class-36-788_30,0.16825616945467986,0.41691265519666243,0.010907330060951412
