label,c1,c2,c3
pis,0.056662367786914955,0.006695532798819154,0.9366420994142659
Class-4-753_0,0.9789670082069635,0.43952001510409516,0.9890533501335274
Class-32-486,0.9843723088519336,0.0169166756609658,0.9370609348611888
Class-9-599_0,0.0775393238737802,0.23975147162929436,0.0010953292297136302
Class-0-593_70,0.11974917874713314,0.6658767694183072,0.010030710379836844
Class-41-591,0.041258807249317256,0.06819355177082748,6.411470897719482E-4
Class-31-780_6,0.0040117605576136806,0.12658174168352818,5.914634728807992E-4
Class-24-596_54,0.03398238720477203,0.04772393127886987,9.07648354900291E-4
Class-36-788_30,0.035257801454310116,0.04187821245388712,7.150094898514514E-4
