label,c1,c2,c3
pis,0.64200753704068,0.029300301815425395,0.3286921611438944
Class-4-753_0,0.9439705320213372,0.2077110753644258,0.9890533501335274
Class-32-486,0.8873811266942863,0.005614177965017342,0.8666515221164796
Class-9-599_0,9.884686455363397E-6,0.012110880125117787,1.815428077999494E-4
Class-0-593_70,0.0011808327818692535,0.024583275664261387,0.0014100354096426837
Class-41-591,6.714398702684599E-4,0.010418834677606516,5.258043869447623E-4
Class-31-780_6,0.0030350055267987764,0.12241770384842503,2.512123283535846E-4
Class-24-596_54,5.945217508009426E-4,0.0034198493553134826,3.3518585091317374E-4
Class-36-788_30,6.043780747365317E-4,0.008357066413808385,4.292659698361019E-4
