label,c1,c2,c3
pis,0.024427298996874423,0.9399122634496373,0.03566043755348848
Class-4-753_0,0.017130891203472436,6.753836041361947E-4,0.03833302594755047
Class-32-486,0.055198124301821055,8.602917187156714E-4,0.04060084254254298
Class-9-599_0,0.009333636363728467,0.0034580580448499714,0.007133737488911285
Class-0-593_70,0.1030389948904738,0.03424385761403089,0.20842511137330955
Class-41-591,0.022749389370293128,1.5245833282294163E-4,0.049293123482323384
Class-31-780_6,0.01563421601541314,0.0018259893930577277,0.02549058271252267
Class-24-596_54,0.050183516341653196,0.0019515723453976956,0.024496145855737998
Class-36-788_30,0.051074273589213126,0.006632650146461807,0.03420683860924399
