label,c1,c2,c3
pis,0.30155419173911857,0.04206215452506065,0.6563836537358207
Class-4-753_0,0.9681846551757759,0.5627059577280684,0.510070469186377
Class-32-486,0.9385707580040281,0.24170456530316148,0.9365695056876863
Class-9-599_0,0.02907664954202215,0.08093542117950636,0.023123869251968365
Class-0-593_70,0.033097373565927665,0.08522928966316684,0.013053725473322316
Class-41-591,0.0416059797257666,0.02071798304589907,0.013519667451189796
Class-31-780_6,0.13456933633809165,0.17254886448733947,0.020679856863867842
Class-24-596_54,0.0416198532651476,0.13037957573947906,0.01899219088320197
Class-36-788_30,0.04205443863311607,0.05929005481827652,0.015215752701206864
