label,c1,c2,c3
pis,0.014519117841814179,0.9430095620697098,0.04247132008847604
Class-4-753_0,0.016509169523269335,0.0025674897780561118,0.018366943172462225
Class-32-486,0.02800921984573697,2.4014708923726226E-4,0.04728458557052083
Class-9-599_0,0.0241111824149811,6.843423068909163E-4,0.01635581356108129
Class-0-593_70,0.36201089790241314,0.986107827218032,0.9840351635293657
Class-41-591,0.006812217120704239,0.0029237880539266328,0.0025893386873398383
Class-31-780_6,0.0033351015130412428,0.002628243256427159,0.006502831008738162
Class-24-596_54,0.011140691216546032,9.682846181431786E-4,0.007212635951482147
Class-36-788_30,0.008440687380011413,0.0018386702130823306,0.004690818628252526
