label,c1,c2,c3
pis,0.017653840663266376,0.6656469427085431,0.31669921662819056
Class-4-753_0,0.15332732045804245,0.014275331980083015,0.03268370648230235
Class-32-486,0.0536962527030693,0.009509034706432851,0.03964175639966345
Class-9-599_0,0.2743278700850151,0.01501954178258827,0.03150258584272967
Class-0-593_70,0.828539078330916,0.9973669153560234,0.905336740176884
Class-41-591,0.2637317047249862,0.8807764995282308,0.5137699830289242
Class-31-780_6,0.0894832423302268,0.019863552873513754,0.014665478425465409
Class-24-596_54,0.35199951125406553,0.02285967775536905,0.01990258251589335
Class-36-788_30,0.3277368526997786,0.01719047653525844,0.034904508978803074
