label,c1,c2,c3
pis,0.9956320846847035,0.0022846987426458406,0.0020832165726509784
Class-4-753_0,0.031921795490433454,0.49590947984291606,0.4948969932820045
Class-32-486,0.03369591906489255,0.44431287601667774,0.2330254752873159
Class-9-599_0,6.339085546869294E-4,0.11565046529962439,0.3228496374573989
Class-0-593_70,6.13038250537815E-4,0.17591849268057677,0.45674978977587694
Class-41-591,5.4128839237296E-4,0.1101704802144689,0.481103153928575
Class-31-780_6,0.9100239577999244,0.2025235797632784,0.41231343377497437
Class-24-596_54,5.776302954591468E-4,0.1978404140097893,0.4657566202775352
Class-36-788_30,5.765211811744038E-4,0.21908803033431073,0.44797846293808286
