label,c1,c2,c3
pis,0.7671054174371945,0.14456149839136906,0.08833308417143652
Class-4-753_0,0.016337998790636365,0.2542770192307792,0.026274811916379297
Class-32-486,0.03332237454068071,0.06745483547454056,0.005856926132126622
Class-9-599_0,0.004548099434960359,0.016969380835909435,0.016642559918857665
Class-0-593_70,0.006771518847869505,0.019685111114175185,0.029494964172992372
Class-41-591,0.005395156699599182,0.01985703398743201,0.029480460237295593
Class-31-780_6,0.9746997713251335,2.35840410070976E-4,0.09826458361283162
Class-24-596_54,0.005397085593853848,0.01643341548891946,0.006065945617872056
Class-36-788_30,0.005493562468585152,0.025242329594942797,0.013223977103616214
