label,c1,c2,c3
pis,0.01165323514423239,0.9880642090862107,2.825557695571153E-4
Class-4-753_0,0.08844554828820914,1.3328338471168736E-4,0.1907797429063978
Class-32-486,0.1135086560551652,5.674788604811119E-4,0.22670376279470283
Class-9-599_0,0.8362868332377577,0.9765894173590568,0.13972745298638292
Class-0-593_70,0.2870160167306511,1.0808010576373269E-4,0.4945578278170471
Class-41-591,0.1437063522026983,1.952467020592271E-4,0.3829719493192235
Class-31-780_6,0.11136478942896055,1.5305393599217377E-4,0.1498780531867958
Class-24-596_54,0.22290679847444872,0.0016131319619887132,0.1825079582655719
Class-36-788_30,0.3275745905953836,0.9992048136985908,0.9849521863762737
