label,c1,c2,c3
pis,0.05135196988371082,0.5866019993002782,0.362046030816011
Class-4-753_0,0.07383481167059709,0.002776192609552352,0.027981615799998683
Class-32-486,0.051090560678921836,0.009259454640954873,0.021451406858090747
Class-9-599_0,0.14034813985901004,0.03126234652758836,0.07189255673177639
Class-0-593_70,0.7263588136042233,0.9368447547344133,0.80830870362445
Class-41-591,0.1681895208073613,0.01669914499605452,0.08511240318119073
Class-31-780_6,0.14387118499382168,0.011649926752747139,0.0230066943682241
Class-24-596_54,0.3007362792169881,0.015947623728774507,0.02317359467137274
Class-36-788_30,0.3241172093439594,0.010076400461161835,0.03062072821210632
