label,c1,c2,c3
pis,0.21016523331472892,0.10128360276627851,0.6885511639189926
Class-4-753_0,0.017373214974195212,0.027677707783847826,0.008870178665328564
Class-32-486,2.1373867214345864E-4,0.021985647158589566,0.008377889052534258
Class-9-599_0,0.05561365658052822,0.07514571519799237,0.0036326452067752947
Class-0-593_70,0.01357471833662068,0.05004464919540163,0.015589080144519114
Class-41-591,0.025033771896090892,0.9898544588253421,0.9141612946543384
Class-31-780_6,0.006251067665914853,0.018910146724448143,0.010804835675845446
Class-24-596_54,0.01808669270573969,0.04772393127886987,0.011830436894383099
Class-36-788_30,0.024758812091596454,0.02580588872714585,0.031041009598144625
