label,c1,c2,c3
pis,0.0020819588946307454,0.22650744087564906,0.7714106002297201
Class-4-753_0,0.13774172650173844,0.0800113981648856,0.009851249762280372
Class-32-486,0.32414617094291037,0.011060288740954567,0.009479073725720991
Class-9-599_0,0.37005117007332783,0.03530028383338784,0.004873531002055324
Class-0-593_70,0.7034845103293579,0.6663972402568046,0.20634809936767626
Class-41-591,0.4956822019969452,0.9952297310011141,0.7813647534544504
Class-31-780_6,0.7249681501198469,0.11896608721894797,0.004186323194740868
Class-24-596_54,0.49576484075884764,0.027225350781810338,0.004265508162070139
Class-36-788_30,0.4958600172872427,0.03884593820313509,0.009545672317284943
