label,c1,c2,c3
pis,0.0038771294108386352,0.027970488969011314,0.9681523816201499
Class-4-753_0,0.43919662651674346,0.4202048826971017,0.03757371089432484
Class-32-486,0.46772059113605796,0.08800904857296155,0.007937140593169925
Class-9-599_0,0.28595138681436716,0.20806629101779586,0.0059583686234137906
Class-0-593_70,0.4438074463150321,0.06624088309223025,0.023318671843316874
Class-41-591,0.4956822019969452,0.09472360296381116,0.01750500968616455
Class-31-780_6,0.10267778116455495,0.20830418028810666,0.024892591491874415
Class-24-596_54,0.49576484075884764,0.09794641462391872,0.00784603812567051
Class-36-788_30,0.4958600172872427,0.06703443252642427,0.010687488414621919
