label,c1,c2,c3
pis,0.671803101616818,0.1000630916852627,0.22813380669791936
Class-4-753_0,0.8962787622510822,0.46006533230608554,0.9895176700685137
Class-32-486,0.8981404780623728,0.049260432569520146,0.790883375261436
Class-9-599_0,0.002404430005308842,0.014271402816059564,0.008841851714522925
Class-0-593_70,0.002339232496405027,0.028390582960061663,0.006388411579480075
Class-41-591,0.0029832361374779017,0.030970676020279794,0.006473856570029174
Class-31-780_6,0.02533995001159748,0.03935977521337444,0.004549896921021951
Class-24-596_54,0.003101977667437503,0.022825651815185925,0.0056254637675533835
Class-36-788_30,0.0031122963727274753,0.03775871836069799,0.006387450236328303
