label,c1,c2,c3
pis,0.7998482036315069,0.14689817187193793,0.05325362449655513
Class-4-753_0,0.13220999739181447,0.37247046847623383,0.22746164010020106
Class-32-486,0.9744574649136205,0.2857677255901202,0.996213228119441
Class-9-599_0,0.31553840252483156,0.9959524379396704,0.07821334585584963
Class-0-593_70,0.01105543057198918,0.06252727853313107,0.0718830458155108
Class-41-591,0.015113627148721345,0.009929780880310326,0.08234666048722816
Class-31-780_6,0.13546073044649312,0.11070546483663062,0.10665991839691719
Class-24-596_54,0.015118891978993099,0.07432138845308321,0.09054748160073922
Class-36-788_30,0.015333729622332596,0.022696219186862907,0.05618021673796797
