label,c1,c2,c3
pis,0.005019068475321749,0.423080993115363,0.5718999384093153
Class-4-753_0,0.007609296462604936,0.01016177261742073,0.25447506466563413
Class-32-486,0.0051242346060701716,0.031425019572595254,0.2137212829928865
Class-9-599_0,0.4958170899220839,0.0754071436134927,0.1455812117670407
Class-0-593_70,0.4954629817550864,0.0611151638738032,0.21429291763444125
Class-41-591,0.4956822019969452,0.1390336392313572,0.14239268394263788
Class-31-780_6,0.9659533404062638,0.031155162223976386,0.06904387122241906
Class-24-596_54,0.49576484075884764,0.05810393092850019,0.0917318244164994
Class-36-788_30,0.4958600172872427,0.0618999006391277,0.10182022808545489
