label,c1,c2,c3
pis,0.6557109719975056,0.005140513500541242,0.3391485145019532
Class-4-753_0,0.03271490989075696,0.18834367978988317,0.03838340811802772
Class-32-486,0.17105700046993833,0.14511408530587294,0.04036170304365576
Class-9-599_0,0.16233174269531603,0.9327187645747974,0.9775625847531895
Class-0-593_70,0.010902608883820256,0.2501998375661912,5.672149762357016E-4
Class-41-591,0.029003088069265746,0.0577255573544778,0.09208543825500251
Class-31-780_6,0.01110565880974254,0.1221579178400472,0.02577368283236664
Class-24-596_54,0.021614689816709255,0.18807259150898673,0.03762137182721662
Class-36-788_30,0.027817968408594303,0.1971276121153194,0.06889897959887899
