label,c1,c2,c3
pis,0.0017691303717516582,0.13436723163098332,0.8638636379972651
Class-4-753_0,0.19483249450501594,0.03502829237213043,0.0299117506736401
Class-32-486,0.5157751004414405,0.010157614123578781,0.025053575105465752
Class-9-599_0,0.4958170899220839,0.03820806461158849,0.0215523879124636
Class-0-593_70,0.49554043542506254,0.026376053809203655,0.022590359884566716
Class-41-591,0.4956822019969452,0.9289361082082986,0.9045640570183158
Class-31-780_6,0.27455329835766695,0.18852935742461693,0.007281007121926961
Class-24-596_54,0.49576484075884764,0.0288920821463994,0.009183848050974944
Class-36-788_30,0.4958600172872427,0.023349615307194812,0.016250769851302627
