label,c1,c2,c3
pis,0.2184143721589142,0.6134683237872679,0.16811730405381783
Class-4-753_0,0.019285634149911184,0.013898300085278847,0.060205380905057296
Class-32-486,0.0219380241994551,0.008175018805316908,0.017526635493266784
Class-9-599_0,0.06474744181868404,0.021471996582320484,0.01994513564969592
Class-0-593_70,0.13038797123428217,0.04127808131889344,0.15508281526403037
Class-41-591,0.027254494995927855,0.03149146973652312,0.05653668477486001
Class-31-780_6,0.04126399521316879,0.0030155097805678577,0.030167243040841618
Class-24-596_54,0.04043195523422983,0.015447309053899485,0.022336320922184235
Class-36-788_30,0.03573766569533429,0.012488647211977295,0.04108234182509882
