label,c1,c2,c3
pis,0.9975259420405148,7.905553364165987E-5,0.0023950024258434714
Class-4-753_0,0.9591556415281571,0.5633220957790535,0.9991504523832964
Class-32-486,0.95712958507512,0.057798656223487066,0.9965084154305401
Class-9-599_0,3.083805967561086E-5,0.018790380939188653,2.4585875162893135E-4
Class-0-593_70,4.105410422878488E-5,0.03639674577774011,1.9289996542739903E-4
Class-41-591,1.7566734317087707E-5,0.006014945129979545,7.107303955328155E-5
Class-31-780_6,0.0023139798125707514,0.10007082826352137,2.0901689712745503E-4
Class-24-596_54,1.4632256865912433E-5,0.01737139704033977,2.8333879322529556E-4
Class-36-788_30,1.4994995437388799E-5,0.020539266218842653,1.9090797896315252E-4
