label,c1,c2,c3
pis,0.9805528983674944,0.014585147757494704,0.004861953875011192
Class-4-753_0,0.9826434659359943,0.6081398596506923,0.9990599629717953
Class-32-486,0.035080955691709506,0.373454276302954,0.03983960554585832
Class-9-599_0,0.0022508825102330386,0.10103836457845058,0.029484143765126845
Class-0-593_70,0.0035358660948110313,0.07240857326356316,0.03744847640420518
Class-41-591,0.0027321891971349263,0.05201321281414551,0.0290038865045945
Class-31-780_6,0.5684885827024442,0.49499702418741287,0.03922002448440001
Class-24-596_54,0.0027331789543808323,0.17071229643261748,0.023459048621837106
Class-36-788_30,0.0027885313561144334,0.1132837713909886,0.02997201215849642
