label,c1,c2,c3
pis,0.6022769357585255,0.3960492433900761,0.0016738208513985896
Class-4-753_0,0.004501062450692695,8.848926724826058E-4,0.08564927876301065
Class-32-486,3.32100891963897E-4,0.001938210491411943,0.05112125843342063
Class-9-599_0,0.09362623508452392,0.09822198380577438,0.056325084946060276
Class-0-593_70,0.005147591971968478,9.210905993101635E-4,0.15863225846889983
Class-41-591,0.0029057412131318554,0.003959841544660267,0.04151886130288551
Class-31-780_6,0.001379700148246374,4.6441682332869563E-4,0.053015645870153276
Class-24-596_54,0.016557070200690995,0.003841357106332261,0.05369851506823974
Class-36-788_30,0.005553826448633929,0.008928146102898027,0.07947711328071942
