label,c1,c2,c3
pis,0.007203625964153458,0.7000234679819002,0.2927729060539463
Class-4-753_0,0.025695250931227726,0.004139378986390327,0.01707325360357469
Class-32-486,0.06646094174973441,0.0016583141189644446,0.015393285376615244
Class-9-599_0,0.12382018017697549,0.006733502485597523,0.00739223384046253
Class-0-593_70,0.23192367861661672,0.038535967159483715,0.07922897761099931
Class-41-591,0.08841900655412516,0.6788607428089901,0.38055944969105276
Class-31-780_6,0.04137856911469183,0.006257966702927819,0.006371474178528302
Class-24-596_54,0.13873318642822485,0.004618241865944329,0.005799976568944953
Class-36-788_30,0.11681344645157626,0.010459160578661688,0.014290705715956512
