label,c1,c2,c3
pis,0.21183220072188166,0.42981135316933716,0.3583564461087812
Class-4-753_0,0.04092311351488556,0.013894770995834967,0.023623698865059717
Class-32-486,0.028471216533844202,0.030263771715491907,0.01977738842527653
Class-9-599_0,0.16608446820417844,0.1211064991790582,0.11487245204807603
Class-0-593_70,0.4158465235805914,0.20929888510077638,0.01321828095972779
Class-41-591,0.21990485708064686,0.9109483778565843,0.8546803970964972
Class-31-780_6,0.20580929243211096,0.022000693759626405,0.03374352913774196
Class-24-596_54,0.3064527138335879,0.06816500427069436,0.0348393380818421
Class-36-788_30,0.3414789999868908,0.060976506385484026,0.09942289355537166
