label,c1,c2,c3
pis,0.45147470432178427,0.5439150126427131,0.004610283035502468
Class-4-753_0,0.06137559155266589,0.05850852661033901,0.1389733042294486
Class-32-486,0.6723849008223713,0.9752460453408844,0.07629628628379168
Class-9-599_0,0.0015579291355257686,0.009902860957280258,0.05013064902211178
Class-0-593_70,0.002516422385514578,0.016750432428903984,0.05509008859254604
Class-41-591,0.0019137814658090947,0.011212608036052396,0.026465377264014104
Class-31-780_6,0.01015798454320061,0.005224189931795274,0.14854466179839773
Class-24-596_54,0.0019144790968210154,0.015277462672264234,0.06499867351887456
Class-36-788_30,0.001955617553596398,0.014434336811868335,0.07769755878065276
