label,c1,c2,c3
pis,0.12179652044006414,0.8768761414523041,0.0013273381076317485
Class-4-753_0,0.014543575372526863,0.0017052119627971381,0.19341528773533265
Class-32-486,0.03337789049821806,7.146689866514959E-4,0.15134834617828397
Class-9-599_0,0.7947422320203633,0.9954298793743824,0.04340073238760816
Class-0-593_70,0.05886240615044962,5.278317242943689E-4,0.33141787740037004
Class-41-591,0.012181059959266884,0.003152872319311688,0.03446853037388626
Class-31-780_6,0.002689076843382947,6.104021775678413E-4,0.0604937040929248
Class-24-596_54,0.013546778727481482,0.0011739002496716968,0.06012334864165614
Class-36-788_30,0.016315625895393523,0.0017517266752088694,0.05642307895664191
