label,c1,c2,c3
pis,0.9792033991319684,0.015449030593832177,0.005347570274199402
Class-4-753_0,0.004443380998041008,0.003921861760030166,0.011993599729893582
Class-32-486,0.15912752335569513,0.03146395523694337,0.9988621132981826
Class-9-599_0,0.9825539315664917,0.9999903219807611,0.06483313623934497
Class-0-593_70,8.045274839683323E-4,7.882604272785681E-5,0.04656515289994981
Class-41-591,0.005180057148959892,0.0010023003147616816,0.04383595453468688
Class-31-780_6,0.0037270917896426725,0.003101450939245141,0.010898927687414005
Class-24-596_54,0.0015385689640188577,0.008645972372966156,0.01519636046953093
Class-36-788_30,0.004856778970705204,0.015538319593330276,0.027219508993726885
