label,c1,c2,c3
pis,0.01968250049138453,0.33008722654181694,0.6502302729667985
Class-4-753_0,0.05700324391092695,0.006380941942890194,0.030348354793192943
Class-32-486,0.6837263562957373,0.002253790176259845,0.033969903806902284
Class-9-599_0,0.32273588878633314,0.05946152358993133,0.06949184102034633
Class-0-593_70,0.42352949934430056,0.9435991091624674,0.6016562580793762
Class-41-591,0.07832693924979392,0.002110895294034179,0.013208966873505828
Class-31-780_6,0.033451715589072735,0.007050971998186646,0.004840531651536332
Class-24-596_54,0.11887231728254677,0.00743219641362096,0.007056273052337829
Class-36-788_30,0.10332939815840311,0.012586512238340189,0.00904874057566578
