label,c1,c2,c3
pis,0.02415064805925361,0.8742451178062909,0.10160423413445546
Class-4-753_0,0.014260096782982923,0.00227629474071163,0.007992145243465325
Class-32-486,0.003947251435656471,9.052905650541071E-4,0.011431290474953601
Class-9-599_0,0.0513229881237141,0.009637020759399591,0.02116767280021405
Class-0-593_70,0.023271980700573847,0.00951954532017663,0.07361190743104035
Class-41-591,0.020870567562854117,0.9671400911990156,0.8570218016255104
Class-31-780_6,0.025294171083706653,0.00197921203106765,0.010116420830760893
Class-24-596_54,0.03227469433653007,0.003528736468175979,0.008160281753821712
Class-36-788_30,0.035788565329387005,0.9975791854958412,0.7258829947582782
