label,c1,c2,c3
pis,0.08439567085864723,0.6238333305738268,0.29177099856752575
Class-4-753_0,0.30915402515875007,0.2184024455240182,0.4569811798243552
Class-32-486,0.23967772938527834,0.07286567334622722,0.1795244978092286
Class-9-599_0,0.2312222420009887,0.01441458369914237,0.1846850875528149
Class-0-593_70,0.18801104557034082,0.05387039953487769,0.3223292025059351
Class-41-591,0.19785175883032588,0.22439164855697116,0.3129026140349383
Class-31-780_6,0.20999769440418303,0.11263681658962221,0.17451214364320633
Class-24-596_54,0.20413475837174863,0.09955913542887633,0.2219289571513125
Class-36-788_30,0.20227891012975846,0.18474933444586628,0.217729377470579
