label,c1,c2,c3
pis,0.06273221267196881,0.02348469928976109,0.91378308803827
Class-4-753_0,0.1425072098519551,0.10835505538923704,0.0014050953183529736
Class-32-486,0.16854301588313908,0.19160664474532682,0.007144423882704542
Class-9-599_0,0.0954026380594901,0.2629733000121358,0.0028225882911176773
Class-0-593_70,0.09421379706096694,0.13764341379466435,0.003178149516585001
Class-41-591,0.041258807249317256,0.13141661202224605,7.348386459233518E-4
Class-31-780_6,0.062177199649426675,0.1149229298927222,0.003156219819675819
Class-24-596_54,0.03670227611717535,0.18807259150898673,0.0036851123787762638
Class-36-788_30,0.036790951629196864,0.23083444929358474,0.007373029795800826
