label,c1,c2,c3
pis,0.030617449754746413,0.8444295388824629,0.1249530113627907
Class-4-753_0,0.022048798377113023,0.008474919800441662,0.028759714618403435
Class-32-486,0.0762378909958007,7.140483632542678E-4,0.03423171356458727
Class-9-599_0,0.06786762400710908,0.020559402463364452,0.018481609797821985
Class-0-593_70,0.13038797123428217,0.005954429761311629,0.06784701148375481
Class-41-591,0.03553584662078388,0.9598901830877751,0.6942683395937015
Class-31-780_6,0.008644361292698535,0.0028874626600432084,0.009000160567425253
Class-24-596_54,0.0553210452631613,0.004449283121005292,0.009038423157357397
Class-36-788_30,0.055960501891678116,0.9857298490732164,0.4944486169791344
