label,c1,c2,c3
pis,0.9751782689221299,0.002031562916578934,0.022790168161290945
Class-4-753_0,0.9439705320213372,0.9456544778183937,0.9910445765410185
Class-32-486,0.8873811266942863,0.09956896023783869,0.9607364198468487
Class-9-599_0,9.884686455363397E-6,0.07037793532774585,0.003878182141227972
Class-0-593_70,0.0011818076820501694,0.09579410119049928,0.0033038622568502722
Class-41-591,6.714398702684599E-4,0.01900554646334331,0.0013567967466600625
Class-31-780_6,0.00331459707446043,0.05247299490101384,0.0018783915424317125
Class-24-596_54,5.945217508009426E-4,0.05591237977473556,0.0027139458078382583
Class-36-788_30,6.043780747365317E-4,0.07931965695958892,0.0026551498802093476
