label,c1,c2,c3
pis,0.7199294813754895,0.22558184818416965,0.05448867044034079
Class-4-753_0,0.021570656168282333,0.031343908699501356,0.11020824720622964
Class-32-486,0.004675036004593144,0.06881803466205824,0.1697573521168541
Class-9-599_0,0.04465286733366426,0.057399698053528084,0.2575394155645136
Class-0-593_70,0.05933763383728991,0.16367976023769173,0.1666023617409366
Class-41-591,0.06984075969719779,0.9485244195890158,0.9375643583656785
Class-31-780_6,0.0718509211823824,0.033973644420213604,0.17576681517335446
Class-24-596_54,0.9892719925541951,0.9779334155815149,0.19059148642790916
Class-36-788_30,0.08488334465143478,0.046164174109643956,0.2923194990962426
