label,c1,c2,c3
pis,0.5518459884283713,0.04897384520105261,0.3991801663705762
Class-4-753_0,0.027386898649949053,0.018762890700644803,0.9963196607262174
Class-32-486,0.05358128337084562,0.018062633440219765,0.9314879232502308
Class-9-599_0,0.009265286528881339,0.06757723111613,0.0037984294977388595
Class-0-593_70,0.011046400773649327,0.019723935418008404,0.001387409559300182
Class-41-591,0.015113627148721345,0.02246412886345767,0.0022486305492506204
Class-31-780_6,0.9530651435188815,0.9449334689252074,6.614492197176726E-4
Class-24-596_54,0.015118891978993099,0.025916569151666995,0.0010213262071831466
Class-36-788_30,0.015333729622332596,0.018489633547930838,0.001463744187031306
