label,c1,c2,c3
pis,0.633475453692955,0.29481069348530053,0.07171385282174447
Class-4-753_0,0.012395123895319982,0.009784629150499312,0.002074245025213077
Class-32-486,1.5869267206579526E-4,0.05419448290742946,0.015384570597112002
Class-9-599_0,0.978203247081596,0.9999011704567556,0.028823602081352536
Class-0-593_70,0.05925628516559638,0.6559453927898867,0.9492341044038795
Class-41-591,0.012317584397247068,6.339986057006838E-4,0.0029665324257006145
Class-31-780_6,0.022575972367399805,0.008050128054184627,0.009747404603772153
Class-24-596_54,0.004500934402743409,0.01878642720802701,0.01075842852559609
Class-36-788_30,0.011679336098110947,0.030428863464096727,0.0059389156123803655
