label,c1,c2,c3
pis,0.003836955686046552,0.12012223173238529,0.8760408125815682
Class-4-753_0,0.2531954617150551,0.1739730421792019,0.03459665842028237
Class-32-486,0.29265575710329106,0.05925089495541377,0.017815945508828163
Class-9-599_0,0.340556870588665,0.08640413309613487,0.008098809793017444
Class-0-593_70,0.7473048497077405,0.859663845750516,0.8878125000894053
Class-41-591,0.4956822019969452,0.022539954989568563,0.02729593106631441
Class-31-780_6,0.2809211036085254,0.1841176134014339,0.016513306701126173
Class-24-596_54,0.49576484075884764,0.06533679814458908,0.01779612542138772
Class-36-788_30,0.4958600172872427,0.11657544972858326,0.028859496337431345
