label,c1,c2,c3
pis,0.5129209773234594,0.3383700271779944,0.14870899549854596
Class-4-753_0,0.9535747153645768,0.5627059577280684,0.9895176700685137
Class-32-486,0.0847191322891011,0.04269599086393712,0.048508708394216775
Class-9-599_0,0.010203003026124877,0.03422841410214703,0.013450706653331417
Class-0-593_70,0.014260236692252518,0.014113410375153592,0.01127879371656179
Class-41-591,0.011782875701082047,0.06157626361735296,0.007906658384968696
Class-31-780_6,0.06692748003985824,0.07854577731677467,0.017805541218191955
Class-24-596_54,0.011787010440911017,0.03268328197084045,0.012415688495221747
Class-36-788_30,0.011965074904531223,0.03829639607348115,0.013621334690161057
