label,c1,c2,c3
pis,0.37378479364025435,0.4195197587714902,0.2066954475882554
Class-4-753_0,0.22352828744774667,0.21355264575836594,0.28452445879672694
Class-32-486,0.9385707580040281,0.2190290938678863,0.9710915604239152
Class-9-599_0,0.02907664954202215,0.010860225754468902,0.03467790272468096
Class-0-593_70,0.033097373565927665,0.0616849797992558,0.12741280532103946
Class-41-591,0.0416059797257666,0.044349592530435994,0.12097293772817518
Class-31-780_6,0.06682748432192802,0.013783437458546495,0.10063685851369326
Class-24-596_54,0.0416198532651476,0.03548877198751472,0.08593136281912932
Class-36-788_30,0.04205443863311607,0.05659700439990887,0.11297748597498956
