label,c1,c2,c3
pis,0.003933022146350848,0.015772046450459768,0.9802949314031895
Class-4-753_0,0.9885554381018145,0.86982893366902,0.9819628482989304
Class-32-486,0.1488780653431185,0.0169166756609658,0.0022151417561714253
Class-9-599_0,0.10733813404931904,0.050367139603164204,2.483421578419484E-4
Class-0-593_70,0.09414331144859557,0.030011756515890838,0.002652883735858032
Class-41-591,0.041258807249317256,0.0455529104102836,4.3624781635407414E-4
Class-31-780_6,0.010355367217608843,0.025567230695816,7.008870032592627E-4
Class-24-596_54,0.03670227611717535,0.029725346413261498,4.54738573077251E-4
Class-36-788_30,0.036790951629196864,0.041098885036285705,5.432908666600021E-4
