label,c1,c2,c3
pis,0.13012957491176777,0.7341382008001952,0.13573222428803705
Class-4-753_0,0.07089954886901667,0.002561857799092219,0.9996075741061892
Class-32-486,2.7935971380546925E-5,0.0043912676520862365,0.02101327690583785
Class-9-599_0,0.004548099434960359,0.0056903422596574224,0.003316877360061097
Class-0-593_70,0.006764576123361545,0.0030614823990077113,0.002873785893682431
Class-41-591,0.005395156699599182,0.005244460369709025,0.0016027310969155338
Class-31-780_6,0.9906149563476242,0.9243546010152167,0.0012348918175118242
Class-24-596_54,0.005397085593853848,0.0047492060139084245,0.0016934791509870509
Class-36-788_30,0.005493562468585152,0.002738771529749054,0.0019284527218127426
