label,c1,c2,c3
pis,0.002891479185762368,0.9877457063953717,0.009362814418865885
Class-4-753_0,0.4951657596661761,0.008996684923992773,0.10674631290256767
Class-32-486,0.49532062398444465,0.010081406427100804,0.07070793389887899
Class-9-599_0,0.4958170899220839,0.006460706058673615,0.035337907301462385
Class-0-593_70,0.4956437073173451,0.0059415279672991,0.062154135582736976
Class-41-591,0.4956822019969452,0.0015699171646382786,0.03796917071280344
Class-31-780_6,0.12094183774890024,0.0023800108787535895,0.4346248044033515
Class-24-596_54,0.49576484075884764,0.003566430933152982,0.04283948373988234
Class-36-788_30,0.4958600172872427,0.0016091795562163168,0.05302715051056985
