label,c1,c2,c3
pis,0.9519203167922867,0.0022368908926244163,0.04584279231508894
Class-4-753_0,0.9716703016201779,0.4256070498321018,0.9964411286446633
Class-32-486,0.9168816156881783,0.005096309182603875,0.967111270187861
Class-9-599_0,2.1111492034005328E-4,0.0379971682754111,2.0072339469832452E-4
Class-0-593_70,2.201269847110675E-4,0.005691593058709332,2.751360835996094E-4
Class-41-591,1.0863046215303875E-4,0.005665383894405152,1.0266879270800271E-4
Class-31-780_6,0.0013756644138986133,0.08245834741026682,9.28435569735369E-5
Class-24-596_54,9.328920515477715E-5,0.005990502692109505,1.586531816491131E-4
Class-36-788_30,9.521837426259438E-5,0.005750538505985818,1.1770191645822354E-4
