label,c1,c2,c3
pis,0.5547383843143269,0.09519233164473806,0.35006928404093496
Class-4-753_0,0.08619440287124454,0.06510522779846667,0.9862463450381357
Class-32-486,0.07341090696120527,0.0351221738465673,0.9504157897395383
Class-9-599_0,0.007819033825122081,0.040596620415022454,0.023141368487716623
Class-0-593_70,0.009847418720068682,0.03767810214109018,0.008296310559416152
Class-41-591,0.011782875701082047,0.059306091568704936,0.016296454654299415
Class-31-780_6,0.865669180498791,0.0435045782180152,0.007144759700830701
Class-24-596_54,0.011787010440911017,0.02769134375594602,0.011134434805287636
Class-36-788_30,0.011965074904531223,0.032579758988340854,0.010056188715816107
