label,c1,c2,c3
pis,0.912133193922176,0.0071915590522649,0.0806752470255593
Class-4-753_0,0.9439705320213372,0.9015673526481293,0.9890533501335274
Class-32-486,0.8717840766149788,0.014432858327911285,0.9370609348611888
Class-9-599_0,0.001142191255655165,0.06981348366112793,0.0010953292297136302
Class-0-593_70,0.0011808327818692535,0.015740225942567264,0.0014100354096426837
Class-41-591,6.714398702684599E-4,0.015696487512779377,6.411470897719482E-4
Class-31-780_6,0.00510143236194884,0.12658174168352818,5.914634728807992E-4
Class-24-596_54,5.945217508009426E-4,0.016397940941391638,9.07648354900291E-4
Class-36-788_30,6.043780747365317E-4,0.015873168359774478,7.150094898514514E-4
