label,c1,c2,c3
pis,0.059185584740742196,5.469844220617529E-4,0.9402674308371962
Class-4-753_0,0.9998267563039573,0.6584666542264187,0.9999428190807433
Class-32-486,0.9953567128722108,0.0939399435017231,0.9816109935594388
Class-9-599_0,1.1978361810975903E-4,0.21644997358594614,2.6583837212953494E-4
Class-0-593_70,0.030791433236333828,0.2107373530380082,1.5235451025106522E-4
Class-41-591,0.019305370515847024,0.08665402291465099,7.077056724703808E-5
Class-31-780_6,0.004584572261344684,0.13779805210291565,2.477451271087602E-4
Class-24-596_54,0.016623586130462636,0.13916793507176367,3.0307843727205036E-4
Class-36-788_30,0.016673294885053615,0.18267985656691127,2.1502447797428336E-4
