label,c1,c2,c3
pis,0.5147790298234862,0.003474843386612711,0.48174612678990103
Class-4-753_0,0.9948818764079305,0.5633220957790535,0.9999185889585668
Class-32-486,0.011717059271379839,0.07247488635052952,0.008374044846892302
Class-9-599_0,5.082741693628373E-6,0.20189695663149668,0.0015885562746529708
Class-0-593_70,0.0018773337067517892,0.1708862242510357,0.006777362466631223
Class-41-591,5.667606574169864E-4,0.05615259817749689,4.263695386145084E-4
Class-31-780_6,0.0030808128779740737,0.10007082826352137,0.00439567696819934
Class-24-596_54,5.101823328684202E-4,0.10139195382196295,0.0034709172127642004
Class-36-788_30,5.000261048935168E-4,0.1427070344343834,0.0026617845813936224
