label,c1,c2,c3
pis,0.034485667594480664,0.0041022890338623845,0.9614120433716572
Class-4-753_0,0.042044122072525315,0.22953649581207258,6.659567248763269E-4
Class-32-486,0.05847280587404113,0.07566326749031194,0.0025609625776788726
Class-9-599_0,0.01938134895555613,0.14341938877213983,5.397659144866635E-4
Class-0-593_70,0.018935588958822122,0.07178391667793167,9.336812896860664E-4
Class-41-591,0.004102203880240535,0.03596463834423379,1.4238804284885982E-4
Class-31-780_6,0.008689782102263345,0.07181248762996802,9.41653157981356E-4
Class-24-596_54,0.003316706497344706,0.07300039020864647,0.0012188723204332873
Class-36-788_30,0.003330282839396602,0.11030042048530922,9.016900825749774E-4
