label,c1,c2,c3
pis,0.10886444851375386,0.8817033766978354,0.00943217478841105
Class-4-753_0,0.1435511114426388,0.04322197099775794,0.3477272486598429
Class-32-486,0.13567627040121838,0.0259152436949205,0.07997331094206418
Class-9-599_0,0.7778880534187482,0.9838901356291233,0.11160699271406953
Class-0-593_70,0.1197215628574424,5.141198471653934E-4,0.3403350939242256
Class-41-591,0.13098899120102697,0.01527565045243626,0.2841118159039799
Class-31-780_6,0.045011255568656636,0.0312038863871168,0.10483175831932182
Class-24-596_54,0.33266102526003205,0.028421892553500264,0.1116375527847515
Class-36-788_30,0.11839035945555108,0.9979416683063121,0.9346894631018839
