label,c1,c2,c3
pis,0.009954239546023733,0.031437716076428285,0.9586080443775482
Class-4-753_0,0.1425072098519551,0.12312707332109771,0.0040646560464907885
Class-32-486,0.16854301588313908,0.04848216832522248,0.012749902212037386
Class-9-599_0,0.0954026380594901,0.10675873177054811,0.006737349634231748
Class-0-593_70,0.09421379706096694,0.11549584955961772,0.010256689316509424
Class-41-591,0.041258807249317256,0.13141661202224605,0.0037138217384900174
Class-31-780_6,0.062177199649426675,0.15713998458140563,0.003588252931537693
Class-24-596_54,0.03670227611717535,0.05350625775489784,0.005196251015614024
Class-36-788_30,0.036790951629196864,0.09032410417605681,0.00472655314361136
