label,c1,c2,c3
pis,0.004074429487859599,0.009324229253439844,0.9866013412587005
Class-4-753_0,0.048430436785788525,0.05993641260583457,0.007548933287400553
Class-32-486,0.025927959063537148,0.16118041254414422,0.002509323863250625
Class-9-599_0,0.4958170899220839,0.21620076056854787,0.030767559913652605
Class-0-593_70,0.4956437073173451,0.3316311280715703,0.010505905361857349
Class-41-591,0.369656177379631,0.3886701780058452,0.09760210458110938
Class-31-780_6,0.35191104060184597,0.31955519227356105,0.0064578709962454135
Class-24-596_54,0.34578204195846407,0.13034429753027563,0.006019443893011685
Class-36-788_30,0.3953101300140729,0.1731869331255013,0.026143960878223575
