label,c1,c2,c3
pis,0.025367100280838346,0.23931237679630962,0.7353205229228521
Class-4-753_0,0.46572948714548373,0.37153302977335395,0.0233913040588427
Class-32-486,0.4494193370915333,0.020187525710477123,0.008968000815396582
Class-9-599_0,0.39830278268426816,0.08828156550881781,0.004034365869729951
Class-0-593_70,0.49538552830287064,0.012219191467056675,0.004975178803501842
Class-41-591,0.4956822019969452,0.06067188630491268,0.006169018896037394
Class-31-780_6,0.02653289113408168,0.1661698973958458,0.016378362535951894
Class-24-596_54,0.49576484075884764,0.024497200628228355,0.0032850703903802908
Class-36-788_30,0.4958600172872427,0.012468040327073174,0.003944684652725474
