label,c1,c2,c3
pis,0.0037043932846659903,0.11511550648550845,0.8811801002298253
Class-4-753_0,0.0022000179138251283,0.015366279009388611,0.03879997557266538
Class-32-486,0.007366024612073251,0.03120001809230386,0.018947241902835296
Class-9-599_0,0.4958170899220839,0.027933456108853554,0.030353757733294674
Class-0-593_70,0.4954887996210664,0.051382319581856344,0.0189239916286287
Class-41-591,0.4956822019969452,0.11448689158514733,0.020260752544376447
Class-31-780_6,0.9628969548180581,0.14254837445478064,0.010281258121196629
Class-24-596_54,0.49576484075884764,0.0716688745915247,0.01296604259657198
Class-36-788_30,0.4958600172872427,0.09643870543733862,0.018890979989216978
