label,c1,c2,c3
pis,0.07612067595780551,0.021641656967779366,0.9022376670744151
Class-4-753_0,0.9922207871341315,0.44622831126684626,0.08331705813119875
Class-32-486,0.2540844620193447,0.2571127589998084,0.025882506434408977
Class-9-599_0,0.06743026133962651,0.12374716659044137,0.0025467835048916636
Class-0-593_70,0.09788771507858196,0.40499423139610774,0.03448398272436381
Class-41-591,0.13463196527895407,0.14296052374845822,0.03335510184379277
Class-31-780_6,0.047546908145468636,0.12468747580948582,0.02864733220216661
Class-24-596_54,0.14081317148701525,0.19703185381741917,0.030937211800258536
Class-36-788_30,0.1389591425013134,0.2358738339019019,0.04253537532903156
