label,c1,c2,c3
pis,0.15326994937078547,0.084202692631272,0.7625273579979425
Class-4-753_0,0.016409570830666506,0.05557005498591403,0.015149029445698963
Class-32-486,1.5255021292275825E-4,0.005733297217196015,8.04874416149992E-6
Class-9-599_0,0.9316193313342672,0.7985537188563177,0.8232915847773755
Class-0-593_70,0.006647394038937089,0.02201135608057617,5.067220089222444E-4
Class-41-591,0.012317584397247068,0.007192260841269464,0.016703214863518695
Class-31-780_6,0.004979437660848678,0.021244281311662918,0.0038243923462248208
Class-24-596_54,0.00848084850618424,0.023299072946039192,0.004811708344885741
Class-36-788_30,0.011679336098110947,0.01540597187201536,0.012978270438052301
