label,c1,c2,c3
pis,0.004763734603645473,0.9668119182263903,0.02842434716996418
Class-4-753_0,0.019026492809751574,0.001981859515983845,0.028140221001126505
Class-32-486,0.0036890514395422256,4.013648437372329E-4,0.06266232366190255
Class-9-599_0,0.04505457233127483,5.85756198943313E-4,0.030539302800390508
Class-0-593_70,0.21763886093680013,0.9988785933796244,0.9968925191725855
Class-41-591,0.020870567562854117,0.0028564377016166848,0.0021330796098556933
Class-31-780_6,0.008817588523414297,0.002550423601669857,0.009129394614948721
Class-24-596_54,0.03227469433653007,0.001629850778049194,0.011000544807984814
Class-36-788_30,0.026887084242930463,0.002815921162006718,0.007288117760069273
