label,c1,c2,c3
pis,0.037442450468706284,0.10172938804930433,0.8608281614819895
Class-4-753_0,0.0045812880704442765,0.025016868279689894,0.9129220335063039
Class-32-486,1.8024283944506473E-4,0.019429827253481382,0.0020198752697849994
Class-9-599_0,0.03769567603914137,0.029297034205471483,0.0014654955079295815
Class-0-593_70,0.047401879947134115,0.011892505328610525,7.427775220206699E-4
Class-41-591,0.0416059797257666,0.012275803413654527,7.114725451867202E-4
Class-31-780_6,0.9754294412412299,0.12272287167188675,0.0014850723277760995
Class-24-596_54,0.0416198532651476,0.016696282018036367,8.47462212847347E-4
Class-36-788_30,0.04205443863311607,0.011357506602548124,0.0014644675237420108
