label,c1,c2,c3
pis,0.01322735817559981,3.426086950372404E-4,0.9864300331293628
Class-4-753_0,0.9993825093534628,0.5743998340968601,0.9999544756155166
Class-32-486,0.0500575333888553,0.0487770861072827,0.009656113326754782
Class-9-599_0,0.04147880906598283,0.16799104513503033,2.4967070839002656E-4
Class-0-593_70,0.018935588958822122,0.13726049477838503,5.930743124179738E-4
Class-41-591,0.004102203880240535,0.03596463834423379,7.038743132856244E-5
Class-31-780_6,0.0029392057682383174,0.07181248762996802,0.0018177558357677333
Class-24-596_54,0.003316706497344706,0.07300039020864647,8.724029270532133E-4
Class-36-788_30,0.003330282839396602,0.11030042048530922,5.902945894044949E-4
