label,c1,c2,c3
pis,0.1158792522784367,0.005615689172151824,0.8785050585494114
Class-4-753_0,0.9987678525832132,0.5633220957790535,0.9991504523832964
Class-32-486,0.08435274742886135,0.07247488635052952,0.005434980869583316
Class-9-599_0,3.379224828661504E-5,0.1794009429881881,2.4585875162893135E-4
Class-0-593_70,0.03273137382503612,0.1708862242510357,5.159551900599902E-4
Class-41-591,0.008924423695750363,0.05615259817749689,7.107303955328155E-5
Class-31-780_6,0.006715812397324958,0.10007082826352137,8.72949865740603E-4
Class-24-596_54,0.007444443217867932,0.10139195382196295,6.192304403609865E-4
Class-36-788_30,0.007470849673561879,0.1427070344343834,5.132396997185553E-4
