label,c1,c2,c3
pis,0.6551459896791685,0.2720126726677301,0.0728413376531015
Class-4-753_0,0.07689408404574889,0.36076542181534355,0.38129280728834775
Class-32-486,0.06421420391344133,0.08489978975295057,0.2528938433765248
Class-9-599_0,0.03898013494681868,0.04483970715477113,0.05621722971423996
Class-0-593_70,0.08266832371971893,0.07271450177640736,0.29418482239019206
Class-41-591,0.07465889167468899,0.14087692096823906,0.2691856614958928
Class-31-780_6,0.023506610432879747,0.14717164224630874,0.1419175960389233
Class-24-596_54,0.999752577968769,0.9994549524094725,0.1716244566799477
Class-36-788_30,0.047028313503484076,0.08100867842347917,0.175204851522754
