label,c1,c2,c3
pis,0.42250856581165525,0.4401559382709202,0.13733549591742444
Class-4-753_0,0.008722183112886502,0.039251613141636214,0.047995235922931014
Class-32-486,3.043176300437585E-4,0.007544454698663145,0.016450713204586305
Class-9-599_0,0.17101220351581897,0.002727384238419018,0.009448296644282097
Class-0-593_70,0.003684740877423131,0.014417397480352548,0.12533122579449613
Class-41-591,0.005159817723637156,0.00817307653203887,0.05419474267154906
Class-31-780_6,0.0027610693270109727,0.05760056449811086,0.01715986675878223
Class-24-596_54,0.02450068651729852,0.012478126611912358,0.016690274855881114
Class-36-788_30,0.004343304448331531,0.020403438798729658,0.03827563564705808
