label,c1,c2,c3
pis,0.008828948175986485,0.9822864599983672,0.00888459182564614
Class-4-753_0,0.9910602600899728,0.9939660895579141,0.4948969932820045
Class-32-486,0.49532062398444465,0.01599603448865009,0.49454366535721944
Class-9-599_0,0.4958170899220839,0.034051816641654825,0.49387677006585257
Class-0-593_70,0.4956437073173451,0.01940821820903098,0.4945578278170471
Class-41-591,0.4956822019969452,0.03587438258457976,0.434439348344093
Class-31-780_6,0.23990122960512908,0.020559042738715245,0.49410320546586056
Class-24-596_54,0.49576484075884764,0.036773316493742755,0.49394966837965953
Class-36-788_30,0.4958600172872427,0.03236568924161586,0.4941133568353166
