label,c1,c2,c3
pis,3.2275899810339E-4,0.9907164019748236,0.00896083902707333
Class-4-753_0,0.9910602600899728,0.9819241479034145,0.1389733042294486
Class-32-486,0.49532062398444465,0.0024265131550742112,0.07629628628379168
Class-9-599_0,0.4958170899220839,0.0013807594571874752,0.05013064902211178
Class-0-593_70,0.4956437073173451,5.680838922750433E-4,0.05509008859254604
Class-41-591,0.4956822019969452,0.0051265865717669,0.026465377264014104
Class-31-780_6,0.15414689996650985,0.0015991963131911878,0.14854466179839773
Class-24-596_54,0.49576484075884764,0.004671094866357947,0.06499867351887456
Class-36-788_30,0.4958600172872427,0.003444161174690627,0.07769755878065276
