label,c1,c2,c3
pis,0.05049697655572286,0.006739292930712916,0.9427637305135642
Class-4-753_0,0.9872653354752866,0.9204947643140309,0.9890533501335274
Class-32-486,0.9843723088519336,0.012173596418781263,0.8943524561074898
Class-9-599_0,0.0775393238737802,0.21779505595371948,0.0010953292297136302
Class-0-593_70,0.059317238432557526,0.04563478820995102,0.0014100354096426837
Class-41-591,0.041258807249317256,0.041233451467661476,5.115385358927558E-4
Class-31-780_6,0.00510143236194884,0.12658174168352818,3.1857800887034855E-4
Class-24-596_54,0.03670227611717535,0.04772393127886987,5.77289371733749E-4
Class-36-788_30,0.036790951629196864,0.04187821245388712,5.78654003643066E-4
