label,c1,c2,c3
pis,0.026013926970747437,0.001490740467860276,0.9724953325613923
Class-4-753_0,0.044887173404438006,0.07549472184948373,0.00764736494253559
Class-32-486,0.05847280587404113,0.07566326749031194,0.012814105535060025
Class-9-599_0,0.024260580266600582,0.1523026259554554,0.005026431154543216
Class-0-593_70,0.018935588958822122,0.13726049477838503,0.010010885197372804
Class-41-591,0.004102203880240535,0.03596463834423379,0.0031489577712932133
Class-31-780_6,0.008689782102263345,0.07181248762996802,0.009697260103909535
Class-24-596_54,0.003316706497344706,0.07300039020864647,0.011008154942024943
Class-36-788_30,0.003330282839396602,0.11030042048530922,0.0019870771996986455
