label,c1,c2,c3
pis,0.9414914878870069,0.03776567587530293,0.020742836237690094
Class-4-753_0,0.004467167854880615,0.13374605421519775,0.03194314106831594
Class-32-486,9.598779524977121E-5,0.021985647158589566,0.02203967400463023
Class-9-599_0,0.05288848893300895,0.17645891555357682,0.017670666995696714
Class-0-593_70,0.0016631877835823004,0.04269826609147036,0.09820498007703245
Class-41-591,0.0024459269989969747,0.017169377525108855,0.04570466667568736
Class-31-780_6,0.0011949564991666967,0.06688692764383422,0.021129458124025762
Class-24-596_54,0.014655879586127579,0.04772393127886987,0.02150983862941628
Class-36-788_30,0.002007618204448096,0.028707607229707312,0.0370363979063094
