label,c1,c2,c3
pis,0.09668965410971757,0.3577787662691683,0.5455315796211141
Class-4-753_0,0.013967426176696855,0.0021304047239261584,0.012368168793342908
Class-32-486,0.02032334691970901,0.004180419127555887,2.1351263482978483E-4
Class-9-599_0,0.7818675855511675,0.30332581523108587,0.6889917968869804
Class-0-593_70,0.4271765998117006,0.12903346979903962,5.174354159745942E-4
Class-41-591,0.16564359395070397,0.16350554095183012,0.16345071579490267
Class-31-780_6,0.14311811805681032,0.012008137479018117,0.01047873323014826
Class-24-596_54,0.2916275867107388,0.016446312552603426,0.010020085042114133
Class-36-788_30,0.2663622959708688,0.026761687745846585,0.032572050768625765
