label,c1,c2,c3
pis,0.008577498936456679,0.7974624121868308,0.1939600888767125
Class-4-753_0,0.02455116976908213,0.0031708348391426646,0.014480674910338682
Class-32-486,0.06861275840362098,2.7672943239931706E-4,0.009343726709626347
Class-9-599_0,0.07567501603616952,0.006478284626110714,0.004022940507876171
Class-0-593_70,0.13038797123428217,0.006382024985362507,0.03132677109418357
Class-41-591,0.03553584662078388,0.9920686036329103,0.8837093682280065
Class-31-780_6,0.011648558529645508,0.0033216968706925947,0.0024211752275461137
Class-24-596_54,0.0553210452631613,0.001688123335699234,0.002259378845750302
Class-36-788_30,0.055960501891678116,0.002421652823575937,0.006407110363255512
