label,c1,c2,c3
pis,0.7465659019435785,0.0331436980129172,0.22029040004350428
Class-4-753_0,0.9966829227168437,0.6061507606007572,0.9989112412063164
Class-32-486,0.9896113623409013,0.18639565333609184,0.9945540384998629
Class-9-599_0,0.002911904007271378,0.02024594002535243,0.0036811132599730303
Class-0-593_70,0.003637591709339718,0.03235637301175266,7.499724290310031E-4
Class-41-591,0.005395156699599182,0.023282803383749173,0.001055619967246797
Class-31-780_6,0.005697600635489939,0.012398747272584464,0.0035402369636965644
Class-24-596_54,0.005397085593853848,0.030012823666715434,0.0024922738836366917
Class-36-788_30,0.005493562468585152,0.02864223726615444,0.002378282382872994
