label,c1,c2,c3
pis,0.0015869049927599757,0.0023334044570125076,0.9960796905502275
Class-4-753_0,0.9998927109502584,0.627303300348467,0.9999188916960758
Class-32-486,0.9998509177484908,0.08927639195919548,0.9980795414002649
Class-9-599_0,0.3649865865917439,0.027440622963802147,0.0012097590401311247
Class-0-593_70,0.31715219219005664,0.010568096546921582,1.7875519879926576E-4
Class-41-591,0.4956822019969452,0.10030348332189849,2.695211268059412E-4
Class-31-780_6,0.023975261958188276,0.014576151097262076,0.0011540762218349657
Class-24-596_54,0.49576484075884764,0.10714837999544809,7.568135153817341E-4
Class-36-788_30,0.4958600172872427,0.08694077298792555,7.153056744133749E-4
