label,c1,c2,c3
pis,0.018076998447201374,0.5383093341627037,0.443613667390095
Class-4-753_0,0.4951657596661761,0.2919911433490203,0.04176647805889035
Class-32-486,0.49532062398444465,0.24970198583081024,0.029955400816762803
Class-9-599_0,0.4958170899220839,0.005110026594544184,0.06231194706416729
Class-0-593_70,0.9422391414710805,0.9999841975977066,0.9992942320618811
Class-41-591,0.4956822019969452,0.14466429197426245,0.016779213210448014
Class-31-780_6,0.4960425879576517,0.14329219273161317,0.062155027136953755
Class-24-596_54,0.49576484075884764,0.15200085192181473,0.05033718766352236
Class-36-788_30,0.4958600172872427,0.4888912496268452,0.03406508503783903
