label,c1,c2,c3
pis,0.18521950214217336,0.005783072105844908,0.8089974257519816
Class-4-753_0,0.9872653354752866,0.976736561850438,0.9910445765410185
Class-32-486,0.9864856807089821,0.11499472857596887,0.9607364198468487
Class-9-599_0,0.0775393238737802,0.24133342347624437,0.003878182141227972
Class-0-593_70,0.05936335830758976,0.2501998375661912,0.0033038622568502722
Class-41-591,0.041258807249317256,0.08165172758066422,0.0013567967466600625
Class-31-780_6,0.017130938650378968,0.18679632432547122,0.0018783915424317125
Class-24-596_54,0.03670227611717535,0.18807259150898673,0.0027139458078382583
Class-36-788_30,0.036790951629196864,0.23083444929358474,0.0026551498802093476
