label,c1,c2,c3
pis,0.7925511870764484,0.2020645623210658,0.005384250602485606
Class-4-753_0,0.0389877105835058,6.698153572740566E-4,0.4948969932820045
Class-32-486,0.03410147385639667,0.003958745012191478,0.49454366535721944
Class-9-599_0,0.03691062170651056,0.021539548062487614,0.45564639251552397
Class-0-593_70,0.0477242111951285,0.3679461202308463,0.5592896078599117
Class-41-591,0.06485023548878427,0.037577216545714116,0.33088113309900874
Class-31-780_6,0.04280311089458503,4.8662570408642233E-4,0.49410320546586056
Class-24-596_54,0.08716074954810926,0.016660318337248528,0.49394966837965953
Class-36-788_30,0.17129287988904987,0.013654267726754333,0.4941133568353166
