label,c1,c2,c3
pis,0.4935253242589541,0.4944864403936595,0.011988235347386316
Class-4-753_0,0.0041595942731204065,0.011609898032453908,0.06768116756092163
Class-32-486,0.009922387818076054,0.010821733556577838,0.16663255737294388
Class-9-599_0,0.011011349584139393,7.720088430849173E-4,0.00860635522537003
Class-0-593_70,0.07372551418531592,0.9986002133614216,0.9962541289994186
Class-41-591,0.0025922333853553928,0.002651927653959328,0.010552971148227406
Class-31-780_6,0.003287389371787605,0.0050441130368338,0.10611520626505067
Class-24-596_54,0.0315702335157516,0.015725454229058803,0.09882255448318247
Class-36-788_30,0.0027469568580021806,0.025659412096879983,0.05103227211660506
