label,c1,c2,c3
pis,0.9044385315369222,0.09414648822952545,0.0014149802335526583
Class-4-753_0,0.002201905280118774,0.010522781942556016,0.15592901685420732
Class-32-486,0.0036308254063018787,0.001674428125551016,0.12953999660183332
Class-9-599_0,0.001259406375390257,0.02152437650842386,0.016458329272874925
Class-0-593_70,0.007299552447293631,0.03455009697523814,0.33141787740037004
Class-41-591,0.0010112277788636246,0.005522465987207316,0.03356427429278796
Class-31-780_6,2.2410061233248195E-4,0.0032671944203532914,0.0604937040929248
Class-24-596_54,0.9894723495242628,0.9892456435750614,0.06012334864165614
Class-36-788_30,0.001164710319354366,0.0030515292443631706,0.05642307895664191
