label,c1,c2,c3
pis,0.05687699210478907,0.29981949837402044,0.6433035095211904
Class-4-753_0,0.0010496828697437596,0.007928636104960285,0.09752548829116908
Class-32-486,0.46698875587173994,0.09179008643025724,0.9925704762853406
Class-9-599_0,0.4073894841040026,0.023227780337925094,0.06528662694262452
Class-0-593_70,0.373537924521395,0.04269521401195149,0.05610055906482619
Class-41-591,0.4956822019969452,0.04874310898950336,0.05048590620214241
Class-31-780_6,0.9766329611451205,0.9072569775277739,0.09244819699679226
Class-24-596_54,0.49576484075884764,0.04535660919839132,0.03390997924763197
Class-36-788_30,0.4958600172872427,0.03387535393567799,0.037241715652933105
