label,c1,c2,c3
pis,0.380521927289838,0.4771597378163695,0.1423183348937925
Class-4-753_0,0.07825624353356626,0.16543481484096012,0.028629251373009174
Class-32-486,0.04825256586729977,0.01797995231994341,0.010719565385663238
Class-9-599_0,0.008034813406363039,0.02328729205597208,0.00499961931476095
Class-0-593_70,0.009149272618295073,0.008330174471218702,0.017495161358362064
Class-41-591,0.004138071362658071,0.006406808552046537,0.0026904376885854187
Class-31-780_6,0.010556147387333115,0.025521894615583997,0.008545710510045325
Class-24-596_54,0.003778644044804018,0.010366335004560166,0.005448638217872052
Class-36-788_30,0.0038257423148027095,0.008604735559432876,0.007066447973742557
