label,c1,c2,c3
pis,0.305001302221952,0.043193184367477634,0.6518055134105702
Class-4-753_0,0.0045305577152970344,0.01920529638153957,0.909610051886257
Class-32-486,0.01334328671612075,0.03512095759520153,0.23826672309825134
Class-9-599_0,0.006521220799390255,0.03583384151159131,0.004182972496166823
Class-0-593_70,0.0063733929471987355,0.019428131094301776,0.002898415922192461
Class-41-591,0.007798375413227812,0.017047463370048702,0.0028419937053047015
Class-31-780_6,0.8773158637395888,0.7924401071525684,0.0023983351728401312
Class-24-596_54,0.008055352316292248,0.024473441475621433,0.0023174733282656
Class-36-788_30,0.008078073414050344,0.018266149152666236,0.002518548914857367
